Filename,WaterLevel,VA,RB,OB,PF,DE,FS,IS,RO,IN,AF,BE,FO,GR,PH,PB,OS,OP,OK,ND,Defect
00000084.png,0,0,0,0,1,1,0,0,0,0,0,0,0,1,0,0,0,0,0,0,1
00000175.png,20,0,0,1,0,0,1,0,1,0,0,0,0,0,0,0,0,0,0,0,1
00000419.png,0,0,0,0,0,0,0,0,0,0,0,0,0,0,0,0,0,0,0,1,0
00000565.png,0,0,0,0,0,0,0,0,0,0,0,0,0,0,0,0,0,0,0,1,0
00000575.png,0,0,0,0,0,0,0,0,0,0,0,0,0,0,0,0,0,0,0,1,0
00000612.png,0,0,0,0,0,0,0,0,0,0,0,0,0,0,0,0,0,0,0,1,0
00000695.png,0,0,0,0,0,0,0,0,0,0,0,0,0,0,0,0,0,0,0,1,0
00000701.png,0,0,0,0,0,0,0,0,0,0,0,0,0,0,0,0,0,0,0,1,0
00000761.png,0,0,0,0,0,0,0,0,0,0,0,0,0,0,0,0,0,0,0,1,0
00000789.png,0,0,0,0,1,0,0,0,0,0,0,1,0,0,0,0,0,0,0,0,1
00000841.png,30,0,0,0,0,0,0,0,0,0,0,0,0,0,0,0,0,0,0,1,0
00000883.png,0,0,0,0,0,0,0,0,0,0,0,0,0,0,0,0,0,0,0,1,0
00000897.png,0,0,0,0,1,0,0,0,0,0,0,1,0,0,0,0,0,0,0,0,1
00001100.png,0,0,0,0,0,0,0,0,0,0,0,0,0,0,0,0,0,0,0,1,0
00001285.png,10,1,0,0,0,0,0,0,0,0,0,0,0,0,0,0,0,0,0,0,0
00001313.png,0,1,0,0,0,0,0,0,0,0,0,0,0,0,0,0,0,0,1,0,1
00001469.png,0,1,0,0,0,0,0,0,0,0,0,0,0,0,0,0,0,0,0,0,0
00001544.png,0,0,0,0,0,0,0,0,0,0,0,0,0,0,0,0,0,0,0,1,0
00001780.png,0,0,0,0,0,0,0,0,0,0,0,0,0,0,0,0,0,0,0,1,0
00002207.png,10,1,0,0,0,0,0,0,0,0,0,0,0,0,0,0,0,0,0,0,0
00002494.png,10,1,0,1,0,0,1,0,0,0,0,0,0,0,0,0,0,0,0,0,1
00002745.png,10,0,0,1,0,0,0,0,0,0,0,0,0,0,0,0,0,0,1,0,1
00002791.png,0,0,0,0,0,0,0,0,0,0,0,0,0,0,0,0,0,0,0,1,0
00002919.png,0,0,0,0,0,0,0,0,0,0,0,0,0,0,0,0,0,0,0,1,0
00002961.png,0,0,0,0,0,0,0,0,0,0,0,0,0,0,0,0,0,0,0,1,0
00002966.png,0,0,0,0,0,0,0,0,0,0,0,0,0,0,0,0,0,0,0,1,0
00003156.png,0,1,0,0,0,0,1,0,0,0,1,0,0,1,0,0,0,0,0,0,1
00003401.png,0,0,0,0,0,0,1,0,0,0,0,0,0,1,0,0,0,0,0,0,1
00003515.png,10,0,0,0,0,0,1,0,0,0,0,0,0,1,0,0,0,0,0,0,1
00003749.png,10,1,0,0,0,0,0,0,0,0,1,0,0,0,0,0,0,0,0,0,1
00003819.png,0,0,1,1,0,0,1,0,0,0,0,0,0,0,0,0,0,0,0,0,1
00003875.png,0,0,0,1,0,0,1,0,0,0,0,0,0,0,0,0,0,0,0,0,1
00003886.png,10,1,0,0,0,0,1,0,0,0,0,0,0,0,1,0,0,0,0,0,1
00003905.png,0,0,0,1,0,0,1,0,0,0,0,0,0,1,0,0,0,0,0,0,1
00003913.png,0,0,1,1,0,0,1,0,0,0,0,0,0,0,0,0,0,0,0,0,1
00003931.png,0,0,0,0,0,0,1,1,0,0,0,0,0,1,0,0,0,0,0,0,1
00004029.png,10,0,0,1,0,0,1,0,0,0,1,1,0,0,1,0,0,0,0,0,1
00004061.png,10,0,0,1,0,0,1,0,0,0,0,0,0,0,0,0,0,0,0,0,1
00004176.png,20,1,0,1,0,0,1,0,0,0,0,1,0,0,1,0,0,0,0,0,1
00004185.png,10,0,0,1,0,0,1,0,0,0,0,1,0,0,0,0,0,0,0,0,1
00004742.png,0,0,0,0,0,0,0,0,0,0,0,0,0,0,0,0,0,0,0,1,0
00004792.png,0,0,0,0,0,0,1,0,0,0,0,0,0,0,0,0,0,0,0,0,1
00004802.png,0,0,0,1,0,0,1,0,0,0,0,0,0,0,0,0,0,0,0,0,1
00004891.png,0,1,0,0,0,0,0,0,0,0,0,0,0,0,0,0,0,0,1,0,1
00004963.png,10,1,0,0,0,0,0,0,0,0,0,0,0,0,0,0,0,0,0,0,0
00005000.png,10,1,0,0,0,0,0,0,0,0,0,0,0,0,0,0,0,0,0,0,0
00005188.png,0,1,1,0,0,0,0,0,0,0,0,0,0,0,0,1,0,0,0,0,1
00005458.png,10,0,0,0,0,0,0,0,0,0,0,0,0,0,0,0,0,0,0,1,0
00005713.png,10,0,1,1,0,0,1,0,0,0,0,1,0,0,1,0,0,0,0,0,1
00005804.png,10,0,0,1,0,0,1,0,0,0,0,0,0,0,0,0,0,0,0,0,1
00006016.png,10,0,1,1,0,0,1,0,0,0,0,0,0,0,1,0,0,0,0,0,1
00006109.png,10,0,0,1,0,0,1,0,0,0,0,0,0,0,0,0,0,0,0,0,1
00006119.png,10,0,0,1,0,0,1,0,0,0,0,0,0,0,0,0,0,0,0,0,1
00006186.png,50,1,0,0,0,0,1,0,0,0,0,1,0,0,0,0,0,0,0,0,1
00006203.png,10,0,1,1,0,0,1,0,0,0,0,0,0,0,1,0,0,0,0,0,1
00006217.png,10,1,1,1,0,0,1,0,0,0,0,0,0,0,0,0,0,0,0,0,1
00006270.png,10,0,0,1,0,0,1,0,0,0,0,0,0,0,0,0,0,0,0,0,1
00006314.png,10,0,0,0,0,0,0,0,0,0,0,0,0,0,0,0,0,0,0,1,0
00006407.png,10,1,0,0,0,0,0,0,0,0,1,0,0,1,0,0,0,0,0,0,1
00006522.png,10,0,0,1,0,0,1,0,0,0,0,0,0,0,0,0,0,0,0,0,1
00006587.png,0,1,0,0,0,0,0,0,0,0,0,0,0,0,0,0,0,0,1,0,1
00006683.png,0,0,0,1,0,0,0,0,0,0,1,0,0,0,0,0,0,0,1,0,1
00006833.png,0,0,0,1,0,0,1,0,0,0,0,0,0,0,0,0,0,0,0,0,1
00007001.png,10,1,0,1,0,0,1,0,0,0,0,0,0,0,0,0,0,0,1,0,1
00007024.png,10,0,1,1,0,0,1,0,0,0,1,0,0,1,0,0,0,0,0,0,1
00007148.png,10,0,0,0,0,0,0,0,0,0,0,0,0,0,0,0,0,0,0,1,0
00007158.png,10,1,0,0,0,0,0,0,0,0,0,0,0,0,0,0,0,0,0,0,0
00007211.png,0,1,0,0,0,0,1,0,0,0,0,0,0,0,0,0,0,0,1,0,1
00007309.png,0,1,1,0,0,0,1,0,0,0,0,0,0,0,0,0,0,0,1,0,1
00007324.png,0,1,0,0,0,0,0,0,0,0,0,0,0,0,0,0,0,0,1,0,1
00007965.png,0,1,0,0,0,0,1,0,0,0,0,0,0,0,0,0,0,0,0,0,1
00007981.png,0,1,0,1,0,0,1,0,0,0,0,0,0,0,0,0,0,0,0,0,1
00008018.png,0,1,0,0,0,0,1,0,0,0,0,0,0,0,0,0,0,0,0,0,1
00008560.png,0,1,0,0,0,0,1,0,0,0,0,0,0,0,0,0,0,0,1,0,1
00008658.png,0,0,0,0,0,0,1,0,0,0,0,0,0,0,0,0,0,0,1,0,1
00008794.png,0,0,0,0,0,0,1,0,1,0,0,0,0,0,0,0,0,0,0,0,1
00009077.png,10,0,0,1,0,0,1,0,0,0,0,0,0,0,0,0,0,0,0,0,1
00009144.png,10,0,0,1,0,0,1,0,0,0,0,0,0,1,0,0,0,0,0,0,1
00009170.png,0,0,0,0,0,0,1,0,0,0,0,0,0,1,0,0,0,0,1,0,1
00009275.png,10,0,0,0,0,0,0,0,0,0,0,0,0,0,0,0,0,0,0,1,0
00009688.png,10,0,0,0,0,0,1,0,0,0,0,0,1,0,0,0,0,0,0,0,1
00009728.png,10,0,0,1,0,0,1,0,0,0,0,0,0,1,0,0,0,0,0,0,1
00009735.png,10,0,1,1,0,0,1,0,0,0,0,0,0,0,1,0,0,0,0,0,1
00009803.png,0,1,0,0,0,0,1,0,0,0,0,0,0,0,0,0,0,0,0,0,1
00009841.png,10,0,0,1,0,0,1,0,0,0,0,0,0,0,0,0,0,0,0,0,1
00010887.png,20,0,0,0,0,0,0,0,0,0,0,0,0,0,0,0,0,0,0,1,0
00011273.png,10,0,0,1,0,0,1,0,0,0,0,1,0,0,0,0,0,0,0,0,1
00012101.png,0,1,0,0,0,0,0,0,0,0,0,0,0,0,0,0,0,0,1,0,1
00012446.png,10,0,0,1,0,0,1,0,0,0,0,0,0,0,0,0,0,0,0,0,1
00012494.png,10,1,0,0,0,0,1,0,0,0,0,0,0,0,0,0,0,0,1,0,1
00012499.png,10,0,0,1,0,0,1,0,1,0,0,0,0,0,0,0,0,0,0,0,1
00012834.png,10,0,0,0,0,0,0,0,0,0,0,0,0,0,0,0,0,0,0,1,0
00012843.png,10,1,0,0,0,0,1,0,0,0,1,0,0,0,0,0,0,0,0,0,1
00012870.png,0,1,0,0,0,0,1,0,0,0,0,0,0,0,0,0,0,0,1,0,1
00012897.png,10,0,0,0,0,0,0,0,0,0,0,0,0,0,0,0,0,0,0,1,0
00012951.png,0,1,0,0,0,0,1,0,0,0,0,0,0,0,0,0,0,0,1,0,1
00012960.png,0,1,0,0,0,0,1,0,0,0,1,0,0,0,0,0,0,0,0,0,1
00013189.png,10,0,1,1,0,0,1,0,0,0,0,1,0,0,1,0,0,0,0,0,1
00013350.png,0,0,0,0,0,0,1,1,0,0,0,0,0,0,0,0,0,0,0,0,1
00013357.png,0,1,0,0,0,0,1,1,0,0,0,0,0,0,0,0,0,0,1,0,1
00013384.png,0,1,0,0,0,0,1,1,0,0,0,0,0,0,0,0,0,0,1,0,1
00013480.png,0,0,0,0,0,0,1,0,0,0,0,0,0,0,0,0,0,0,1,0,1
00013613.png,0,1,0,1,0,0,1,0,0,0,1,0,0,0,0,0,0,0,1,0,1
00013742.png,0,1,0,0,0,0,1,0,0,0,0,0,0,0,0,0,0,0,1,0,1
00014023.png,0,0,0,0,0,0,0,0,0,0,0,0,0,0,0,0,0,0,0,1,0
00014247.png,10,0,0,1,0,0,0,0,0,0,0,0,0,0,1,0,0,0,0,0,1
00014248.png,10,0,0,1,0,0,0,0,0,0,0,0,0,0,1,0,0,0,0,0,1
00014339.png,0,0,0,1,0,0,1,0,0,0,0,0,0,0,0,0,0,0,1,0,1
00014395.png,0,0,0,1,0,0,1,0,0,0,0,0,0,0,0,0,0,0,1,0,1
00014864.png,0,1,0,1,0,0,1,0,0,0,0,0,0,0,0,0,0,0,1,0,1
00015311.png,0,1,0,0,0,0,0,0,0,0,0,0,0,0,0,0,0,0,1,0,1
00015344.png,10,1,0,0,0,0,0,0,0,0,0,0,0,0,0,0,0,0,0,0,0
00015422.png,0,1,0,0,0,0,0,0,0,0,0,0,0,0,0,0,0,0,1,0,1
00015593.png,0,1,0,0,0,0,0,0,0,0,0,0,0,0,0,0,0,0,0,0,0
00015661.png,20,0,0,0,0,0,0,0,0,0,0,0,0,0,0,0,0,0,0,1,0
00015709.png,20,0,0,1,0,0,1,0,0,0,0,1,0,0,0,0,0,0,0,0,1
00015972.png,30,0,0,1,0,0,1,0,0,0,0,0,0,0,0,0,0,0,0,0,1
00016148.png,20,0,0,0,0,0,0,0,0,0,0,1,0,0,0,0,0,0,0,0,1
00016441.png,0,0,0,1,0,0,1,0,0,0,0,0,0,0,0,0,0,0,0,0,1
00016452.png,10,1,0,0,0,0,1,0,0,0,0,0,0,0,0,0,0,0,1,0,1
00016488.png,10,1,0,0,0,1,1,0,0,0,0,0,0,1,0,0,0,0,1,0,1
00016627.png,0,1,0,0,0,0,1,0,0,0,0,0,0,0,0,0,0,0,1,0,1
00016747.png,0,1,0,0,0,0,0,0,0,0,0,0,0,0,0,0,0,0,1,0,1
00016778.png,30,1,0,1,0,0,0,0,0,0,0,0,0,0,0,0,0,0,0,0,1
00016821.png,0,0,1,1,0,0,1,0,0,0,0,0,0,0,0,0,0,0,0,0,1
00016851.png,0,1,1,1,0,0,0,0,0,0,0,0,1,0,0,0,0,0,1,0,1
00016945.png,0,1,0,1,0,0,1,0,0,0,1,0,0,0,0,0,0,0,1,0,1
00017038.png,10,0,0,0,0,0,0,0,0,0,0,0,0,0,0,0,0,0,0,1,0
00017049.png,10,0,0,0,0,0,0,0,0,0,0,0,0,0,0,0,0,0,0,1,0
00017084.png,10,0,0,0,0,0,0,0,0,0,0,0,0,0,0,0,0,0,0,1,0
00017100.png,0,0,0,0,0,0,0,0,0,0,0,0,0,0,0,0,0,0,1,0,1
00017139.png,10,0,0,0,0,0,0,0,0,0,0,0,0,0,0,0,0,0,0,1,0
00017201.png,10,1,0,0,0,0,0,0,0,0,0,0,0,0,1,0,0,0,0,0,1
00017214.png,10,0,0,0,0,0,0,0,0,0,0,0,0,0,0,0,0,0,0,1,0
00017231.png,0,1,1,0,0,0,0,0,0,0,1,0,0,0,0,0,0,0,0,0,1
00017255.png,10,0,0,1,0,0,1,0,0,0,1,0,0,0,0,0,0,0,0,0,1
00017333.png,0,0,0,1,0,0,1,0,0,0,1,0,0,0,0,0,0,0,0,0,1
00017395.png,10,0,0,1,0,0,1,0,0,0,0,1,0,0,0,0,0,0,0,0,1
00017581.png,2,1,0,1,0,0,0,0,0,0,0,0,0,0,0,0,0,0,0,0,1
00018018.png,60,1,0,0,0,0,1,0,0,0,0,0,0,0,0,0,0,0,1,0,1
00018079.png,10,1,0,0,0,0,0,0,0,0,0,0,0,0,0,0,0,0,0,0,0
00018229.png,0,1,1,0,0,0,0,0,0,0,0,0,0,0,0,0,0,0,1,0,1
00018314.png,0,0,0,0,0,0,1,0,0,0,0,0,0,0,0,0,0,0,0,0,1
00018331.png,20,1,0,0,0,0,1,0,0,0,0,0,0,0,0,0,0,0,1,0,1
00018902.png,30,1,0,0,0,0,1,0,0,0,0,0,0,0,0,0,0,0,0,0,1
00019066.png,10,0,0,0,0,1,0,0,0,0,0,0,0,1,0,0,0,0,0,0,1
00019483.png,0,0,0,0,0,0,0,0,0,0,0,0,0,0,0,0,0,0,0,1,0
00019556.png,0,1,0,0,0,0,0,0,0,0,0,0,0,0,0,0,0,0,0,0,0
00020124.png,10,0,0,0,0,0,0,0,0,0,0,0,0,1,0,0,0,0,1,0,1
00020174.png,0,1,0,0,0,0,0,0,0,0,1,0,0,0,0,0,0,0,0,0,1
00020296.png,0,1,0,0,0,0,1,0,0,0,0,0,0,0,0,0,0,0,1,0,1
00020412.png,10,0,0,0,0,1,0,0,0,0,0,0,0,0,0,0,0,0,0,0,1
00020471.png,10,0,0,0,0,0,0,0,0,0,0,0,0,0,0,0,0,0,0,1,0
00020598.png,0,0,0,0,0,0,1,0,0,0,0,0,0,0,0,0,0,0,0,0,1
00020614.png,10,0,0,0,0,0,0,0,0,0,0,0,0,0,0,0,0,0,0,1,0
00020768.png,10,0,0,1,0,0,1,0,0,0,0,0,0,1,0,0,0,0,0,0,1
00020798.png,10,0,0,0,0,0,0,0,0,0,0,0,0,0,0,0,0,0,0,1,0
00020827.png,30,0,0,0,0,0,0,0,0,0,0,0,0,0,0,0,0,0,0,1,0
00020969.png,10,0,0,1,0,0,1,0,0,1,0,0,0,0,0,0,0,0,0,0,1
00020975.png,10,0,0,1,0,0,1,0,0,0,0,1,0,0,0,0,0,0,0,0,1
00021053.png,40,0,0,0,0,0,0,0,0,0,0,0,0,0,0,0,0,0,0,1,0
00021168.png,20,0,0,0,0,0,0,0,0,0,0,0,0,0,0,0,0,0,0,1,0
00021407.png,10,0,0,0,0,0,0,0,0,0,0,0,0,0,0,0,0,0,0,1,0
00021925.png,10,0,0,1,0,0,1,0,0,0,0,0,0,0,0,0,0,0,0,0,1
00022025.png,10,0,0,0,0,0,0,0,0,0,0,0,0,0,0,0,0,0,0,1,0
00022234.png,10,0,0,0,0,0,0,0,0,0,0,0,0,0,0,0,0,0,0,1,0
00022272.png,10,0,0,0,0,0,0,0,0,0,0,0,0,0,0,0,0,0,0,1,0
00022279.png,10,0,0,0,0,0,0,0,0,0,0,0,0,0,0,0,0,0,0,1,0
00022472.png,5,0,0,0,0,0,1,0,0,0,0,0,0,1,0,0,0,0,0,0,1
00022474.png,5,0,0,0,0,0,1,0,0,0,0,0,0,1,0,0,0,0,0,0,1
00022485.png,20,1,0,1,0,0,1,0,0,0,0,0,0,0,0,0,0,0,0,0,1
00022596.png,10,0,0,0,0,0,0,0,0,0,0,0,0,0,0,0,0,0,0,1,0
00022798.png,10,0,0,0,0,0,1,0,0,0,0,0,0,0,0,0,0,0,1,0,1
00022863.png,0,1,1,0,0,0,1,0,0,0,0,0,0,0,0,0,0,0,1,0,1
00023139.png,0,1,0,0,0,0,0,0,0,0,0,0,0,0,0,0,0,0,1,0,1
00023164.png,0,1,0,0,0,0,1,0,0,0,0,0,0,0,0,0,0,0,1,0,1
00023243.png,0,1,0,0,0,0,1,0,0,0,0,0,0,0,0,0,0,0,1,0,1
00023436.png,30,1,0,0,0,0,1,0,0,0,0,1,0,0,0,0,0,0,1,0,1
00023580.png,10,1,0,0,0,0,1,0,0,0,0,0,0,0,0,0,0,0,0,0,1
00023639.png,30,1,0,0,0,0,0,0,0,0,0,0,0,0,0,0,0,0,0,0,0
00023723.png,20,0,0,1,0,0,1,0,0,0,0,1,0,0,0,0,0,0,0,0,1
00023819.png,0,1,0,0,0,0,1,0,0,0,1,1,0,0,0,0,0,0,1,0,1
00023866.png,0,1,0,0,0,0,1,0,0,0,1,1,0,0,0,0,0,0,1,0,1
00024104.png,10,0,0,0,0,0,1,0,0,0,1,0,0,0,0,0,0,0,0,0,1
00024116.png,10,0,0,0,0,0,1,0,0,0,0,1,0,0,0,0,0,0,0,0,1
00024206.png,10,0,0,0,1,0,0,0,0,0,1,0,0,0,0,0,0,1,0,0,1
00024221.png,10,0,0,0,0,0,0,0,0,0,0,0,0,0,0,0,0,0,0,1,0
00024228.png,0,0,0,0,1,0,0,0,0,0,0,0,0,0,0,0,0,0,1,0,1
00024565.png,0,1,0,0,0,0,1,0,0,0,1,1,0,0,0,0,0,0,1,0,1
00024576.png,0,1,0,0,0,0,1,0,0,0,0,0,0,0,0,0,0,0,0,0,1
00024585.png,10,0,0,0,0,0,1,0,0,0,0,1,0,1,0,0,0,0,1,0,1
00024605.png,10,1,0,0,0,0,0,0,0,0,1,0,0,0,0,0,0,0,0,0,1
00024783.png,10,0,0,0,0,0,1,0,0,0,1,0,0,0,0,0,0,0,0,0,1
00024784.png,10,0,0,0,0,0,1,0,0,0,1,0,0,0,0,0,0,0,0,0,1
00024977.png,10,0,0,0,0,0,0,0,0,0,0,0,0,0,0,0,0,0,0,1,0
00025036.png,10,0,0,1,0,0,1,0,0,0,0,0,0,0,0,0,0,0,0,0,1
00025290.png,0,0,0,1,0,0,1,0,0,0,0,0,0,0,0,0,0,0,0,0,1
00025408.png,10,1,0,1,0,0,1,0,0,0,0,0,0,0,0,0,0,0,0,0,1
00025549.png,0,1,0,1,0,0,1,0,0,0,0,0,0,0,0,0,0,0,1,0,1
00025684.png,10,1,1,1,0,0,1,0,0,0,0,0,0,0,0,0,0,0,1,0,1
00026183.png,10,0,0,0,0,0,0,0,0,0,0,0,0,0,0,0,1,0,0,0,1
00026368.png,10,1,0,1,0,0,1,0,0,0,0,0,0,0,0,0,0,0,0,0,1
00026437.png,10,1,0,0,0,0,0,0,0,1,0,0,1,0,0,0,0,1,0,0,1
00026772.png,10,0,0,0,0,0,0,0,0,0,0,0,0,0,0,0,1,0,0,0,1
00026832.png,10,0,0,0,0,0,0,0,0,0,0,0,0,0,0,0,0,0,0,1,0
00026906.png,10,0,0,0,0,0,0,0,0,0,0,0,0,0,0,0,1,0,0,0,1
00026930.png,10,1,0,0,0,0,1,0,0,0,0,0,0,0,0,0,0,0,0,0,1
00027165.png,10,0,0,0,0,0,0,0,0,0,0,0,0,0,0,0,0,0,0,1,0
00027276.png,10,1,0,0,0,0,1,1,0,0,0,0,0,0,0,0,0,0,0,0,1
00027295.png,10,0,0,0,0,0,0,0,0,0,0,0,0,0,0,0,0,0,0,1,0
00027363.png,10,0,0,0,0,0,0,0,0,0,1,0,0,0,0,0,1,0,0,0,1
00027536.png,20,1,0,0,0,0,1,0,0,0,0,0,0,0,0,0,0,0,1,0,1
00027591.png,0,0,0,0,0,0,1,0,0,0,1,0,0,0,0,0,0,0,0,0,1
00027652.png,10,0,0,1,0,0,1,0,0,0,0,0,0,0,1,0,0,0,0,0,1
00027694.png,0,0,0,0,0,0,1,0,0,0,0,0,0,0,0,0,0,0,1,0,1
00027766.png,0,0,0,0,0,0,0,0,0,0,0,0,0,0,0,0,0,0,1,0,1
00028030.png,0,0,0,0,0,0,0,0,0,0,0,0,0,0,0,0,0,0,0,1,0
00028049.png,0,1,0,0,0,0,1,0,0,0,0,0,0,0,0,0,0,0,1,0,1
00028186.png,0,0,0,0,0,0,0,0,0,0,0,0,0,0,0,0,0,0,0,1,0
00028436.png,0,0,0,1,0,0,1,0,0,0,0,0,0,0,0,0,0,0,0,0,1
00028489.png,0,1,0,1,0,0,1,0,0,0,0,0,0,0,0,0,0,0,1,0,1
00028630.png,10,0,0,0,0,0,0,0,0,0,0,0,0,0,0,0,0,0,0,1,0
00028701.png,0,0,0,1,0,0,1,0,0,0,0,0,0,0,0,0,0,0,0,0,1
00028734.png,0,0,0,1,0,0,1,0,0,0,1,0,0,0,0,0,0,0,0,0,1
00028741.png,0,0,0,1,0,0,1,0,0,0,1,0,0,0,0,0,0,0,0,0,1
00028995.png,0,1,0,0,0,0,0,0,0,0,0,0,0,0,0,0,0,0,0,0,0
00029056.png,0,1,0,0,0,0,0,0,0,0,0,0,0,0,0,0,0,0,0,0,0
00029067.png,0,1,0,1,0,0,1,0,0,0,0,0,0,0,0,0,0,0,0,0,1
00029073.png,0,0,0,1,0,0,0,0,0,0,0,0,0,0,0,0,0,0,1,0,1
00029159.png,0,0,0,1,0,0,1,0,0,0,0,0,0,0,0,0,0,0,0,0,1
00029172.png,0,0,0,1,0,0,1,0,0,0,0,0,0,0,0,0,0,0,0,0,1
00029176.png,20,1,0,1,0,0,0,0,0,0,0,0,0,0,0,0,0,0,0,0,1
00029207.png,10,0,0,0,0,0,1,0,0,0,0,0,0,0,0,0,0,0,0,0,1
00029295.png,0,1,0,1,0,0,1,0,0,0,0,0,0,0,0,0,0,0,1,0,1
00029326.png,0,0,0,1,0,0,1,0,0,0,0,0,0,0,0,0,0,0,0,0,1
00029420.png,10,0,0,1,0,0,1,0,0,0,0,0,0,0,0,0,0,0,0,0,1
00029483.png,0,0,0,1,0,0,1,0,0,0,0,0,0,0,0,0,0,0,0,0,1
00029536.png,0,0,0,1,0,0,1,0,0,0,0,0,0,0,0,0,0,0,0,0,1
00029601.png,0,1,0,0,0,0,0,0,0,0,0,0,0,0,0,0,0,0,0,0,0
00029636.png,0,1,0,0,0,0,0,0,0,0,0,0,0,0,0,0,0,0,1,0,1
00030029.png,0,0,0,1,0,0,1,0,0,0,0,0,0,0,0,0,0,0,0,0,1
00030218.png,10,1,0,0,0,0,1,0,0,0,1,0,0,0,0,0,0,0,0,0,1
00030355.png,0,0,0,0,0,0,0,0,0,0,0,0,0,0,0,0,0,0,0,1,0
00030386.png,0,0,0,0,0,0,0,0,0,0,0,0,0,0,0,0,0,0,0,1,0
00030488.png,5,0,0,0,0,0,0,0,0,0,0,0,0,0,0,0,0,0,0,1,0
00030886.png,10,0,0,0,0,0,0,0,0,0,0,0,0,0,0,1,0,0,0,0,1
00031054.png,0,0,0,0,0,0,0,0,0,0,0,0,0,0,0,0,0,0,1,0,1
00031236.png,0,0,0,0,0,0,1,0,0,0,0,0,0,0,0,0,0,0,0,0,1
00031296.png,0,0,0,0,0,0,0,0,0,0,0,0,0,0,0,0,0,0,0,1,0
00031413.png,0,1,0,0,0,0,0,0,0,0,0,0,0,0,0,0,0,0,1,0,1
00031463.png,0,1,0,0,0,1,0,0,0,0,0,0,0,0,0,0,0,0,0,0,1
00031756.png,0,0,0,0,0,0,0,0,0,0,0,0,0,0,0,1,0,0,0,0,1
00031879.png,0,0,0,0,0,0,1,0,0,0,0,0,0,0,0,0,0,0,0,0,1
00032163.png,0,1,0,0,0,0,1,0,0,0,1,0,0,0,0,0,0,0,0,0,1
00032193.png,30,0,0,0,0,0,1,0,0,0,0,0,0,0,0,0,0,0,0,0,1
00032312.png,10,0,0,0,0,0,1,0,0,0,0,1,0,0,1,0,0,0,0,0,1
00032574.png,0,1,0,0,0,0,1,0,1,0,0,0,0,0,0,0,0,0,1,0,1
00032680.png,0,1,0,0,0,0,1,0,1,0,0,0,0,0,0,0,0,0,1,0,1
00032746.png,10,1,0,0,0,0,1,0,0,0,0,0,0,0,0,0,0,0,1,0,1
00032766.png,10,0,0,0,0,0,1,0,0,1,0,1,0,0,0,0,0,0,0,0,1
00032774.png,0,1,0,0,0,0,1,0,0,0,0,0,0,0,0,0,0,0,1,0,1
00032814.png,10,0,0,0,0,0,1,0,0,0,0,1,0,0,0,0,0,0,0,0,1
00032891.png,0,1,0,0,0,0,0,0,0,0,0,0,0,0,0,0,0,0,1,0,1
00033064.png,0,1,1,0,0,0,0,0,0,0,1,0,0,0,0,0,0,0,1,0,1
00033493.png,10,0,0,0,0,0,1,0,0,0,0,0,0,0,0,0,0,0,0,0,1
00033525.png,20,1,0,0,0,0,0,0,0,0,0,0,0,0,0,0,0,0,0,0,0
00033572.png,10,0,0,0,0,0,1,0,1,0,0,0,0,0,1,0,0,0,0,0,1
00034065.png,10,1,0,0,0,0,0,0,0,0,0,0,0,0,0,0,0,0,0,0,0
00034444.png,0,0,0,0,0,0,0,0,0,0,0,0,0,0,0,0,0,0,0,1,0
00034534.png,10,0,0,0,0,0,0,0,0,0,0,0,0,0,0,0,0,0,0,1,0
00034571.png,10,0,0,0,0,0,1,0,0,0,0,0,0,0,0,0,0,0,0,0,1
00034582.png,0,1,0,0,0,0,0,0,0,0,0,0,0,0,0,0,0,0,1,0,1
00034630.png,0,1,0,0,0,0,0,0,0,0,0,0,0,0,0,0,0,0,1,0,1
00034827.png,10,0,0,1,0,0,0,0,0,0,0,1,0,0,0,0,0,0,0,0,1
00034833.png,10,0,1,1,0,0,0,0,0,0,0,1,0,0,0,0,0,0,0,0,1
00035267.png,0,0,0,0,0,0,1,0,0,0,1,0,0,0,0,0,0,0,0,0,1
00035276.png,0,0,0,0,0,0,1,0,0,0,0,0,0,0,0,0,0,0,1,0,1
00035412.png,10,0,0,0,0,0,0,0,0,0,0,0,0,0,0,0,0,0,0,1,0
00035577.png,0,1,0,0,0,0,0,0,0,0,0,0,0,0,0,0,0,0,1,0,1
00035605.png,10,0,0,0,0,0,0,0,0,0,0,0,0,0,0,0,0,0,0,1,0
00035674.png,0,0,0,0,0,0,0,0,0,0,0,0,0,0,0,0,0,0,0,1,0
00035685.png,0,0,0,0,0,1,0,0,0,0,0,0,0,0,0,0,0,0,1,0,1
00035859.png,0,0,0,0,0,0,0,0,0,0,0,0,0,0,0,0,0,0,0,1,0
00035870.png,0,0,0,0,0,0,1,0,0,0,0,0,0,1,0,0,0,0,0,0,1
00036042.png,0,1,0,0,0,0,0,0,0,0,0,0,0,0,0,0,0,0,0,0,0
00036082.png,10,0,0,0,0,1,0,0,0,0,0,0,0,0,0,0,0,0,0,0,1
00036236.png,0,1,0,0,0,0,1,0,0,0,0,0,0,0,0,0,0,0,1,0,1
00036247.png,0,1,0,0,0,0,0,0,0,0,0,0,0,0,0,0,0,0,1,0,1
00036317.png,0,0,0,0,0,0,0,0,0,0,0,0,0,0,0,0,0,0,0,1,0
00036333.png,20,0,0,0,0,0,0,0,0,0,0,0,0,0,0,0,0,0,0,1,0
00036378.png,10,1,0,0,0,0,0,0,0,0,0,0,0,0,0,0,0,0,0,0,0
00036737.png,10,0,0,0,0,0,0,0,0,0,0,1,0,0,0,0,0,0,0,0,1
00036824.png,0,1,0,0,0,0,0,0,0,0,0,0,0,0,0,0,0,0,0,0,0
00036828.png,0,0,0,1,0,0,1,0,0,0,0,0,0,0,0,0,0,0,0,0,1
00036863.png,10,1,0,0,0,0,1,0,0,0,0,0,0,0,0,0,0,0,0,0,1
00036990.png,20,0,0,0,0,0,0,0,0,0,0,0,0,0,0,0,0,0,0,1,0
00037028.png,70,0,0,0,0,0,0,0,0,0,0,0,0,0,0,0,0,0,0,1,0
00037064.png,0,0,0,0,0,0,1,0,0,0,0,0,0,0,0,0,0,0,0,0,1
00037200.png,0,1,0,0,0,0,0,0,0,0,1,0,0,0,0,0,0,0,0,0,1
00037359.png,10,0,0,0,0,0,0,0,0,0,0,0,0,0,0,0,0,0,0,1,0
00037666.png,0,0,0,0,0,0,1,0,0,0,0,0,0,0,0,0,0,0,0,0,1
00037738.png,0,1,0,1,0,0,1,0,0,0,0,1,0,0,0,0,0,0,1,0,1
00037890.png,10,1,0,0,0,0,1,0,0,0,0,0,0,1,0,0,0,0,1,0,1
00038020.png,20,1,0,0,0,0,0,0,0,0,0,0,0,0,0,0,0,0,0,0,0
00038367.png,0,1,0,0,0,0,1,0,0,0,0,0,0,0,0,0,0,0,1,0,1
00038399.png,0,0,0,0,1,0,0,0,0,0,0,0,0,0,0,0,1,0,0,0,1
00038400.png,0,1,0,0,1,0,0,0,0,0,0,0,0,0,0,0,0,0,1,0,1
00038584.png,0,1,1,0,0,0,1,1,0,0,0,0,0,0,0,0,0,0,1,0,1
00038745.png,0,1,0,0,0,0,1,0,0,0,0,0,0,0,0,0,0,0,0,0,1
00038796.png,0,1,0,0,0,0,0,0,0,0,0,0,0,0,0,0,0,0,0,0,0
00038949.png,0,1,0,0,0,0,0,0,0,0,0,0,0,0,0,0,0,0,1,0,1
00039076.png,0,1,0,0,0,0,1,0,0,0,0,0,0,0,0,0,0,0,1,0,1
00039148.png,0,1,1,0,0,0,0,0,0,0,0,0,0,0,0,0,0,0,1,0,1
00039172.png,10,0,0,0,0,0,1,0,0,0,0,0,0,0,0,0,0,0,0,0,1
00039427.png,0,1,0,0,0,0,1,0,0,0,0,0,0,0,0,0,0,0,1,0,1
00039451.png,0,0,0,0,0,0,0,0,0,0,0,0,0,0,0,0,0,0,0,1,0
00039505.png,0,1,0,0,0,0,1,0,0,0,0,0,0,0,0,0,0,0,0,0,1
00039565.png,0,0,0,0,0,0,1,0,0,0,0,0,0,1,0,0,0,0,0,0,1
00040175.png,0,1,0,0,0,0,0,0,0,0,0,0,0,0,0,0,0,0,1,0,1
00040494.png,10,1,0,0,0,0,0,0,0,0,0,0,0,0,0,0,0,0,0,0,0
00040560.png,0,1,0,0,0,0,0,0,0,0,0,0,0,0,0,0,0,0,0,0,0
00040656.png,10,0,0,0,0,0,1,0,0,0,0,0,0,1,0,0,0,0,0,0,1
00040700.png,10,0,0,0,0,0,0,0,0,0,0,0,0,0,0,0,0,0,0,1,0
00040769.png,10,1,0,1,0,0,0,0,0,0,0,0,0,0,0,0,0,0,0,0,1
00041067.png,20,0,0,0,0,0,0,0,0,0,0,0,0,0,0,0,0,0,0,1,0
00041077.png,10,0,0,0,0,0,0,0,0,0,0,0,0,0,0,0,0,0,0,1,0
00041160.png,10,0,0,0,0,0,1,0,0,0,1,0,0,0,0,0,0,0,0,0,1
00041443.png,10,0,0,1,0,0,1,0,0,0,0,1,0,0,1,0,0,0,0,0,1
00041464.png,0,1,1,0,0,0,1,0,0,0,0,0,0,0,0,0,0,0,1,0,1
00041778.png,10,0,0,1,0,0,1,0,0,0,0,0,0,0,0,0,0,0,0,0,1
00041827.png,0,1,1,0,0,0,1,0,0,0,1,0,0,0,0,0,0,0,1,0,1
00041883.png,10,0,0,1,0,0,0,0,0,0,0,0,0,0,0,0,0,0,0,0,1
00042176.png,10,0,0,1,0,0,0,0,0,0,0,1,0,0,0,0,0,0,0,0,1
00042479.png,0,0,0,1,0,0,1,0,0,0,0,0,0,0,0,0,0,0,1,0,1
00042814.png,10,0,0,0,0,0,0,0,0,0,0,0,0,0,0,0,0,0,0,1,0
00043278.png,0,0,0,0,0,0,1,0,0,0,1,0,0,0,0,0,0,0,0,0,1
00043524.png,0,1,1,0,0,0,1,0,0,0,1,0,0,0,0,0,0,0,1,0,1
00043608.png,20,0,0,0,0,0,0,0,0,0,0,0,0,0,0,0,1,0,0,0,1
00043620.png,10,0,0,0,0,0,0,0,0,0,0,0,0,0,0,0,0,0,0,1,0
00043737.png,0,1,0,0,0,0,0,0,0,0,0,0,0,0,0,0,0,0,0,0,0
00043761.png,0,1,0,0,0,0,1,0,0,0,1,0,0,0,0,0,0,0,0,0,1
00043958.png,0,0,0,0,0,0,1,0,0,0,1,0,0,0,0,0,0,0,1,0,1
00043963.png,10,1,0,0,0,0,1,0,0,0,1,0,0,0,0,0,0,0,0,0,1
00044472.png,10,0,0,0,0,0,0,0,0,0,0,0,0,0,0,0,0,0,0,1,0
00044540.png,10,1,1,0,0,0,1,0,0,0,1,0,0,0,0,0,0,0,0,0,1
00044580.png,0,1,0,0,0,0,1,0,0,0,0,0,0,0,0,0,0,0,1,0,1
00044731.png,10,0,0,0,0,0,0,0,0,0,0,0,0,0,0,0,0,0,0,1,0
00044788.png,0,1,0,0,0,0,0,0,0,0,0,0,0,0,0,0,0,0,1,0,1
00044968.png,0,1,1,0,0,0,0,0,0,0,0,0,0,0,0,0,0,0,0,0,1
00044969.png,0,0,1,0,0,0,1,0,0,0,0,0,0,0,0,0,0,0,0,0,1
00044984.png,0,1,0,0,0,0,1,0,0,0,0,0,0,0,0,0,0,0,1,0,1
00045002.png,0,1,0,0,0,0,0,0,0,0,0,0,0,0,0,0,0,0,0,0,0
00045042.png,0,1,0,0,0,0,0,0,0,0,0,0,0,0,0,0,0,0,0,0,0
00045148.png,0,0,0,0,0,0,1,0,0,0,1,0,0,0,0,0,0,0,0,0,1
00045517.png,10,0,0,0,0,0,0,0,0,0,0,0,0,0,0,0,0,0,0,1,0
00045797.png,10,0,0,0,0,0,0,0,0,0,0,0,0,0,0,0,0,0,0,1,0
00046034.png,0,1,0,0,0,0,0,0,0,0,0,0,0,0,0,0,0,0,0,0,0
00046239.png,0,1,0,0,0,0,0,0,0,0,0,0,0,0,0,0,0,0,1,0,1
00046307.png,0,1,0,0,0,0,1,0,0,0,0,0,0,0,0,0,0,0,1,0,1
00046381.png,10,1,0,0,0,0,0,0,0,0,1,0,0,0,0,0,0,0,1,0,1
00046406.png,0,1,0,0,0,0,0,0,0,0,0,0,0,0,0,0,0,0,1,0,1
00046672.png,0,0,0,0,0,0,1,0,0,0,0,0,0,1,0,0,0,0,0,0,1
00046805.png,0,0,0,0,0,0,1,0,0,0,0,0,0,0,0,0,0,0,0,0,1
00046853.png,10,0,0,0,0,0,1,0,0,0,0,0,0,0,0,0,0,0,0,0,1
00047174.png,0,1,0,0,0,0,1,0,0,0,0,0,0,0,0,0,0,0,0,0,1
00047449.png,10,0,0,0,0,0,0,0,0,0,0,0,0,0,0,0,0,0,0,1,0
00047736.png,0,0,0,0,0,0,1,0,0,0,0,0,0,0,0,0,0,0,0,0,1
00047738.png,0,0,0,0,0,0,1,0,0,0,0,0,0,0,0,0,0,0,0,0,1
00047740.png,0,0,0,0,0,0,1,0,0,0,0,0,0,0,0,0,0,0,0,0,1
00048171.png,10,0,0,0,0,0,0,0,0,0,0,0,0,0,0,0,0,0,0,1,0
00048240.png,10,0,0,0,0,0,0,0,0,0,0,0,0,0,0,0,0,0,0,1,0
00048289.png,5,0,0,0,0,0,0,0,0,0,0,0,0,0,0,0,0,0,0,1,0
00048322.png,5,0,0,0,0,0,0,0,0,0,1,0,0,0,0,0,0,0,0,0,1
00048370.png,0,1,0,0,0,0,1,0,0,0,1,0,0,0,0,0,0,0,1,0,1
00048399.png,0,1,1,0,0,0,1,0,0,0,0,0,0,0,0,0,0,0,0,0,1
00048525.png,0,0,1,0,0,0,1,0,0,0,0,0,0,0,0,0,0,0,0,0,1
00048608.png,10,0,0,0,0,0,0,0,0,0,0,0,0,0,0,0,0,0,0,1,0
00048644.png,0,0,1,0,0,0,1,0,0,0,0,0,0,0,0,0,0,0,0,0,1
00048659.png,0,0,0,0,0,0,1,0,0,0,0,0,0,0,0,0,0,0,1,0,1
00048681.png,0,0,0,0,0,0,0,0,0,0,0,0,0,0,0,0,0,0,0,1,0
00048847.png,0,0,0,0,0,0,1,0,0,0,1,0,0,0,0,0,0,0,0,0,1
00048954.png,10,0,0,0,0,0,0,0,0,0,0,0,0,0,0,0,0,0,0,1,0
00048990.png,10,0,0,0,0,0,0,0,0,0,0,0,0,0,0,0,0,0,0,1,0
00049092.png,0,1,1,0,0,0,1,0,0,0,0,0,0,0,0,0,0,0,1,0,1
00049192.png,10,0,0,0,0,0,0,0,0,0,0,0,0,0,0,0,0,0,0,1,0
00049645.png,5,0,0,0,0,0,0,0,0,0,0,0,0,0,0,0,0,0,0,1,0
00049709.png,0,0,0,0,0,0,1,0,0,0,0,0,0,0,0,0,0,0,1,0,1
00049719.png,10,0,0,0,0,0,0,0,0,0,0,0,0,0,0,0,0,0,0,1,0
00049807.png,0,0,0,0,0,0,0,0,0,0,0,0,0,0,0,0,0,0,0,1,0
00049817.png,0,0,0,0,0,0,0,0,0,0,0,0,0,0,0,0,1,0,0,0,1
00049864.png,10,0,0,0,0,0,0,0,0,0,0,0,0,0,0,0,0,0,0,1,0
00049979.png,0,1,1,0,0,0,0,0,0,0,0,0,0,0,0,0,0,0,0,0,1
00050050.png,10,1,0,1,0,0,1,0,0,0,0,0,0,0,0,0,0,0,0,0,1
00050107.png,0,0,0,0,0,0,0,0,0,0,0,0,0,0,0,0,0,0,0,1,0
00050177.png,10,0,0,0,0,0,1,0,0,0,1,0,0,0,0,0,0,0,0,0,1
00050347.png,0,1,1,0,0,0,1,0,0,0,1,0,0,0,0,0,0,0,1,0,1
00050424.png,0,1,0,0,0,0,1,0,0,0,0,1,0,0,0,0,0,0,1,0,1
00050512.png,0,1,0,0,0,0,0,0,0,0,0,0,0,0,0,0,0,0,0,0,0
00050601.png,0,1,0,0,0,0,1,0,0,0,0,0,0,0,0,0,0,0,1,0,1
00050642.png,0,0,0,0,0,0,1,0,0,0,0,1,0,0,0,0,0,0,1,0,1
00050768.png,10,0,0,0,0,0,0,0,0,0,0,0,0,0,0,0,0,0,0,1,0
00050953.png,0,0,0,0,0,0,1,0,0,0,0,0,0,0,0,0,0,0,1,0,1
00051119.png,10,1,0,0,0,0,0,0,0,0,0,0,0,0,0,0,0,0,1,0,1
00051146.png,0,0,0,0,0,0,1,0,0,0,0,0,0,0,0,0,0,0,1,0,1
00051224.png,0,0,0,0,0,0,1,0,0,0,0,0,0,0,0,0,0,0,0,0,1
00051227.png,0,1,0,0,0,0,1,0,0,0,0,0,0,0,0,0,0,0,1,0,1
00051381.png,10,1,0,0,0,0,1,0,0,0,1,1,0,0,0,0,0,0,0,0,1
00051448.png,0,0,0,0,0,0,1,0,0,0,0,0,0,0,0,0,0,0,0,0,1
00051473.png,10,0,0,0,0,0,0,0,0,0,0,0,0,0,0,0,0,0,0,1,0
00051573.png,10,0,0,0,0,0,0,0,0,0,0,0,0,0,0,0,0,0,0,1,0
00051661.png,10,0,0,0,0,0,0,0,0,0,0,0,0,0,0,0,0,0,0,1,0
00051735.png,0,1,0,0,0,0,0,0,0,0,0,0,0,0,0,0,0,0,1,0,1
00051874.png,10,0,0,0,0,0,0,0,0,0,0,0,0,0,0,0,0,0,0,1,0
00051966.png,0,0,0,0,0,0,1,0,0,0,0,0,0,0,0,0,0,0,1,0,1
00052027.png,10,0,0,0,0,0,0,0,0,0,0,0,0,0,0,0,0,0,0,1,0
00052030.png,10,0,0,0,0,0,0,0,0,0,0,0,0,0,0,0,0,0,0,1,0
00052255.png,0,1,0,0,0,0,0,0,0,0,0,0,0,0,0,0,0,0,0,0,0
00052411.png,0,1,0,0,0,0,1,0,0,0,0,1,0,0,0,0,0,0,1,0,1
00052436.png,10,0,0,0,0,0,1,0,0,0,0,0,0,0,0,0,0,0,0,0,1
00052496.png,10,1,0,0,0,0,0,0,0,0,0,0,0,0,0,0,0,0,1,0,1
00053046.png,0,1,0,0,0,0,0,0,0,0,0,0,0,0,0,0,0,0,1,0,1
00053107.png,0,1,0,0,0,0,0,0,0,0,0,0,0,0,0,0,0,0,0,0,0
00053114.png,0,1,0,0,0,0,1,0,0,0,0,0,0,0,0,0,0,0,1,0,1
00053147.png,0,0,0,0,0,0,0,0,0,0,0,0,0,0,0,0,0,0,0,1,0
00053426.png,0,0,0,0,0,0,1,0,0,0,0,0,0,0,0,0,0,0,0,0,1
00053555.png,10,0,0,0,0,0,0,0,0,0,0,0,0,0,0,0,0,0,0,1,0
00053722.png,0,1,0,1,0,0,0,0,0,0,0,0,0,0,0,0,0,0,0,0,1
00053864.png,0,0,0,0,0,0,1,0,0,0,0,0,0,0,0,0,0,0,0,0,1
00054013.png,0,1,0,0,0,0,0,0,0,0,0,0,0,0,0,0,0,0,1,0,1
00054160.png,10,1,0,0,0,0,0,0,0,0,0,0,0,0,0,0,0,0,0,0,0
00054174.png,0,0,0,0,0,0,0,0,0,0,0,0,0,0,0,0,0,0,0,1,0
00054264.png,0,0,0,0,0,0,1,0,0,0,0,0,0,0,0,0,0,0,1,0,1
00054343.png,0,0,0,0,0,0,0,0,0,0,0,0,0,0,0,0,0,0,0,1,0
00054373.png,0,0,0,0,0,0,0,0,0,0,0,0,0,0,0,0,0,0,0,1,0
00054393.png,0,1,0,0,0,0,0,0,0,0,0,0,0,0,0,0,0,0,1,0,1
00054482.png,0,1,1,0,0,0,0,0,0,0,1,0,0,0,0,0,0,0,1,0,1
00054509.png,0,1,0,1,0,0,1,0,0,0,0,0,0,0,0,0,0,0,0,0,1
00054513.png,10,0,0,0,0,0,0,0,0,0,0,0,0,0,0,0,0,0,0,1,0
00054530.png,10,0,0,0,0,0,0,0,0,0,0,0,0,0,0,0,0,0,0,1,0
00054757.png,0,0,0,0,0,0,1,0,0,0,0,0,0,0,0,0,0,0,0,0,1
00054764.png,0,1,0,0,0,0,1,0,0,0,1,0,0,0,0,0,0,0,0,0,1
00054926.png,0,1,0,0,0,0,1,0,0,0,0,0,0,0,0,0,0,0,0,0,1
00055079.png,10,0,0,0,0,0,0,0,0,0,0,0,0,0,0,0,0,0,0,1,0
00055098.png,10,0,0,0,0,0,0,0,0,0,0,0,0,0,0,0,0,0,0,1,0
00055336.png,10,0,0,0,0,0,0,0,0,0,0,0,0,0,0,0,0,0,0,1,0
00055359.png,10,0,0,0,0,0,0,0,0,0,0,0,0,0,0,0,0,0,0,1,0
00055482.png,10,0,0,0,0,0,0,0,0,0,0,0,0,0,0,0,0,0,0,1,0
00055726.png,0,0,0,1,0,0,1,0,0,0,0,0,0,0,0,0,0,0,0,0,1
00055941.png,10,0,0,0,0,0,0,0,0,0,0,0,0,0,0,0,0,0,0,1,0
00055998.png,0,0,0,0,0,0,1,0,0,0,0,0,0,0,0,0,0,0,0,0,1
00056023.png,0,0,0,0,0,0,0,0,0,0,0,0,0,0,0,0,0,0,0,1,0
00056270.png,0,1,0,0,0,0,1,1,0,0,0,0,0,0,0,0,0,0,1,0,1
00056574.png,10,0,0,0,0,0,0,0,0,0,0,0,0,0,0,0,0,0,0,1,0
00056636.png,0,1,0,0,0,0,1,0,0,0,0,0,0,0,0,0,0,0,1,0,1
00056676.png,20,1,0,1,0,0,1,0,0,0,1,0,0,0,0,0,0,0,1,0,1
00056925.png,0,0,0,0,0,0,1,0,0,0,0,0,0,0,0,0,0,0,1,0,1
00056936.png,0,1,1,0,0,0,1,0,0,0,0,0,0,0,0,0,0,0,1,0,1
00057118.png,0,1,0,1,0,0,1,0,0,0,1,0,0,0,0,0,0,0,1,0,1
00057120.png,0,0,0,1,0,0,1,0,0,0,1,0,0,0,0,0,0,0,1,0,1
00057122.png,0,0,0,0,0,0,1,0,0,0,0,0,0,0,0,0,0,0,1,0,1
00057694.png,0,0,0,1,0,0,1,0,0,0,1,0,0,0,0,0,0,0,0,0,1
00057754.png,10,1,0,0,0,0,0,0,1,0,0,0,0,0,0,0,0,0,0,0,1
00057880.png,10,1,0,0,0,0,0,0,0,0,1,0,0,0,0,0,0,0,0,0,1
00057941.png,20,1,0,0,0,0,0,0,0,0,0,0,0,0,1,0,0,0,0,0,1
00057956.png,10,0,0,1,0,0,0,0,0,1,0,0,0,0,1,0,0,0,0,0,1
00058036.png,10,0,0,1,0,0,0,0,0,0,0,1,0,0,0,0,0,0,0,0,1
00058722.png,0,0,0,0,0,0,0,0,0,0,0,0,0,0,0,0,0,0,0,1,0
00058758.png,10,0,0,0,0,0,0,0,0,0,0,0,0,0,0,0,0,0,0,1,0
00058796.png,0,1,0,0,0,0,1,0,0,0,1,0,0,0,0,0,0,0,1,0,1
00058799.png,0,0,0,0,0,0,1,0,0,0,1,0,0,0,0,0,0,0,1,0,1
00058812.png,10,0,0,1,0,0,1,0,1,0,0,0,0,0,0,0,0,0,0,0,1
00058900.png,10,0,0,0,0,0,0,0,0,0,0,0,0,0,0,0,0,0,0,1,0
00058947.png,10,0,0,0,0,0,0,0,0,0,0,0,0,0,0,0,1,0,0,0,1
00058957.png,10,0,0,0,0,0,0,0,0,0,0,0,0,0,0,0,0,0,0,1,0
00058972.png,0,1,0,0,0,0,1,0,1,0,0,0,0,0,0,0,0,0,1,0,1
00058974.png,0,1,0,0,0,0,1,0,1,0,0,0,0,0,0,0,0,0,1,0,1
00059216.png,10,1,0,0,0,0,0,0,0,0,0,0,0,0,0,0,0,0,0,0,0
00059629.png,10,0,0,0,0,0,0,0,0,0,0,0,0,0,0,0,0,0,0,1,0
00059738.png,10,0,0,0,0,0,0,0,0,0,0,0,0,0,0,0,0,0,0,1,0
00059912.png,0,1,0,0,0,0,1,0,0,0,0,0,0,0,0,0,0,0,1,0,1
00059955.png,20,0,0,0,0,0,0,0,0,0,0,0,0,0,0,0,0,0,0,1,0
00060090.png,10,0,0,0,0,0,0,0,0,0,0,0,0,0,0,0,0,0,0,1,0
00060100.png,20,0,0,0,0,0,0,0,0,0,0,0,0,0,0,0,0,0,0,1,0
00060183.png,10,1,0,0,0,0,0,0,0,0,0,0,0,0,0,0,0,0,0,0,0
00060363.png,0,1,0,0,0,0,1,0,0,0,0,0,0,0,0,0,0,0,0,0,1
00060416.png,0,0,0,0,0,0,0,0,0,0,0,0,0,1,0,0,0,0,0,0,1
00060499.png,10,0,0,0,0,0,1,0,0,0,0,1,0,0,0,0,0,0,0,0,1
00060592.png,10,1,0,0,0,0,0,0,0,0,0,0,0,1,0,0,0,0,0,0,1
00060955.png,0,1,0,0,0,0,1,0,0,0,0,0,0,0,0,0,0,0,1,0,1
00061405.png,0,0,0,0,0,0,1,0,0,0,0,1,0,0,0,0,0,0,0,0,1
00061481.png,0,1,0,0,0,0,1,0,0,0,0,0,0,0,0,0,0,0,1,0,1
00061487.png,10,0,0,0,0,0,1,0,1,0,1,0,0,0,0,0,0,0,0,0,1
00061587.png,10,0,0,0,0,0,0,0,0,0,0,0,0,0,0,0,0,0,0,1,0
00061751.png,0,1,1,0,0,0,0,0,0,0,0,0,0,0,0,0,0,0,0,0,1
00061913.png,10,1,0,1,0,0,1,0,0,0,0,0,0,0,0,0,0,0,0,0,1
00062035.png,0,0,0,1,0,0,1,0,0,0,0,0,0,0,0,0,0,0,0,0,1
00062087.png,0,1,1,1,0,0,1,0,0,0,0,0,0,0,0,0,0,0,1,0,1
00062167.png,0,0,0,1,0,0,1,0,0,0,0,0,0,0,0,0,0,0,0,0,1
00062425.png,0,1,0,1,0,0,1,0,0,0,0,0,0,0,0,0,0,0,1,0,1
00062545.png,10,1,0,0,0,0,0,0,0,0,0,0,0,0,0,0,0,0,0,0,0
00062671.png,10,1,0,0,0,0,0,0,0,0,0,0,0,0,0,0,0,0,0,0,0
00062730.png,10,0,0,1,0,0,1,0,0,0,0,1,0,0,0,0,0,0,0,0,1
00062776.png,0,0,0,1,0,0,1,0,0,0,1,0,0,0,0,0,0,0,0,0,1
00062781.png,0,1,0,0,0,0,1,0,0,0,0,0,0,0,0,0,0,0,1,0,1
00063119.png,0,1,0,0,0,0,0,0,0,0,0,0,0,0,0,0,0,0,1,0,1
00063645.png,20,0,0,0,0,0,1,0,0,0,0,0,0,0,0,0,0,0,1,0,1
00063667.png,0,1,0,1,0,0,1,0,0,0,0,0,0,0,0,0,0,0,1,0,1
00063692.png,0,1,0,0,0,0,0,0,0,0,0,0,0,0,0,0,0,0,1,0,1
00063740.png,20,1,0,0,0,0,1,0,0,0,0,0,0,0,0,0,0,0,0,0,1
00063793.png,0,0,0,0,0,0,1,0,0,0,0,0,0,0,0,0,0,0,1,0,1
00063796.png,10,1,0,0,0,0,0,0,0,0,0,0,0,0,0,0,0,0,0,0,0
00063847.png,10,1,0,0,0,0,1,0,0,0,0,0,0,0,0,0,0,0,1,0,1
00063931.png,0,0,0,0,0,0,1,0,1,0,0,0,0,0,0,0,0,0,1,0,1
00064187.png,10,0,0,0,0,0,1,0,0,0,0,1,0,1,0,0,0,0,0,0,1
00064211.png,10,1,0,0,0,0,0,0,0,0,0,1,0,0,0,0,0,0,0,0,1
00064296.png,0,0,1,0,0,0,1,0,0,0,0,0,0,1,0,0,0,0,0,0,1
00064390.png,0,1,0,0,0,0,1,0,0,0,0,0,0,0,0,0,0,0,0,0,1
00064478.png,20,1,0,0,0,0,0,0,0,0,0,0,0,0,0,0,0,0,1,0,1
00064570.png,10,0,0,0,0,0,0,0,0,0,0,0,0,0,0,0,0,0,0,1,0
00064678.png,0,1,0,0,0,0,1,0,0,0,0,0,0,0,0,0,0,0,0,0,1
00065165.png,10,0,0,1,0,0,1,0,0,0,0,0,0,0,0,0,0,0,0,0,1
00065360.png,0,1,0,0,0,0,1,0,0,0,1,0,0,0,0,0,0,0,0,0,1
00065871.png,10,0,1,0,0,0,1,0,0,0,0,0,0,0,0,0,0,0,0,0,1
00065930.png,0,0,0,0,0,0,0,0,0,0,0,1,0,0,0,0,0,0,0,0,1
00066378.png,0,0,0,1,0,0,1,0,0,0,0,0,0,0,0,0,0,0,0,0,1
00066720.png,20,1,0,0,0,0,0,0,0,0,0,0,0,0,0,0,0,0,0,0,0
00066830.png,0,0,0,1,0,0,1,0,0,0,0,0,0,0,0,0,0,0,0,0,1
00066920.png,10,0,0,0,0,0,1,0,1,0,0,0,0,0,1,0,0,0,0,0,1
00067100.png,5,0,0,1,0,0,1,0,1,0,0,0,0,0,0,0,0,0,0,0,1
00067104.png,0,1,0,0,0,0,1,0,1,0,1,0,0,0,0,0,0,0,0,0,1
00067115.png,0,1,0,1,0,0,1,0,1,0,1,0,0,0,0,0,0,0,1,0,1
00067377.png,0,0,1,1,0,0,1,0,0,0,0,0,0,0,0,0,0,0,1,0,1
00067723.png,0,1,0,0,0,0,1,0,0,0,0,0,0,0,0,0,0,0,1,0,1
00067958.png,0,0,1,1,0,0,1,0,0,0,0,0,0,0,0,0,0,0,0,0,1
00068042.png,10,1,0,0,0,0,0,0,0,0,0,0,0,0,0,0,0,0,0,0,0
00068055.png,5,0,0,0,0,0,0,0,0,0,0,0,0,0,0,0,0,0,0,1,0
00068069.png,10,0,0,0,0,0,1,0,0,0,1,0,0,0,0,0,0,0,0,0,1
00068312.png,0,0,0,0,0,0,0,0,0,0,0,0,0,0,0,0,0,0,0,1,0
00068731.png,10,0,0,0,0,0,0,0,0,0,0,0,0,0,0,0,0,0,0,1,0
00068815.png,0,1,0,1,0,0,1,0,0,0,0,0,0,0,0,0,0,0,1,0,1
00068919.png,0,1,0,0,0,0,1,0,0,0,0,0,0,0,0,0,0,0,0,0,1
00069018.png,10,0,0,0,0,0,0,0,0,0,0,0,0,0,0,0,0,0,0,1,0
00069031.png,10,0,0,0,0,0,0,0,0,0,0,0,0,0,0,0,0,0,0,1,0
00069234.png,20,0,0,0,0,0,0,0,0,0,0,0,0,0,0,0,0,0,0,1,0
00069404.png,0,1,0,1,0,0,1,0,0,0,0,0,0,0,0,0,0,0,1,0,1
00069607.png,10,1,0,1,0,0,0,0,0,0,0,1,0,0,0,0,0,0,1,0,1
00069651.png,20,0,0,0,0,0,0,0,0,0,0,0,0,0,0,0,1,0,0,0,1
00069690.png,20,0,0,1,0,0,0,0,0,0,0,0,0,0,0,0,0,0,0,0,1
00069749.png,10,0,0,0,0,0,0,0,0,0,0,0,0,0,0,0,0,0,0,1,0
00069910.png,0,0,0,1,0,0,0,0,0,0,0,0,0,0,0,0,0,0,0,0,1
00070113.png,0,0,0,1,0,0,1,0,0,0,1,0,1,0,0,0,0,0,1,0,1
00070151.png,0,0,0,1,0,0,1,0,0,0,0,0,0,1,0,0,0,0,1,0,1
00070168.png,10,1,0,0,0,0,0,0,0,0,0,0,0,0,0,0,0,0,0,0,0
00070279.png,80,1,0,0,0,0,0,0,0,0,0,0,0,0,0,0,0,0,1,0,1
00070293.png,0,1,0,1,0,0,0,0,0,0,0,0,0,0,0,0,0,0,1,0,1
00070304.png,0,1,0,1,0,0,1,0,0,0,0,0,0,0,0,0,0,0,0,0,1
00070353.png,0,1,0,1,0,0,1,0,0,0,0,0,0,0,0,0,0,0,0,0,1
00070399.png,10,1,0,0,0,0,0,0,0,0,0,0,0,0,0,0,0,0,0,0,0
00070434.png,20,0,0,0,0,0,0,0,0,0,0,0,0,0,0,0,0,0,0,1,0
00070860.png,20,1,0,1,0,0,1,0,0,0,0,0,0,0,0,0,0,0,0,0,1
00070874.png,0,0,0,1,0,0,1,0,0,0,0,0,0,0,0,0,0,0,1,0,1
00070886.png,0,1,0,1,0,0,1,0,0,0,0,0,0,0,0,0,0,0,1,0,1
00071167.png,0,0,0,1,0,0,1,0,0,0,0,0,0,0,0,0,0,0,0,0,1
00071198.png,10,0,0,1,0,0,1,0,0,0,0,0,0,0,0,0,0,0,0,0,1
00071280.png,10,0,1,1,0,0,0,0,0,0,0,0,0,0,1,0,0,0,0,0,1
00071293.png,0,0,0,1,0,0,1,0,0,0,1,0,0,1,0,0,0,0,0,0,1
00071318.png,10,0,0,1,0,0,1,0,0,0,0,0,0,0,0,0,0,0,0,0,1
00071504.png,0,1,0,0,0,0,0,0,0,0,0,0,0,0,0,0,0,0,1,0,1
00071680.png,10,0,0,0,0,0,1,0,0,0,1,0,0,0,0,0,0,0,0,0,1
00071818.png,10,0,0,0,0,0,1,0,0,0,0,1,0,0,0,0,0,0,0,0,1
00072076.png,10,1,0,1,0,0,1,0,0,0,0,0,0,1,0,0,0,0,1,0,1
00072250.png,0,1,0,0,0,0,0,0,0,0,0,0,0,0,0,0,0,0,0,0,0
00072368.png,20,1,0,0,0,0,1,0,0,0,0,0,0,0,0,0,0,0,1,0,1
00072465.png,0,1,0,0,0,0,1,0,0,0,0,0,0,1,0,0,0,0,0,0,1
00072499.png,0,0,0,0,0,0,1,0,0,0,0,0,0,1,0,0,0,0,0,0,1
00072525.png,30,0,0,0,0,0,1,0,0,0,0,0,0,0,1,0,0,0,0,0,1
00072681.png,10,1,0,0,0,0,1,0,0,0,0,0,0,0,0,0,0,0,0,0,1
00072927.png,10,0,1,0,0,0,1,0,1,0,0,0,0,0,0,0,0,0,0,0,1
00072946.png,10,0,0,0,0,0,1,0,0,0,0,1,0,1,0,0,0,0,0,0,1
00072985.png,10,0,0,0,0,0,1,0,0,0,0,0,0,0,0,0,0,0,0,0,1
00073018.png,10,0,0,0,0,0,1,0,0,0,0,0,0,0,0,0,0,0,0,0,1
00073120.png,10,0,0,0,0,0,1,0,0,0,0,0,0,0,1,0,0,0,1,0,1
00073141.png,0,1,1,0,0,0,1,0,0,0,0,0,0,0,0,0,0,0,0,0,1
00073172.png,0,0,0,0,0,0,1,1,0,0,0,0,0,0,0,0,0,0,1,0,1
00073173.png,0,0,0,0,0,0,1,1,0,0,0,0,0,0,0,0,0,0,1,0,1
00073552.png,0,1,0,0,0,0,1,0,0,0,0,0,0,0,0,0,0,0,1,0,1
00073719.png,0,0,0,0,0,0,1,0,0,0,0,1,0,0,0,0,0,0,1,0,1
00073729.png,10,0,0,0,0,0,1,0,0,0,0,1,0,0,0,0,0,0,0,0,1
00073770.png,0,0,0,0,0,0,1,0,0,0,0,0,0,0,0,0,0,0,0,0,1
00073937.png,30,1,0,1,0,0,1,0,0,0,0,0,0,0,0,0,0,0,0,0,1
00073961.png,0,1,0,0,0,0,1,0,0,0,0,0,0,0,0,0,0,0,0,0,1
00073988.png,0,1,0,0,0,0,0,0,0,0,0,0,0,0,0,0,0,0,0,0,0
00074389.png,0,0,0,0,0,0,1,0,1,0,0,0,0,0,0,0,0,0,0,0,1
00074677.png,40,0,0,0,0,0,0,0,0,0,0,0,0,0,0,0,0,0,0,1,0
00074844.png,20,0,0,0,0,0,0,0,0,0,0,0,0,0,0,0,0,0,0,1,0
00074910.png,60,0,0,0,0,0,0,0,0,0,0,0,0,0,0,0,0,0,0,1,0
00075059.png,10,0,0,0,0,0,1,0,0,0,1,0,0,0,0,0,0,0,1,0,1
00075131.png,50,0,0,0,0,0,0,0,0,0,0,0,0,0,0,0,0,0,0,1,0
00075145.png,10,1,0,0,0,0,0,0,0,1,0,0,0,0,0,0,0,0,0,0,1
00075649.png,10,1,0,1,0,0,1,0,0,0,0,0,0,0,0,0,0,0,0,0,1
00075728.png,10,0,0,1,0,0,1,1,0,0,1,0,0,0,0,0,0,0,0,0,1
00075973.png,10,1,1,1,0,0,1,0,0,0,0,1,0,0,0,0,0,0,0,0,1
00076046.png,30,0,0,0,0,0,0,0,0,0,0,0,0,0,0,0,0,0,0,1,0
00076165.png,10,0,0,0,0,0,0,0,0,0,0,0,0,0,0,0,0,0,0,1,0
00076444.png,10,1,0,1,0,0,1,0,0,0,1,1,0,0,0,0,0,0,1,0,1
00076523.png,50,0,0,0,0,0,0,0,0,0,0,0,0,0,0,0,1,0,0,0,1
00076977.png,10,0,0,0,0,0,0,0,0,0,0,0,0,0,0,0,0,0,0,1,0
00076985.png,10,0,0,0,0,0,0,0,0,0,0,0,0,0,0,0,0,0,0,1,0
00077391.png,0,0,0,0,0,0,1,0,0,0,0,0,0,0,0,0,0,0,0,0,1
00077465.png,10,0,1,1,0,0,1,0,0,0,0,0,0,0,0,0,0,0,1,0,1
00077506.png,10,0,0,0,0,0,1,0,0,0,0,1,0,0,0,0,0,0,1,0,1
00077541.png,10,0,0,0,0,0,0,0,0,0,0,0,0,0,0,0,0,0,0,1,0
00077637.png,20,0,0,0,0,0,0,0,0,0,0,0,0,0,0,0,0,0,0,1,0
00077825.png,10,0,0,0,0,0,0,0,0,0,0,0,0,0,0,0,0,0,0,1,0
00077831.png,10,0,0,0,0,0,0,0,0,0,0,0,0,0,0,0,0,0,0,1,0
00077846.png,10,0,0,0,0,0,0,0,0,0,0,0,0,0,0,0,0,0,0,1,0
00078106.png,10,0,0,0,0,0,0,0,0,0,0,0,0,0,0,0,0,0,0,1,0
00078142.png,10,1,0,1,0,0,1,0,0,0,0,0,0,0,0,0,0,0,1,0,1
00078887.png,10,0,0,0,0,0,0,0,0,0,0,0,0,0,0,0,0,0,0,1,0
00079069.png,10,0,0,1,0,0,1,0,0,0,0,0,0,0,0,0,0,0,0,0,1
00079351.png,10,1,0,1,0,0,1,0,0,0,0,0,0,0,0,0,0,0,1,0,1
00079383.png,10,0,0,0,0,0,0,0,0,0,0,0,0,0,0,0,0,0,0,1,0
00079420.png,10,1,0,0,0,0,0,0,0,0,0,0,0,0,0,0,0,0,0,0,0
00079700.png,30,1,0,0,0,0,0,0,0,0,0,0,0,0,0,0,1,0,0,0,1
00079709.png,30,0,0,0,0,0,0,0,0,0,0,0,0,0,0,0,0,0,0,1,0
00079912.png,10,1,0,1,0,0,1,0,0,0,0,0,0,0,0,0,0,0,0,0,1
00080063.png,20,0,0,0,0,0,0,0,0,0,0,0,0,0,0,0,0,0,0,1,0
00080217.png,10,1,0,1,0,0,0,0,0,0,0,0,0,0,0,0,0,0,0,0,1
00080450.png,10,1,0,0,0,0,0,0,0,0,0,0,0,0,0,0,0,0,0,0,0
00080496.png,10,1,0,0,0,0,1,1,0,0,1,0,0,0,0,0,0,0,0,0,1
00080635.png,0,1,0,0,0,0,1,0,0,0,1,0,0,0,0,0,0,0,0,0,1
00080947.png,0,0,0,1,0,0,1,0,0,0,0,0,0,0,0,0,0,0,0,0,1
00080955.png,0,1,0,1,0,0,1,0,0,0,1,0,0,0,0,0,0,0,0,0,1
00080977.png,0,1,1,1,0,0,0,0,0,0,1,0,0,0,0,0,0,0,0,0,1
00081312.png,10,0,0,1,0,0,0,0,1,0,1,0,0,0,0,0,0,0,0,0,1
00081370.png,10,0,0,0,0,0,0,0,0,0,0,0,0,0,0,0,1,0,0,0,1
00081406.png,10,0,0,0,0,0,0,0,0,0,0,0,0,0,0,0,0,0,0,1,0
00081416.png,10,0,1,0,0,0,1,0,0,0,0,0,0,1,0,0,0,0,0,0,1
00081808.png,10,1,0,1,0,0,0,0,0,0,0,0,0,0,1,0,0,0,0,0,1
00081896.png,0,1,0,0,0,0,1,0,0,0,0,0,0,0,0,0,0,0,1,0,1
00081950.png,20,0,0,0,0,0,1,1,0,0,1,0,0,0,0,0,0,0,0,0,1
00082079.png,0,0,1,0,0,0,0,0,0,0,0,0,0,1,0,0,0,0,0,0,1
00082102.png,0,0,0,0,0,0,1,0,0,0,0,0,0,0,0,0,0,0,0,0,1
00082189.png,10,0,0,0,0,0,0,0,1,0,0,1,0,0,0,0,0,0,0,0,1
00082198.png,10,0,0,0,0,0,0,0,1,0,0,0,0,0,0,0,0,0,0,0,1
00082256.png,10,0,0,0,0,0,0,0,0,0,0,0,0,0,0,0,0,0,0,1,0
00082264.png,10,1,0,0,0,0,0,0,0,0,0,0,0,0,0,0,0,0,0,0,0
00082328.png,10,0,0,0,0,0,0,0,0,0,0,0,0,0,0,0,0,0,0,1,0
00082408.png,10,0,1,0,0,0,0,0,0,0,0,1,0,0,1,0,0,0,0,0,1
00082459.png,0,1,0,0,0,0,1,0,1,0,0,0,0,0,0,0,0,0,0,0,1
00082497.png,0,0,0,0,0,0,1,0,0,0,0,0,0,0,0,0,0,0,0,0,1
00082518.png,0,1,0,0,0,0,0,0,0,0,0,0,0,0,0,0,0,0,0,0,0
00082536.png,0,1,0,0,0,0,0,0,0,0,0,0,0,0,0,0,0,0,0,0,0
00082630.png,0,1,0,0,0,0,1,0,0,0,0,0,0,0,0,0,0,0,0,0,1
00083066.png,0,0,0,0,0,0,1,0,0,0,0,0,0,0,0,0,0,0,0,0,1
00083389.png,20,1,0,1,0,0,1,0,0,0,0,0,0,0,0,0,0,0,0,0,1
00083403.png,10,0,0,0,0,0,1,0,0,0,0,0,0,1,0,0,0,0,0,0,1
00083417.png,10,0,0,0,0,0,1,0,0,0,0,1,0,1,0,0,0,0,0,0,1
00083579.png,10,0,0,0,0,0,0,0,0,0,0,0,0,0,1,0,0,0,0,0,1
00083675.png,10,0,0,0,0,0,0,0,0,0,0,0,0,0,0,0,0,0,0,1,0
00083882.png,10,0,0,0,0,0,0,0,0,0,0,0,0,0,0,0,0,0,0,1,0
00084227.png,0,0,0,0,0,0,0,0,0,0,0,0,0,0,0,0,0,0,0,1,0
00084272.png,0,0,0,0,0,0,1,0,0,0,0,0,0,0,0,0,0,0,0,0,1
00084282.png,0,0,0,0,0,0,1,0,0,0,0,0,0,0,0,0,0,0,0,0,1
00084429.png,10,0,0,0,0,0,0,0,0,0,0,0,0,0,0,0,0,0,0,1,0
00084495.png,10,0,0,0,0,0,0,0,0,0,0,0,0,0,0,0,0,0,0,1,0
00084507.png,0,0,0,0,0,0,1,0,0,0,0,0,0,0,0,0,0,0,0,0,1
00084895.png,0,1,0,0,0,0,0,0,0,0,0,0,0,0,0,0,0,0,0,0,0
00084903.png,0,1,0,0,0,0,1,0,0,0,0,0,0,0,0,0,0,0,1,0,1
00084999.png,10,0,0,0,0,0,0,0,0,0,0,0,0,0,0,0,0,0,0,1,0
00085053.png,20,0,0,0,0,0,0,0,0,0,0,0,0,0,0,0,0,0,0,1,0
00085249.png,20,0,0,0,0,0,0,0,0,0,0,0,0,0,0,0,0,0,0,1,0
00085291.png,10,0,0,0,0,0,1,0,0,0,0,0,0,0,0,0,0,0,0,0,1
00085327.png,20,1,0,0,0,0,0,0,0,0,0,0,0,0,0,0,0,0,0,0,0
00085570.png,0,0,0,0,0,0,1,0,0,0,0,0,0,0,0,0,0,0,0,0,1
00085779.png,20,0,0,0,0,0,0,0,0,0,0,0,0,0,0,0,0,0,0,1,0
00085823.png,10,0,0,0,0,0,1,0,0,0,0,1,0,0,0,0,0,0,0,0,1
00085828.png,10,0,0,1,0,0,0,0,0,0,0,1,0,0,0,0,0,0,1,0,1
00086066.png,20,1,0,0,0,0,0,0,0,0,0,0,0,0,0,0,1,0,0,0,1
00086156.png,0,0,0,0,0,0,1,0,0,0,0,1,0,0,0,0,0,0,0,0,1
00086206.png,10,0,0,1,0,0,0,0,0,0,0,1,0,0,0,0,0,0,0,0,1
00086235.png,10,1,0,0,0,0,0,0,0,0,0,0,0,0,0,0,0,0,1,0,1
00086379.png,0,0,0,0,0,0,0,0,0,0,0,0,0,0,0,0,0,0,0,1,0
00086447.png,10,1,0,1,0,0,1,0,0,0,0,1,0,0,0,0,0,0,0,0,1
00086759.png,10,0,1,1,0,0,1,0,0,0,0,0,1,0,0,0,0,0,1,0,1
00086774.png,10,1,0,1,0,0,1,0,0,0,0,1,0,0,0,0,0,0,0,0,1
00087038.png,10,1,0,1,0,0,0,0,0,0,0,0,0,0,0,0,0,0,1,0,1
00087097.png,10,1,0,0,0,0,1,1,0,0,0,0,0,0,0,0,0,0,1,0,1
00087098.png,10,1,0,0,0,0,1,1,0,0,0,1,0,0,0,0,0,0,1,0,1
00087115.png,0,0,0,0,0,0,1,0,0,0,0,0,0,0,0,0,0,0,0,0,1
00087170.png,20,0,0,0,0,0,0,0,0,0,0,0,0,0,0,0,0,0,0,1,0
00087189.png,10,1,0,0,0,0,0,0,0,0,0,0,0,0,0,0,0,0,0,0,0
00087206.png,10,1,0,0,0,0,1,0,0,0,0,0,0,0,0,0,0,0,1,0,1
00087651.png,20,0,0,0,0,0,1,0,0,0,0,0,0,0,0,0,0,0,0,0,1
00087656.png,10,1,0,0,0,0,0,0,0,0,0,0,0,0,0,0,0,0,0,0,0
00087797.png,10,1,0,0,0,0,1,1,0,0,0,1,0,0,0,0,0,0,1,0,1
00087861.png,10,0,0,0,0,0,1,0,0,0,1,1,0,0,0,0,0,0,0,0,1
00087981.png,10,1,0,0,0,0,0,0,0,0,0,0,0,0,0,0,0,0,0,0,0
00088271.png,10,0,0,1,0,0,1,0,0,1,0,1,0,0,0,0,0,0,0,0,1
00088297.png,10,0,0,1,0,0,1,0,0,0,0,1,0,0,0,0,0,0,0,0,1
00088497.png,10,1,0,1,0,0,1,0,0,0,0,0,0,0,0,0,0,0,0,0,1
00088567.png,10,0,1,1,0,0,1,0,0,0,0,1,0,0,0,0,0,0,0,0,1
00088953.png,10,1,0,1,0,0,1,0,0,0,0,1,0,0,0,0,0,0,0,0,1
00089281.png,10,1,0,1,0,0,1,1,0,0,0,0,0,0,0,0,0,0,0,0,1
00089620.png,10,0,1,1,0,0,1,0,0,0,0,0,0,0,0,0,0,0,1,0,1
00089758.png,10,0,0,0,0,0,0,0,0,0,0,0,0,0,0,0,0,0,0,1,0
00089777.png,10,0,0,0,0,0,0,0,0,0,0,0,0,0,0,0,0,0,0,1,0
00089862.png,10,0,0,1,0,0,1,1,0,0,0,0,0,0,0,0,0,0,0,0,1
00090279.png,10,0,0,1,0,0,1,0,0,0,0,0,0,0,0,0,0,0,0,0,1
00090353.png,10,0,0,0,0,0,0,0,0,0,0,0,0,0,0,0,0,0,0,1,0
00090415.png,10,0,0,1,0,0,1,0,0,0,0,0,0,0,0,0,0,0,0,0,1
00090594.png,10,0,0,0,0,0,0,0,0,0,0,0,0,0,0,0,0,0,0,1,0
00090760.png,10,1,0,0,0,0,1,0,0,0,1,0,0,0,0,0,0,0,0,0,1
00090901.png,10,1,0,0,0,0,0,0,0,0,0,0,0,0,0,0,0,0,0,0,0
00091138.png,10,1,0,0,0,0,0,0,0,0,0,0,0,0,0,0,0,0,0,0,0
00091150.png,0,1,0,0,0,0,1,0,0,0,0,0,0,0,0,0,0,0,0,0,1
00091222.png,0,0,0,0,0,0,0,0,0,0,0,0,0,0,0,0,0,0,0,1,0
00091371.png,0,1,0,1,0,0,1,0,0,0,0,0,0,0,0,0,0,0,1,0,1
00091394.png,10,0,0,1,0,0,0,0,0,0,1,1,0,0,0,0,0,0,0,0,1
00091532.png,0,0,0,1,0,0,1,0,0,0,1,0,0,0,0,0,0,0,0,0,1
00091691.png,0,0,0,0,0,0,1,0,0,0,0,0,0,0,0,0,0,0,0,0,1
00091712.png,20,0,0,0,0,0,0,0,0,0,0,0,0,0,0,0,0,0,0,1,0
00091875.png,20,1,0,0,0,0,0,0,0,0,0,1,0,0,0,0,0,0,1,0,1
00091894.png,10,0,0,0,0,0,0,0,0,0,0,0,0,0,0,0,0,0,0,1,0
00091936.png,0,1,0,0,0,0,1,0,0,0,0,0,0,0,0,0,0,0,1,0,1
00092231.png,0,1,0,0,0,0,1,0,0,0,1,0,0,0,0,0,0,0,0,0,1
00092265.png,10,0,0,1,0,0,1,0,0,0,0,0,0,0,1,0,0,0,0,0,1
00092268.png,10,0,1,1,0,0,1,0,0,0,0,0,0,0,0,0,0,0,0,0,1
00092307.png,10,0,0,1,0,0,0,0,0,0,1,0,0,0,0,0,0,0,0,0,1
00092344.png,10,0,0,1,0,0,1,0,0,0,0,1,0,0,1,0,0,0,0,0,1
00092533.png,0,0,0,1,0,0,1,0,0,0,0,0,0,0,0,0,0,0,0,0,1
00092762.png,0,1,0,0,0,0,0,0,0,0,0,0,0,0,0,0,0,0,0,0,0
00093002.png,30,0,0,1,0,0,1,0,0,0,0,1,0,0,0,0,0,0,0,0,1
00093004.png,30,0,0,1,0,0,1,0,0,0,0,1,0,0,0,0,0,0,0,0,1
00093075.png,5,1,0,0,0,0,0,0,0,0,0,0,0,0,0,0,0,0,0,0,0
00093096.png,5,0,0,0,0,0,0,0,0,0,0,0,0,0,0,0,0,0,0,1,0
00093109.png,5,1,0,0,0,0,0,0,0,0,0,0,0,0,0,0,0,0,1,0,1
00093124.png,5,0,0,0,0,0,0,0,0,0,0,0,0,0,0,0,0,0,0,1,0
00093128.png,5,0,0,0,0,0,0,0,0,0,0,0,0,0,0,0,0,0,0,1,0
00093132.png,5,0,0,0,0,0,0,0,0,0,0,0,0,0,0,0,0,0,0,1,0
00093401.png,10,0,0,0,0,0,0,0,0,0,0,0,0,0,0,0,0,0,0,1,0
00093688.png,10,1,0,0,0,0,0,0,0,0,0,0,0,0,0,0,0,0,0,0,0
00093824.png,10,0,0,0,0,0,0,0,0,0,0,0,0,0,0,0,0,0,0,1,0
00093938.png,10,0,0,0,0,0,0,0,0,0,0,0,0,0,0,0,0,0,0,1,0
00094024.png,0,1,0,0,0,0,0,0,0,0,0,0,0,0,0,0,0,0,1,0,1
00094190.png,0,0,0,1,0,0,0,0,0,0,1,0,0,0,0,0,0,0,0,0,1
00094408.png,10,0,0,1,0,0,1,0,0,0,0,1,0,0,0,0,0,0,0,0,1
00094409.png,10,0,0,1,0,0,1,0,0,0,1,1,0,0,1,0,0,0,0,0,1
00094413.png,10,0,1,1,0,0,1,0,0,0,1,1,0,0,1,0,0,0,0,0,1
00094647.png,10,0,0,0,0,0,0,0,0,0,0,0,0,0,0,0,0,0,0,1,0
00095044.png,0,0,0,0,0,0,0,0,0,0,0,0,0,0,0,0,0,0,1,0,1
00095045.png,0,0,1,0,0,0,0,0,0,0,0,0,0,0,0,0,0,0,1,0,1
00095202.png,0,0,0,0,0,0,0,0,0,0,0,0,0,0,0,0,0,0,0,1,0
00095497.png,0,1,0,0,0,0,0,0,0,0,0,0,0,0,0,0,0,0,1,0,1
00095563.png,0,1,0,0,0,0,0,0,0,0,0,0,0,0,0,0,0,0,1,0,1
00095679.png,2,0,0,0,0,0,0,0,0,0,0,0,0,0,0,0,0,0,0,1,0
00096073.png,10,0,0,0,0,0,0,0,0,0,0,0,1,0,0,0,0,0,0,0,1
00096586.png,30,1,0,0,0,0,1,0,0,0,0,0,0,1,0,0,0,0,0,0,1
00096694.png,10,0,0,0,0,0,0,0,0,0,0,0,0,0,1,0,0,0,0,0,1
00096720.png,10,0,0,0,0,0,0,0,0,0,0,0,0,0,0,0,0,0,0,1,0
00096863.png,0,0,0,0,0,0,1,0,0,0,0,0,0,0,0,0,0,0,0,0,1
00096879.png,10,1,0,1,0,0,0,0,0,0,0,0,0,0,0,0,0,0,0,0,1
00096950.png,0,0,1,0,0,0,0,0,0,0,1,1,0,0,1,0,0,0,0,0,1
00096985.png,0,1,0,0,0,0,1,0,0,0,0,0,0,0,0,0,0,0,1,0,1
00097022.png,0,1,0,0,0,0,1,0,0,0,1,0,0,0,0,0,0,0,0,0,1
00097120.png,0,0,0,0,0,0,0,0,0,0,0,0,0,0,0,0,0,0,1,0,1
00097217.png,0,1,0,0,0,0,1,0,0,0,0,0,0,0,0,0,0,0,1,0,1
00097237.png,0,1,1,0,0,0,1,0,0,0,0,0,0,0,0,0,0,0,0,0,1
00097306.png,0,0,0,0,0,0,1,0,0,0,1,0,0,0,0,0,0,0,0,0,1
00097633.png,10,1,0,1,0,0,0,0,0,0,0,1,0,0,0,0,0,0,0,0,1
00098031.png,0,1,0,0,0,0,0,0,0,0,1,0,0,0,0,0,0,0,1,0,1
00098166.png,0,1,0,0,0,0,0,0,0,0,1,1,0,0,0,0,0,0,0,0,1
00098184.png,0,0,0,0,0,0,1,0,0,0,0,0,0,0,0,0,0,0,0,0,1
00098278.png,0,0,0,0,0,0,1,0,0,0,0,0,0,0,0,0,0,0,0,0,1
00098399.png,0,1,1,0,0,0,1,0,0,0,0,0,0,0,0,0,0,0,1,0,1
00098435.png,0,1,0,0,0,0,0,0,0,0,0,0,0,0,0,0,0,0,1,0,1
00098549.png,10,1,0,0,0,0,0,0,0,0,0,0,0,0,0,0,0,0,0,0,0
00098570.png,10,0,0,0,0,0,0,0,0,0,0,0,0,0,0,0,0,0,0,1,0
00098761.png,0,1,1,0,0,0,0,0,0,0,0,0,0,0,0,0,0,0,1,0,1
00099017.png,0,0,0,0,0,0,1,0,0,0,1,0,0,0,0,0,0,0,0,0,1
00099025.png,0,1,1,0,0,0,0,0,0,0,1,0,0,1,0,0,0,0,0,0,1
00099236.png,0,1,0,0,0,0,1,0,0,0,0,0,0,1,0,0,0,0,0,0,1
00099428.png,0,1,0,1,0,0,1,0,0,0,1,1,0,0,0,0,0,0,1,0,1
00099432.png,20,1,0,1,0,0,1,0,0,0,1,1,0,0,0,0,0,0,0,0,1
00099505.png,10,0,0,1,0,0,1,0,0,0,0,0,0,0,0,0,0,0,0,0,1
00100111.png,2,0,0,0,0,0,0,0,0,0,0,0,0,0,0,0,0,0,0,1,0
00100181.png,10,0,0,0,0,0,0,0,0,0,0,0,0,0,0,0,0,0,0,1,0
00100228.png,5,0,0,0,0,0,0,0,0,0,0,0,0,0,0,0,0,0,0,1,0
00100312.png,20,0,0,0,0,0,0,0,0,0,0,0,0,0,0,0,0,0,0,1,0
00100459.png,5,0,0,0,0,0,0,0,0,0,0,0,0,0,0,0,0,0,0,1,0
00100482.png,2,0,0,1,0,0,0,0,0,0,0,0,0,0,0,0,0,0,1,0,1
00100635.png,10,0,1,1,0,0,1,0,0,0,0,0,0,0,1,0,0,0,0,0,1
00100764.png,10,0,0,0,0,0,0,0,0,0,0,0,0,0,0,0,0,0,0,1,0
00100906.png,2,0,0,0,0,0,0,0,0,0,0,0,0,0,0,0,0,0,0,1,0
00100921.png,2,0,0,0,0,0,0,0,0,0,0,0,0,0,0,0,0,0,0,1,0
00100925.png,2,0,0,0,0,0,0,0,0,0,0,0,0,0,0,0,0,0,0,1,0
00101042.png,10,0,0,0,0,0,0,0,0,0,0,0,0,0,0,0,0,0,0,1,0
00101097.png,10,0,0,0,0,0,1,0,0,0,0,0,0,0,0,0,0,0,0,0,1
00101581.png,10,0,0,1,0,0,1,0,1,0,0,0,0,0,0,0,0,0,0,0,1
00101941.png,2,1,0,0,0,0,0,0,0,0,0,0,0,0,0,0,0,0,1,0,1
00102007.png,0,0,0,0,0,0,1,0,0,0,0,0,0,0,0,0,0,0,0,0,1
00102193.png,10,0,0,0,0,0,1,0,0,0,0,0,0,0,0,0,0,0,0,0,1
00102299.png,0,0,0,0,0,0,1,0,0,0,1,0,0,0,0,0,0,0,0,0,1
00102435.png,0,1,0,0,0,0,1,0,0,0,1,0,0,0,0,0,0,0,0,0,1
00102592.png,20,1,0,0,0,0,0,0,0,0,0,0,0,0,0,0,0,0,0,0,0
00102738.png,10,0,0,0,0,0,0,0,0,0,0,0,0,0,0,0,0,0,0,1,0
00102756.png,20,1,0,0,0,0,1,0,0,0,0,0,0,0,0,0,0,0,0,0,1
00102820.png,10,0,0,0,0,0,0,0,0,0,0,0,0,0,0,0,0,0,0,1,0
00102842.png,0,1,0,0,0,0,0,0,0,0,0,0,1,0,0,0,0,0,0,0,1
00102884.png,10,0,0,0,0,0,0,0,0,0,0,0,0,0,0,0,0,0,0,1,0
00102947.png,0,0,0,0,0,0,1,0,0,0,0,0,0,0,0,0,0,0,0,0,1
00103005.png,0,1,0,0,0,0,1,0,0,0,0,0,0,0,0,0,0,0,1,0,1
00103039.png,0,0,0,0,0,0,0,0,0,0,0,0,0,0,0,0,0,0,0,1,0
00103245.png,0,1,0,0,0,0,1,0,0,0,0,0,0,0,0,0,0,0,0,0,1
00103397.png,0,1,0,0,0,0,0,0,0,0,1,0,0,0,0,0,0,0,0,0,1
00103418.png,0,1,0,0,0,0,1,0,0,0,1,0,0,0,0,0,0,0,1,0,1
00103421.png,0,0,0,0,0,0,1,0,0,0,0,0,0,0,0,0,0,0,1,0,1
00103783.png,0,0,0,0,0,0,1,0,0,0,0,0,0,1,0,0,0,0,0,0,1
00104108.png,10,0,0,0,0,0,0,0,0,0,0,0,0,0,0,0,0,0,0,1,0
00104207.png,0,1,0,0,0,0,1,0,0,0,0,0,0,0,0,0,0,0,0,0,1
00104400.png,20,1,0,0,0,0,0,0,0,0,0,0,0,0,0,0,0,0,0,0,0
00104502.png,20,1,0,0,0,0,1,0,0,0,0,0,0,0,0,0,0,0,0,0,1
00104666.png,10,1,0,1,0,0,1,0,0,0,0,0,0,0,0,0,0,0,0,0,1
00104707.png,0,0,0,1,0,0,1,0,0,0,1,0,0,0,0,0,0,0,0,0,1
00104720.png,0,1,0,1,0,0,1,0,0,0,1,0,0,0,0,0,0,0,0,0,1
00104781.png,0,0,0,1,0,0,1,0,0,0,1,0,0,0,0,0,0,0,0,0,1
00104839.png,10,0,1,0,0,0,1,0,0,0,0,0,0,1,0,0,0,0,0,0,1
00105029.png,10,0,0,0,0,0,0,0,0,0,0,0,0,0,0,0,0,0,0,1,0
00105073.png,10,0,0,0,0,0,0,0,0,0,0,0,0,0,0,0,0,0,0,1,0
00105254.png,0,0,0,0,0,0,1,0,0,0,0,0,0,0,0,0,0,0,0,0,1
00105322.png,10,0,0,0,0,0,1,0,0,0,1,0,0,0,0,0,0,0,0,0,1
00105546.png,0,0,0,0,0,0,1,0,0,0,1,0,0,0,0,0,0,0,0,0,1
00105552.png,0,1,0,0,0,0,0,0,0,0,0,0,0,0,0,0,0,0,0,0,0
00105587.png,0,1,0,0,0,0,0,0,0,0,0,0,0,0,0,0,0,0,1,0,1
00105684.png,0,0,0,0,0,0,0,0,0,0,1,0,0,1,0,0,0,0,0,0,1
00105689.png,0,1,0,0,0,0,1,0,0,0,0,0,0,0,0,0,0,0,0,0,1
00105699.png,10,0,0,1,0,0,1,0,0,0,0,0,0,0,0,0,0,0,0,0,1
00105700.png,10,0,0,1,0,0,1,0,0,0,0,0,0,0,0,0,0,0,0,0,1
00105779.png,10,0,0,0,0,0,0,0,0,0,0,0,0,0,0,0,0,0,0,1,0
00105843.png,0,0,0,0,0,0,1,0,0,0,1,0,0,1,0,0,0,0,0,0,1
00105909.png,5,0,1,0,0,0,1,0,1,0,0,0,0,1,0,0,0,0,1,0,1
00105960.png,0,1,0,0,0,0,1,0,0,0,1,0,0,0,0,0,0,0,0,0,1
00106181.png,10,0,0,0,0,0,1,0,0,0,1,0,0,0,0,0,0,0,0,0,1
00106285.png,0,1,1,0,0,0,1,0,0,0,0,0,0,0,0,0,0,0,1,0,1
00106448.png,0,1,0,0,0,0,1,0,0,0,0,0,0,0,0,0,0,0,1,0,1
00106497.png,10,0,0,0,0,0,0,0,0,0,0,0,0,0,0,0,0,0,0,1,0
00106530.png,10,1,0,1,0,0,1,0,1,0,0,0,0,0,0,0,0,0,0,0,1
00106632.png,0,0,0,1,0,0,1,0,0,0,0,0,0,0,0,0,0,0,0,0,1
00106805.png,0,1,0,0,0,0,1,0,0,0,0,0,0,0,0,0,0,0,1,0,1
00106961.png,20,0,0,1,0,0,1,0,0,0,0,0,0,0,1,0,0,0,0,0,1
00107112.png,10,1,0,1,0,0,1,0,0,0,0,0,0,0,0,0,0,0,0,0,1
00107119.png,10,0,0,1,0,0,1,0,0,0,0,0,0,0,0,0,0,0,0,0,1
00107281.png,10,0,0,0,0,0,0,0,0,0,0,0,0,0,0,0,0,0,0,1,0
00107559.png,10,1,1,1,0,0,1,0,0,0,0,1,0,0,0,0,0,0,0,0,1
00107679.png,0,0,0,0,0,0,1,0,0,0,0,0,0,0,0,0,0,0,1,0,1
00107687.png,10,1,0,1,0,0,1,0,0,0,0,0,0,0,0,0,0,0,1,0,1
00107844.png,10,1,0,0,0,0,1,0,0,0,1,0,0,0,0,0,0,0,0,0,1
00107889.png,0,0,0,0,0,0,1,0,0,0,1,0,0,1,0,0,0,0,1,0,1
00108058.png,10,0,0,1,0,0,0,0,0,0,0,0,0,0,1,0,0,0,0,0,1
00108178.png,10,0,1,1,0,0,0,0,0,0,0,0,0,0,1,0,0,0,0,0,1
00108189.png,10,0,1,1,0,0,0,0,0,0,0,1,0,0,1,0,0,0,0,0,1
00108407.png,10,0,0,1,0,0,1,0,0,0,0,0,0,0,0,0,0,0,0,0,1
00108583.png,10,0,0,1,0,0,1,0,1,0,0,0,0,0,0,0,0,0,1,0,1
00108776.png,10,0,0,1,0,0,1,0,1,0,0,0,0,0,0,0,0,0,0,0,1
00108942.png,20,1,0,0,0,0,0,0,0,0,1,0,0,1,0,0,0,0,0,0,1
00109041.png,0,0,0,0,0,0,0,0,0,0,0,0,0,0,0,0,0,0,1,0,1
00109047.png,0,0,0,0,0,0,0,0,0,0,0,0,0,0,0,0,0,0,0,1,0
00109130.png,10,0,0,1,0,0,1,0,0,0,0,1,0,0,0,0,0,0,0,0,1
00109230.png,10,0,1,1,0,0,1,0,0,0,0,0,0,0,0,0,0,0,1,0,1
00109386.png,10,1,0,1,0,0,0,0,0,0,0,0,0,0,0,0,0,0,0,0,1
00109421.png,10,1,0,0,0,0,0,0,0,0,0,0,0,0,0,0,0,0,0,0,0
00109429.png,10,0,1,1,0,0,1,0,0,0,0,0,0,0,0,0,0,0,1,0,1
00109588.png,10,1,1,1,0,0,1,0,0,0,0,1,0,0,0,0,0,0,0,0,1
00109706.png,10,0,0,1,0,0,1,0,0,0,0,0,0,0,0,0,0,0,0,0,1
00109870.png,20,0,0,1,0,0,1,0,0,0,0,1,0,0,0,0,0,0,0,0,1
00110164.png,20,1,0,1,0,0,1,0,0,0,0,0,0,0,0,0,0,0,0,0,1
00110300.png,0,1,0,0,0,0,1,0,0,0,0,0,0,0,0,0,0,0,1,0,1
00110312.png,10,1,0,0,0,0,1,0,0,0,0,0,0,0,0,0,0,0,1,0,1
00110400.png,60,1,0,1,0,0,1,0,0,0,0,1,0,0,0,0,0,0,0,0,1
00110532.png,0,1,0,0,0,0,0,0,0,0,0,0,0,0,0,0,0,0,1,0,1
00110564.png,0,0,0,0,0,0,1,0,0,0,0,0,0,0,0,0,0,0,1,0,1
00110652.png,0,1,0,0,0,0,1,0,0,0,0,0,0,0,0,0,0,0,1,0,1
00110805.png,10,0,0,1,0,0,1,0,0,0,0,0,0,0,0,0,0,0,0,0,1
00110843.png,10,1,0,1,0,0,1,0,0,0,0,0,0,0,0,0,0,0,0,0,1
00110873.png,0,0,0,0,0,0,0,0,0,0,0,0,0,0,0,0,0,0,0,1,0
00111262.png,0,1,0,0,0,0,1,0,0,0,0,0,0,0,0,0,0,0,1,0,1
00111444.png,20,1,0,1,0,0,1,0,0,0,0,1,0,1,0,0,0,0,0,0,1
00111784.png,10,0,0,1,0,0,1,0,0,0,0,0,0,0,0,0,0,0,0,0,1
00111901.png,0,0,0,0,0,0,0,0,0,0,1,0,0,1,0,0,0,0,0,0,1
00111988.png,0,1,0,0,0,0,0,0,0,0,0,0,0,0,0,0,0,0,1,0,1
00112401.png,10,0,0,0,0,0,0,0,0,0,0,0,0,0,0,0,0,0,0,1,0
00112456.png,0,0,0,0,0,0,0,0,0,0,0,0,0,0,0,0,0,0,0,1,0
00112813.png,10,1,0,1,0,0,1,0,0,0,0,0,0,0,0,0,0,0,0,0,1
00112848.png,10,0,0,1,0,0,1,0,0,0,0,0,0,0,0,0,0,0,0,0,1
00112914.png,10,0,0,0,0,0,0,0,0,0,0,0,0,0,0,0,0,0,0,1,0
00112956.png,10,0,0,1,0,0,1,0,0,0,0,1,0,0,0,0,0,0,0,0,1
00112989.png,0,1,0,0,0,0,1,0,0,0,0,0,0,0,0,0,0,0,1,0,1
00113023.png,0,1,0,0,0,0,1,0,0,0,0,0,0,1,0,0,0,0,1,0,1
00113153.png,10,0,0,1,0,0,1,0,0,0,0,1,0,0,0,0,0,0,0,0,1
00113163.png,0,1,0,0,0,0,1,0,0,0,0,0,0,0,0,0,0,0,1,0,1
00113214.png,10,0,0,1,0,0,1,0,0,0,0,0,0,1,1,0,0,0,0,0,1
00113490.png,10,0,0,1,0,0,1,0,0,0,0,0,0,0,0,0,0,0,0,0,1
00113540.png,0,0,0,0,0,0,1,0,0,0,0,0,0,0,0,0,0,0,1,0,1
00113912.png,0,1,0,1,0,0,1,1,0,0,0,0,0,0,0,0,0,0,1,0,1
00114112.png,10,1,0,0,0,0,1,1,0,0,0,1,0,0,0,0,0,0,0,0,1
00114122.png,10,0,0,0,0,0,1,0,0,0,0,1,0,0,0,0,0,0,0,0,1
00114149.png,10,1,0,0,0,0,1,1,0,0,0,0,0,0,0,0,0,0,0,0,1
00114376.png,10,0,0,0,0,0,1,1,0,0,0,0,0,0,0,0,0,0,0,0,1
00114667.png,10,0,0,1,0,0,1,0,0,0,0,0,0,0,0,0,0,0,0,0,1
00114669.png,10,0,0,1,0,0,1,0,1,0,0,0,0,0,0,0,0,0,0,0,1
00114900.png,10,0,0,0,0,0,0,0,0,0,0,0,0,0,0,0,0,0,0,1,0
00115453.png,0,0,1,0,0,0,1,0,0,0,1,0,0,1,0,0,0,0,0,0,1
00115480.png,10,0,0,0,0,0,0,0,0,0,0,0,0,0,0,0,0,0,0,1,0
00115632.png,10,0,0,0,0,0,0,0,0,0,0,0,0,0,0,0,0,0,0,1,0
00115641.png,10,0,0,0,0,0,0,0,0,0,0,0,0,0,0,0,0,0,0,1,0
00115946.png,10,0,0,0,0,0,0,0,0,0,0,0,0,0,0,0,0,0,0,1,0
00115971.png,0,0,0,0,0,0,1,0,0,0,0,0,0,0,0,0,0,0,0,0,1
00116022.png,0,0,0,0,0,0,1,0,1,0,0,0,0,0,0,0,0,0,0,0,1
00116042.png,10,0,0,0,0,0,0,0,0,0,0,0,0,0,0,0,1,0,0,0,1
00116207.png,0,1,0,0,0,0,1,0,0,0,0,0,0,1,0,0,0,0,0,0,1
00116324.png,0,0,0,0,0,0,0,0,0,0,0,0,0,0,0,0,0,0,0,1,0
00116357.png,20,0,0,0,0,0,1,0,0,0,1,0,0,0,0,0,0,0,0,0,1
00116663.png,20,0,0,0,0,0,0,0,0,0,0,0,0,0,0,0,0,0,0,1,0
00116701.png,10,1,0,0,0,0,0,0,0,0,0,0,0,0,0,0,0,0,0,0,0
00116939.png,0,0,0,0,0,0,1,0,1,0,0,0,0,0,0,0,0,0,0,0,1
00117029.png,10,0,0,0,0,0,1,0,0,0,0,1,0,1,0,0,0,0,0,0,1
00117222.png,0,1,1,0,0,0,1,0,0,0,0,0,0,0,0,0,0,0,1,0,1
00117266.png,0,1,0,0,0,0,0,0,0,0,0,1,0,0,0,0,0,0,0,0,1
00117272.png,10,0,0,1,0,0,1,0,0,0,0,1,0,1,0,0,0,0,1,0,1
00117528.png,10,0,0,0,0,0,1,0,0,0,0,1,0,0,1,0,0,0,0,0,1
00117531.png,10,0,0,0,0,0,1,0,0,0,0,1,0,1,0,0,0,0,0,0,1
00117892.png,20,0,0,0,0,0,1,0,0,0,0,0,0,0,0,0,0,0,0,0,1
00117990.png,10,1,0,0,0,0,1,0,0,0,0,0,0,0,0,0,0,0,0,0,1
00118088.png,10,1,0,0,0,0,1,0,0,0,0,0,0,0,0,0,0,0,0,0,1
00118172.png,0,1,0,0,0,0,0,0,0,0,0,0,0,0,0,0,0,0,0,0,0
00118447.png,0,0,0,1,0,0,1,0,0,0,0,0,0,0,0,0,0,0,0,0,1
00118486.png,0,0,0,1,0,0,0,0,0,0,1,0,0,0,0,0,0,0,0,0,1
00118556.png,0,1,0,1,0,0,0,0,0,0,0,0,0,0,0,0,0,0,0,0,1
00118562.png,0,1,0,1,0,0,1,0,0,0,0,0,0,0,0,0,0,0,1,0,1
00119104.png,0,1,0,0,0,0,0,0,0,0,0,0,0,0,0,0,0,0,0,0,0
00119115.png,0,1,0,0,0,0,0,0,0,0,0,0,0,0,0,0,0,0,1,0,1
00119129.png,0,1,0,0,0,0,1,0,0,0,0,0,0,0,0,0,0,0,1,0,1
00119335.png,10,0,0,1,0,0,0,0,0,0,1,0,0,0,0,0,0,0,0,0,1
00119518.png,10,0,1,1,0,0,0,0,0,0,1,1,0,0,1,0,0,0,0,0,1
00119622.png,0,0,0,1,0,0,0,0,0,0,0,0,0,0,0,0,0,0,1,0,1
00119647.png,0,1,0,0,0,0,1,0,0,0,1,0,0,0,0,0,0,0,0,0,1
00119999.png,0,0,0,0,0,0,0,0,0,0,0,0,0,0,0,0,0,0,0,1,0
00120105.png,0,1,0,0,0,0,0,0,0,0,1,0,0,0,0,0,0,0,0,0,1
00120195.png,10,0,0,1,0,0,0,0,0,0,0,0,0,1,0,0,0,0,0,0,1
00120428.png,0,0,0,1,0,0,1,0,1,0,0,0,0,0,0,0,0,0,0,0,1
00120455.png,0,0,0,1,0,0,1,0,0,0,0,0,0,0,0,0,0,0,1,0,1
00120577.png,10,0,0,0,0,0,0,0,0,0,0,0,0,0,0,0,0,0,0,1,0
00120602.png,0,1,0,0,0,0,1,0,0,0,0,0,0,0,0,0,0,0,0,0,1
00120788.png,10,0,0,0,0,0,1,0,0,0,0,0,0,0,0,0,0,0,0,0,1
00120936.png,0,1,0,0,0,0,1,0,0,0,0,0,0,0,0,0,0,0,1,0,1
00121009.png,0,0,0,0,0,0,0,0,0,0,0,0,0,0,0,0,0,0,0,1,0
00121398.png,0,1,0,0,0,0,0,0,0,0,1,0,0,0,0,0,0,0,0,0,1
00121431.png,10,0,0,0,0,0,1,0,0,0,0,0,0,0,1,0,0,0,0,0,1
00121498.png,10,0,0,0,0,0,1,0,0,0,0,0,0,0,1,0,0,0,0,0,1
00121641.png,0,1,0,0,0,0,0,0,0,0,0,0,0,0,0,0,0,0,0,0,0
00121719.png,0,0,0,0,0,0,1,0,0,0,0,0,0,0,0,0,0,0,0,0,1
00121819.png,0,1,0,0,0,0,1,0,0,0,0,0,0,0,0,0,0,0,0,0,1
00122133.png,10,0,0,1,0,0,1,0,0,0,0,0,0,0,0,1,0,0,0,0,1
00122135.png,0,1,1,0,0,0,0,0,0,0,0,0,0,1,0,0,0,0,0,0,1
00122194.png,10,1,0,0,0,0,0,0,0,0,0,0,0,0,0,0,0,0,0,0,0
00122326.png,10,1,0,0,0,0,0,0,0,0,0,0,0,0,0,0,0,0,0,0,0
00122330.png,10,0,0,0,0,0,1,0,0,0,0,0,0,1,0,0,0,0,0,0,1
00122493.png,0,1,0,1,0,0,1,0,0,0,0,0,0,0,0,0,0,0,1,0,1
00122581.png,0,1,0,1,0,0,1,0,0,0,0,0,0,0,0,0,0,0,1,0,1
00122825.png,10,0,0,0,0,0,1,0,0,0,0,0,0,0,0,0,0,0,0,0,1
00123013.png,10,0,0,0,0,0,0,0,0,0,0,0,0,0,0,0,0,0,0,1,0
00123115.png,0,1,1,0,0,0,1,0,0,0,0,0,0,0,0,0,0,0,0,0,1
00123226.png,5,0,0,0,0,0,0,0,0,0,0,0,0,0,0,0,0,0,0,1,0
00123349.png,10,1,0,0,0,0,1,0,0,0,0,0,0,1,0,0,0,0,0,0,1
00123488.png,5,0,0,0,0,0,0,0,0,0,0,0,0,0,0,0,0,0,0,1,0
00123647.png,0,1,1,0,0,0,0,0,0,0,1,0,0,0,0,0,0,0,0,0,1
00123721.png,0,0,0,0,0,0,0,0,0,0,0,0,0,0,0,0,0,0,0,1,0
00123993.png,20,1,0,0,0,0,1,0,0,0,0,0,0,0,0,0,0,0,0,0,1
00123996.png,0,1,0,0,0,0,0,0,0,0,0,0,0,0,0,0,0,0,0,0,0
00124178.png,0,1,0,0,0,0,1,0,0,0,1,0,1,0,0,0,0,0,0,0,1
00124392.png,0,1,0,0,0,0,1,0,0,0,1,0,0,0,0,0,0,0,1,0,1
00124530.png,5,0,0,0,0,0,1,0,0,0,0,0,0,1,0,0,0,0,0,0,1
00124577.png,0,0,0,0,0,0,1,0,0,0,1,0,0,0,0,0,0,0,0,0,1
00124584.png,0,0,0,0,0,0,1,0,1,0,0,0,0,0,0,0,0,0,0,0,1
00124639.png,0,0,0,0,0,0,1,0,0,0,0,0,0,1,0,0,0,0,0,0,1
00124688.png,0,1,0,0,0,0,0,0,0,0,0,0,0,0,0,0,0,0,0,0,0
00124715.png,0,0,0,0,0,0,1,0,0,0,0,0,0,0,0,0,0,0,0,0,1
00124752.png,10,1,0,0,0,0,0,0,0,0,0,0,0,0,0,0,0,0,1,0,1
00124810.png,5,1,0,0,0,0,0,0,0,0,0,0,0,0,0,0,0,0,1,0,1
00125023.png,10,1,0,0,0,0,1,0,0,0,0,0,0,0,0,0,0,0,0,0,1
00125165.png,0,1,0,0,0,0,1,0,0,0,1,0,0,0,0,0,0,0,0,0,1
00125214.png,0,1,0,0,0,0,0,0,0,0,0,0,0,0,0,0,0,0,0,0,0
00125215.png,0,1,1,1,0,0,1,0,0,0,0,0,0,0,0,0,0,0,0,0,1
00125277.png,10,1,1,0,0,0,1,0,0,0,0,0,0,0,1,0,0,0,0,0,1
00125419.png,0,1,0,1,0,0,0,0,1,0,1,0,0,0,0,0,0,0,0,0,1
00125512.png,0,0,0,0,0,0,1,0,1,0,1,0,0,0,0,0,0,0,1,0,1
00125557.png,10,0,1,1,0,0,1,0,0,0,0,0,0,0,0,0,0,0,1,0,1
00125626.png,10,0,0,0,0,0,0,0,0,0,1,0,0,0,0,0,0,0,0,0,1
00126060.png,0,1,0,0,0,0,0,0,0,0,0,0,0,0,0,0,0,0,0,0,0
00126439.png,10,1,0,0,0,0,0,0,0,0,0,0,0,0,0,0,0,0,0,0,0
00126565.png,0,0,0,0,0,0,0,0,0,0,0,0,0,0,0,0,0,0,0,1,0
00126715.png,10,0,0,0,0,0,0,0,0,0,0,0,0,0,0,0,0,0,0,1,0
00126815.png,10,1,0,0,0,0,1,0,0,0,0,0,0,0,0,0,0,0,0,0,1
00126908.png,20,0,0,0,0,0,0,0,0,0,0,0,0,0,0,0,0,0,0,1,0
00127072.png,10,1,1,1,0,0,1,0,0,0,0,0,0,0,0,0,0,0,1,0,1
00127093.png,0,1,0,0,0,0,1,0,0,0,0,0,0,0,0,0,0,0,0,0,1
00127153.png,0,0,0,0,0,0,1,0,0,0,0,0,0,0,0,0,0,0,0,0,1
00127234.png,0,1,0,0,0,0,0,0,0,0,0,0,0,0,0,0,0,0,1,0,1
00127341.png,20,1,0,0,0,0,0,0,0,0,0,0,0,0,0,0,0,0,0,0,0
00127427.png,10,1,0,0,0,0,1,0,0,0,0,0,0,0,0,0,0,0,1,0,1
00127558.png,0,0,0,1,0,0,1,0,0,0,0,0,0,0,1,0,0,0,0,0,1
00127627.png,0,1,0,1,0,0,1,0,0,0,0,0,0,0,0,0,0,0,0,0,1
00127725.png,0,1,0,0,0,0,1,0,1,0,0,0,0,0,0,0,0,0,1,0,1
00127767.png,0,1,1,1,0,0,1,0,0,0,0,0,0,0,0,0,0,0,1,0,1
00127871.png,10,1,0,0,0,0,1,0,0,0,0,0,0,0,0,0,0,0,0,0,1
00127896.png,0,1,0,0,0,0,1,0,0,0,0,0,0,0,0,0,0,0,1,0,1
00127950.png,0,1,1,0,0,0,0,0,0,0,1,0,0,0,1,0,0,0,0,0,1
00128212.png,0,1,0,1,0,0,1,0,0,0,0,0,0,0,0,0,0,0,0,0,1
00128298.png,0,1,0,0,0,0,1,0,0,0,0,0,0,0,0,0,0,0,1,0,1
00128589.png,0,0,0,1,0,0,1,0,1,0,0,0,0,0,0,0,0,0,0,0,1
00128729.png,0,1,0,0,0,0,1,0,0,0,0,0,0,0,0,0,0,0,0,0,1
00128818.png,0,1,0,1,0,0,1,0,0,0,0,0,0,0,0,0,0,0,0,0,1
00129319.png,0,0,0,0,0,0,1,0,1,0,0,0,0,0,0,0,0,0,0,0,1
00129345.png,10,0,0,0,0,0,0,0,0,0,0,0,0,0,0,0,0,0,0,1,0
00129436.png,20,1,0,0,0,0,0,0,0,0,1,0,0,0,0,0,0,0,0,0,1
00129498.png,0,0,0,0,0,0,0,0,0,0,0,0,0,0,0,0,0,0,0,1,0
00129614.png,10,0,0,0,0,0,0,0,0,0,0,0,0,0,0,0,0,0,0,1,0
00129694.png,0,1,0,0,0,0,0,0,1,0,0,0,0,0,0,0,0,0,1,0,1
00129748.png,10,0,0,0,0,0,0,0,0,0,0,0,0,0,0,0,0,0,0,1,0
00129819.png,10,1,0,0,0,0,0,0,0,0,0,0,0,0,0,0,0,0,0,0,0
00129845.png,10,0,0,0,0,0,0,0,0,0,0,0,0,0,0,0,0,0,0,1,0
00130020.png,0,1,0,0,0,0,1,0,0,0,0,0,0,0,0,0,0,0,1,0,1
00130344.png,0,1,0,0,0,0,1,0,0,0,0,0,0,0,0,0,0,0,1,0,1
00130417.png,0,0,0,1,0,0,1,0,0,0,0,0,0,0,0,0,0,0,0,0,1
00130581.png,10,0,0,1,0,0,1,0,1,0,0,0,0,0,0,0,0,0,0,0,1
00130780.png,10,1,0,1,0,0,1,0,0,0,0,0,0,0,0,0,0,0,0,0,1
00130842.png,10,1,0,0,0,0,0,0,0,0,0,0,0,0,0,0,0,0,0,0,0
00130936.png,0,1,0,0,0,0,0,0,0,0,0,0,0,0,0,0,0,0,0,0,0
00131093.png,0,1,0,0,0,0,1,0,0,0,0,0,0,0,0,0,0,0,1,0,1
00131225.png,0,1,0,0,0,0,1,0,0,0,0,0,0,0,0,0,0,0,1,0,1
00131246.png,10,0,0,1,0,0,1,0,0,0,0,0,0,1,0,0,0,0,0,0,1
00131320.png,0,1,1,0,0,0,1,0,0,0,0,0,0,0,0,0,0,0,1,0,1
00131660.png,40,1,0,1,0,0,1,0,0,0,0,1,0,0,0,0,0,0,1,0,1
00131729.png,20,0,0,0,0,0,0,0,0,0,0,0,0,0,0,0,0,0,0,1,0
00131751.png,10,0,0,0,0,0,0,0,0,0,0,0,0,0,0,0,0,0,0,1,0
00131772.png,10,0,0,0,0,0,0,0,0,0,0,0,0,0,0,0,0,0,0,1,0
00131776.png,30,0,0,0,0,0,0,0,0,0,0,0,0,0,0,0,0,0,0,1,0
00131873.png,30,1,0,0,0,0,0,0,0,0,0,0,0,0,0,0,0,0,0,0,0
00131924.png,10,0,0,0,0,0,1,0,0,0,1,0,0,0,0,0,0,0,1,0,1
00131959.png,0,1,0,0,0,0,1,0,0,0,1,0,0,1,0,0,0,0,0,0,1
00132047.png,30,0,0,0,0,0,0,0,0,0,0,0,0,0,0,0,0,0,0,1,0
00132100.png,30,0,0,0,0,0,0,0,0,0,0,0,0,0,0,0,0,0,0,1,0
00132390.png,90,0,0,0,0,0,0,0,0,0,0,0,0,0,0,0,0,0,0,1,0
00132394.png,90,0,0,0,0,0,0,0,0,0,0,0,0,0,0,0,0,0,0,1,0
00132443.png,30,0,0,0,0,0,0,0,0,0,0,0,0,0,0,0,0,0,0,1,0
00132712.png,30,0,0,0,0,0,0,0,0,0,0,0,0,0,0,0,0,0,0,1,0
00132953.png,0,1,0,0,0,0,1,0,0,0,0,0,0,0,0,0,0,0,0,0,1
00133013.png,40,0,0,0,0,0,0,0,0,0,0,0,0,0,0,0,0,0,0,1,0
00133262.png,0,0,0,0,0,0,1,0,0,0,1,0,0,0,0,0,0,0,0,0,1
00133443.png,60,1,0,0,0,0,0,0,0,0,0,0,0,0,0,0,0,0,0,0,0
00133618.png,20,1,0,0,0,0,0,0,0,0,0,0,0,0,0,0,1,0,0,0,1
00133631.png,0,1,0,1,0,0,1,0,0,0,0,0,0,0,0,0,0,0,1,0,1
00133846.png,0,0,0,0,0,0,1,0,0,0,1,1,0,0,0,0,0,0,0,0,1
00133849.png,0,1,0,0,0,0,1,0,0,0,0,0,0,0,0,0,0,0,1,0,1
00133973.png,0,0,0,1,0,0,1,0,0,0,0,0,0,0,0,0,0,0,1,0,1
00134034.png,0,0,0,0,0,0,1,0,0,0,0,0,0,0,0,0,0,0,0,0,1
00134161.png,10,0,0,0,0,0,0,0,0,0,0,0,0,0,0,0,0,0,0,1,0
00134174.png,0,0,0,0,0,0,1,0,0,0,0,0,0,0,0,0,0,0,1,0,1
00134398.png,10,1,0,1,0,0,1,1,0,0,0,0,0,0,0,0,0,0,1,0,1
00134408.png,0,0,0,1,0,0,1,0,0,0,1,0,0,0,0,0,0,0,0,0,1
00134594.png,10,1,0,0,0,0,0,0,0,0,0,0,0,0,0,0,0,0,0,0,0
00134724.png,0,1,0,1,0,0,1,0,0,0,0,0,0,0,0,0,0,0,1,0,1
00135073.png,0,0,0,1,0,0,1,1,0,0,0,0,0,0,0,0,0,0,0,0,1
00135162.png,0,1,0,0,0,0,0,0,0,0,0,0,0,0,0,0,0,0,1,0,1
00135174.png,5,0,0,1,0,0,1,0,0,0,0,0,0,0,0,0,0,0,0,0,1
00135377.png,0,0,0,1,0,0,1,0,0,0,0,0,0,0,0,0,0,0,1,0,1
00135994.png,10,0,0,0,0,0,0,0,0,0,0,1,0,0,0,0,0,0,0,0,1
00136199.png,0,0,0,0,0,0,1,0,0,0,0,0,0,0,0,0,0,0,1,0,1
00136284.png,0,1,0,0,0,0,0,0,0,0,0,0,0,0,0,0,0,0,1,0,1
00136521.png,0,1,0,0,0,0,0,0,0,0,0,0,0,0,0,0,0,0,0,0,0
00136627.png,0,1,0,1,0,0,1,0,0,0,1,0,0,0,0,0,0,0,1,0,1
00136695.png,50,0,0,0,0,0,0,0,0,0,0,0,0,0,0,0,0,0,0,1,0
00136718.png,10,0,0,1,0,0,1,1,0,0,1,0,0,0,0,0,0,0,1,0,1
00136892.png,20,0,0,1,0,0,1,0,0,0,0,1,0,0,0,0,0,0,0,0,1
00137217.png,5,1,0,1,0,0,1,0,0,0,1,0,0,0,0,0,0,0,1,0,1
00137475.png,0,0,0,0,0,0,1,0,1,0,1,0,0,0,0,0,0,0,0,0,1
00137486.png,0,0,0,1,0,0,1,0,1,0,0,0,0,0,0,0,0,0,0,0,1
00137500.png,0,0,0,1,0,0,1,0,0,0,1,0,0,0,0,0,0,0,0,0,1
00137563.png,0,0,0,0,0,0,0,0,0,0,1,1,0,0,0,0,0,0,1,0,1
00137635.png,0,0,0,1,0,0,1,0,0,0,0,0,0,0,0,0,0,0,0,0,1
00137693.png,10,0,0,0,0,0,0,0,0,0,0,0,0,0,0,0,0,0,0,1,0
00137760.png,0,1,0,0,0,0,1,0,1,0,1,0,0,0,0,0,0,0,0,0,1
00138316.png,10,1,0,0,0,0,1,0,0,0,0,0,0,1,0,0,0,0,0,0,1
00138544.png,10,1,0,0,0,0,1,0,1,0,0,0,0,0,0,0,0,0,0,0,1
00138830.png,30,1,0,1,0,0,1,0,0,0,0,0,0,0,0,0,0,0,0,0,1
00139078.png,10,0,0,1,0,0,1,0,0,0,0,0,0,1,0,0,0,0,0,0,1
00139195.png,30,0,0,1,0,0,1,0,0,0,0,1,0,0,0,0,0,0,0,0,1
00139409.png,10,0,0,0,0,0,0,0,0,0,0,0,0,0,0,0,0,0,0,1,0
00139442.png,20,0,0,0,0,0,0,0,0,0,0,0,0,0,0,0,0,0,0,1,0
00139735.png,20,0,0,0,0,0,0,0,0,0,0,0,0,0,0,0,0,0,0,1,0
00139877.png,10,0,0,0,0,0,1,0,0,0,0,0,0,1,0,0,0,0,0,0,1
00140168.png,10,1,0,1,0,0,1,0,0,0,0,0,0,0,0,0,0,0,0,0,1
00140186.png,0,0,0,0,0,0,0,0,0,0,0,0,0,0,0,0,0,0,1,0,1
00140509.png,10,0,0,0,0,0,0,0,0,0,0,0,0,0,0,0,0,0,0,1,0
00140620.png,0,1,1,0,0,0,1,0,0,0,0,0,0,0,0,0,0,0,1,0,1
00140635.png,10,1,0,0,0,1,0,0,0,0,0,1,0,0,0,0,0,0,0,0,1
00140710.png,90,0,0,0,0,0,0,0,0,0,0,0,0,0,0,0,0,0,0,1,0
00141072.png,0,1,0,0,0,0,0,0,0,0,0,0,0,0,0,0,0,0,0,0,0
00141260.png,0,0,0,1,0,0,1,0,0,0,1,1,0,0,0,0,0,0,0,0,1
00141306.png,0,1,1,1,0,0,1,0,0,0,1,0,0,0,0,0,0,0,1,0,1
00141454.png,0,1,0,0,0,0,1,0,0,0,0,0,0,0,0,0,0,0,0,0,1
00141509.png,40,1,0,0,0,0,0,0,0,0,0,0,0,0,0,0,1,0,0,0,1
00141561.png,10,0,0,0,0,0,0,0,0,0,0,0,0,0,0,0,0,0,0,1,0
00141563.png,10,0,0,0,0,0,0,0,0,0,0,0,0,0,0,0,0,0,0,1,0
00141601.png,10,0,0,0,0,0,0,0,0,0,0,0,0,0,0,0,0,0,0,1,0
00141620.png,10,1,0,0,0,0,0,0,0,0,0,0,0,0,0,0,0,0,0,0,0
00141636.png,0,1,0,1,0,0,1,0,0,0,1,0,0,0,0,0,0,0,1,0,1
00141752.png,0,1,0,1,0,0,1,0,0,0,0,0,0,0,0,0,0,0,0,0,1
00141760.png,0,0,0,0,0,0,1,0,0,0,0,0,0,0,0,0,0,0,0,0,1
00141796.png,0,0,0,1,0,0,1,0,0,0,1,1,0,0,0,0,0,0,1,0,1
00141943.png,40,1,0,0,0,0,0,0,0,0,0,0,0,0,0,0,0,0,0,0,0
00141984.png,10,0,0,0,0,0,0,0,0,0,0,0,0,0,0,0,0,0,0,1,0
00142004.png,0,1,0,0,0,0,1,0,0,0,0,0,0,0,0,0,0,0,1,0,1
00142029.png,0,1,0,0,0,0,1,0,0,0,1,0,0,0,0,0,0,0,0,0,1
00142216.png,0,1,0,0,0,0,1,0,1,0,0,0,0,0,0,0,0,0,1,0,1
00142317.png,10,0,0,0,0,0,0,0,0,0,0,0,0,0,0,0,0,0,0,1,0
00142642.png,5,0,0,0,0,0,0,0,0,0,0,0,0,0,0,0,0,0,0,1,0
00142808.png,0,1,0,0,0,0,1,0,0,0,0,0,0,0,0,0,0,0,1,0,1
00142846.png,10,0,0,0,0,0,0,0,0,0,0,0,0,0,0,0,0,0,0,1,0
00142932.png,5,1,0,0,0,0,0,0,0,0,1,0,0,0,0,0,0,0,0,0,1
00142956.png,0,1,0,0,0,0,0,0,0,0,1,0,0,0,0,0,0,0,1,0,1
00143128.png,0,1,0,0,0,0,1,0,0,0,1,1,0,0,0,0,0,0,1,0,1
00143254.png,10,0,0,0,0,1,0,0,0,0,0,0,0,0,0,0,0,0,0,0,1
00143332.png,40,1,0,0,0,0,0,0,0,0,0,0,0,0,0,0,0,0,0,0,0
00143385.png,0,1,0,0,0,0,0,0,0,0,1,1,0,0,0,0,0,0,1,0,1
00143395.png,5,0,0,0,0,0,0,0,0,0,0,0,0,0,0,0,0,0,0,1,0
00143600.png,5,0,0,0,0,0,0,0,0,0,0,0,0,0,0,0,0,0,0,1,0
00143937.png,10,0,0,1,0,0,1,0,0,0,0,0,0,0,0,0,0,0,0,0,1
00144147.png,0,0,0,0,0,0,0,0,0,0,0,0,0,0,0,0,0,0,1,0,1
00144163.png,10,0,0,0,0,0,0,0,0,0,0,0,0,0,0,0,0,0,1,0,1
00144322.png,10,1,0,1,0,0,1,0,0,0,1,0,0,0,0,0,0,0,0,0,1
00144342.png,0,1,0,0,0,0,1,0,1,0,1,0,0,0,0,0,0,0,0,0,1
00144634.png,0,0,0,0,0,0,0,0,0,0,0,0,0,0,0,0,0,0,0,1,0
00144704.png,10,0,0,0,0,0,1,0,0,0,0,0,0,1,0,0,0,0,0,0,1
00144773.png,10,0,0,0,0,0,0,0,0,0,0,0,0,0,0,0,0,0,0,1,0
00144921.png,10,0,0,0,0,0,0,0,0,0,0,0,0,0,0,0,0,0,0,1,0
00145152.png,5,0,0,0,0,0,0,0,0,0,0,0,0,0,0,0,0,0,0,1,0
00145227.png,0,1,0,0,0,0,1,0,0,0,0,0,0,0,0,0,0,0,1,0,1
00145343.png,0,0,0,0,0,0,1,0,0,0,0,0,0,0,0,0,0,0,0,0,1
00145365.png,5,0,0,0,0,0,0,0,0,0,0,0,0,0,0,0,0,0,0,1,0
00145420.png,0,1,0,0,0,0,1,0,0,0,0,0,0,0,0,0,0,0,1,0,1
00145507.png,0,0,0,0,0,0,1,0,0,0,1,0,0,0,0,0,0,0,0,0,1
00145749.png,0,1,0,0,0,0,0,0,0,0,0,0,1,0,0,0,0,0,1,0,1
00145770.png,0,1,0,0,0,0,1,0,0,0,1,0,0,0,0,0,0,0,1,0,1
00145827.png,0,1,0,0,0,0,0,0,0,0,0,0,0,0,0,0,0,0,1,0,1
00145902.png,0,1,0,0,0,0,1,0,0,0,0,0,0,0,0,0,0,0,0,0,1
00145930.png,0,1,0,0,0,0,0,0,0,0,1,0,0,0,0,0,0,0,0,0,1
00145937.png,10,1,0,0,0,0,1,0,0,0,1,0,0,0,0,0,0,0,0,0,1
00146111.png,10,1,0,0,0,0,1,0,0,0,0,0,0,0,0,0,0,0,0,0,1
00146326.png,0,1,0,0,0,0,0,0,0,0,0,0,0,0,0,0,0,0,1,0,1
00146503.png,0,1,0,0,0,0,0,0,0,0,0,0,0,0,0,0,0,0,0,0,0
00146541.png,0,1,1,0,0,0,1,0,0,0,1,0,0,0,0,0,0,0,0,0,1
00146544.png,0,1,0,0,0,0,1,0,0,0,1,0,0,0,0,0,0,0,0,0,1
00146617.png,0,0,0,0,0,0,1,0,0,0,1,0,0,1,0,0,0,0,0,0,1
00146640.png,0,1,0,0,0,0,1,0,0,0,0,0,0,0,0,0,0,0,1,0,1
00146862.png,5,0,0,1,0,0,1,0,0,0,0,0,0,0,1,0,0,0,0,0,1
00146887.png,0,0,0,0,0,0,1,0,0,0,1,0,0,0,0,0,0,0,1,0,1
00147095.png,0,1,1,0,0,0,1,0,0,0,0,0,0,0,0,0,0,0,1,0,1
00147256.png,10,0,0,1,0,0,1,0,0,0,0,0,0,0,0,0,0,0,0,0,1
00147602.png,10,1,0,0,0,0,0,0,0,0,0,0,0,0,0,0,0,0,0,0,0
00147643.png,20,0,0,0,0,0,0,0,0,0,0,0,0,0,0,0,0,0,0,1,0
00147683.png,10,1,0,0,0,0,1,0,0,0,0,0,0,0,0,0,0,0,0,0,1
00147700.png,10,1,0,0,0,0,0,0,0,0,1,0,0,0,0,0,0,0,0,0,1
00147705.png,30,0,0,0,0,0,0,0,0,0,0,0,0,0,0,0,0,0,0,1,0
00147785.png,10,0,0,0,0,0,0,0,0,0,0,0,0,0,0,0,0,0,0,1,0
00147938.png,10,0,0,0,0,0,0,0,0,0,0,0,0,0,0,0,0,0,0,1,0
00147963.png,20,0,0,0,0,0,0,0,0,0,0,0,0,0,0,0,0,0,0,1,0
00147971.png,10,0,0,0,0,0,0,0,0,0,1,0,0,0,0,0,0,0,0,0,1
00147978.png,10,0,0,0,0,0,0,0,0,0,0,0,0,0,0,0,0,0,0,1,0
00148043.png,10,0,0,0,0,0,0,0,0,0,1,0,0,0,0,0,0,0,1,0,1
00148050.png,10,0,0,0,0,0,0,0,0,0,1,0,0,1,0,0,0,0,0,0,1
00148057.png,10,0,0,0,0,0,0,0,0,0,1,0,0,0,0,0,0,0,0,0,1
00148097.png,10,1,0,0,0,0,0,0,0,0,0,0,0,0,0,0,0,0,0,0,0
00148195.png,10,1,0,0,0,0,0,0,0,0,0,0,0,0,0,0,0,0,0,0,0
00148201.png,10,1,0,0,0,0,0,0,0,0,1,0,0,0,0,0,0,0,1,0,1
00148380.png,10,1,0,0,0,0,0,0,0,0,1,0,0,0,0,0,0,0,0,0,1
00148529.png,20,0,0,0,0,0,0,0,0,0,0,0,0,0,0,0,0,0,0,1,0
00148682.png,10,0,0,1,0,0,1,0,0,0,0,0,0,0,0,0,0,0,0,0,1
00148783.png,5,0,0,1,0,0,1,0,0,0,0,0,0,0,0,0,0,0,0,0,1
00148866.png,5,0,0,0,0,0,1,0,0,0,0,0,0,0,1,0,0,0,0,0,1
00148924.png,0,0,1,0,0,0,1,0,0,0,1,0,0,0,0,0,0,0,1,0,1
00149207.png,5,0,0,1,0,0,1,0,0,0,1,1,0,0,1,0,0,0,0,0,1
00149251.png,0,1,0,0,0,0,1,0,0,0,0,0,0,0,0,0,0,0,1,0,1
00149294.png,0,1,1,0,0,0,0,0,0,0,1,0,0,0,0,0,0,0,0,0,1
00149318.png,10,0,0,1,0,0,0,0,0,0,0,0,0,0,0,0,0,0,0,0,1
00149413.png,0,0,0,0,0,0,0,0,0,0,0,0,0,0,0,0,0,0,0,1,0
00149454.png,5,0,0,1,0,0,1,0,0,0,0,0,0,1,0,0,0,0,0,0,1
00149480.png,0,1,0,1,0,0,1,0,0,0,1,1,0,0,0,0,0,0,1,0,1
00149902.png,10,0,0,1,0,0,1,0,0,0,1,0,0,0,0,0,0,0,0,0,1
00149976.png,0,0,0,0,0,0,1,0,0,0,0,0,0,0,0,0,0,0,1,0,1
00150014.png,0,0,0,0,0,0,1,0,0,0,1,0,0,0,0,0,0,0,0,0,1
00150019.png,0,0,1,0,0,0,1,0,0,0,0,0,0,0,0,0,0,0,1,0,1
00150194.png,0,1,0,1,0,0,1,0,0,0,0,0,0,1,0,0,0,0,0,0,1
00150566.png,0,1,0,0,0,0,1,0,0,0,1,0,0,0,0,0,0,0,1,0,1
00150998.png,0,0,0,0,0,0,0,0,0,0,0,0,0,0,0,0,0,0,0,1,0
00151017.png,10,0,0,0,0,0,0,0,0,0,0,0,0,0,0,0,0,0,0,1,0
00151235.png,0,1,0,0,0,0,1,0,0,0,0,0,0,0,0,0,0,0,1,0,1
00151261.png,0,1,0,0,0,0,0,0,0,0,0,0,0,0,0,0,0,0,0,0,0
00151306.png,10,0,0,0,0,1,0,0,0,0,0,0,0,0,0,0,0,0,0,0,1
00151561.png,0,1,0,1,0,0,1,0,0,0,0,0,0,0,0,0,0,0,1,0,1
00151601.png,0,1,0,0,0,0,1,0,0,0,0,0,0,0,0,0,0,0,1,0,1
00151723.png,0,1,1,0,0,0,1,0,0,0,0,0,0,0,0,0,0,0,1,0,1
00151847.png,0,1,0,0,0,0,1,0,0,0,0,0,0,0,0,0,0,0,1,0,1
00151900.png,20,0,0,0,0,0,0,0,0,0,0,0,0,0,0,0,0,0,0,1,0
00152016.png,0,1,1,1,0,0,1,0,0,0,0,0,0,0,0,0,0,0,1,0,1
00152039.png,0,0,0,1,0,0,1,0,0,0,0,0,0,0,0,0,0,0,0,0,1
00152076.png,10,0,0,0,0,0,0,0,0,0,0,0,0,0,0,0,0,0,0,1,0
00152095.png,10,0,0,0,0,0,0,0,0,0,0,0,0,0,0,0,0,0,0,1,0
00152177.png,0,1,0,1,0,0,1,0,0,0,1,0,0,0,0,0,0,0,1,0,1
00152306.png,0,0,0,1,0,0,1,0,0,0,0,0,0,0,0,0,0,0,1,0,1
00152384.png,0,1,0,1,0,0,1,0,0,0,0,0,0,0,0,0,0,0,1,0,1
00152577.png,0,1,1,0,0,0,1,0,0,0,0,0,0,0,0,0,0,0,1,0,1
00152682.png,0,1,0,0,0,0,1,0,0,0,1,0,0,0,0,0,0,0,0,0,1
00152732.png,0,0,0,0,0,0,1,0,0,0,1,0,0,0,0,0,0,0,1,0,1
00153724.png,0,0,0,0,0,0,0,0,0,0,0,0,0,0,0,0,0,0,0,1,0
00153758.png,0,0,0,0,0,0,0,0,0,0,0,0,0,0,0,0,0,0,1,0,1
00153866.png,0,1,0,0,0,0,0,0,0,0,0,0,0,0,0,0,0,0,0,0,0
00153954.png,10,0,0,0,0,0,0,0,0,0,0,0,0,0,0,0,0,0,0,1,0
00154001.png,0,1,0,0,0,0,1,0,0,0,1,0,0,0,0,0,0,0,1,0,1
00154245.png,0,0,0,0,0,0,0,0,0,0,0,0,0,0,0,0,0,0,1,0,1
00154391.png,0,1,0,0,0,0,0,0,1,0,0,0,0,0,0,0,0,0,1,0,1
00154423.png,20,0,0,1,0,0,1,0,0,0,0,0,0,0,0,0,0,0,0,0,1
00154688.png,0,0,1,0,0,0,1,0,0,0,1,0,0,0,0,0,0,0,0,0,1
00154854.png,0,0,0,0,0,0,1,0,0,0,0,0,0,0,0,0,0,0,0,0,1
00155173.png,0,1,0,0,0,0,1,0,0,0,0,0,0,0,0,0,0,0,1,0,1
00155688.png,5,1,0,0,0,0,0,0,0,0,0,0,0,0,0,0,0,0,0,0,0
00155698.png,5,1,1,0,0,0,1,0,0,0,1,0,0,0,0,0,0,0,0,0,1
00155714.png,0,1,0,0,0,0,1,0,0,0,0,0,0,0,0,0,0,0,1,0,1
00155764.png,0,1,0,0,0,0,0,0,0,0,1,0,0,0,0,0,0,0,0,0,1
00155786.png,10,1,0,0,0,0,0,0,0,0,0,0,0,0,0,0,0,0,1,0,1
00155825.png,10,0,0,0,0,0,1,0,0,0,1,0,0,0,0,0,0,0,0,0,1
00156068.png,0,0,0,0,0,0,1,0,0,0,1,0,0,1,0,0,0,0,0,0,1
00156460.png,0,0,0,0,0,0,1,0,0,0,1,0,0,1,0,0,0,0,0,0,1
00156557.png,0,0,0,0,0,0,1,0,0,0,0,0,0,1,0,0,0,0,0,0,1
00156671.png,0,0,0,0,0,0,1,0,0,0,1,0,0,0,0,0,0,0,0,0,1
00156700.png,0,1,0,0,0,0,1,0,0,0,0,0,0,0,0,0,0,0,1,0,1
00156702.png,0,1,0,0,0,0,1,0,0,0,0,0,0,0,0,0,0,0,1,0,1
00156713.png,0,1,0,0,0,0,1,0,0,0,0,0,0,0,0,0,0,0,0,0,1
00156904.png,0,1,0,0,0,0,1,0,0,0,0,0,0,0,0,0,0,0,1,0,1
00156912.png,10,1,0,0,0,0,1,0,0,0,1,0,0,0,0,0,0,0,0,0,1
00157078.png,0,1,0,1,0,0,1,0,1,0,0,0,0,0,0,0,0,0,1,0,1
00157129.png,0,0,0,0,0,0,1,0,0,0,0,0,0,0,0,0,0,0,0,0,1
00157147.png,0,1,0,0,0,0,1,0,0,0,0,0,0,0,0,0,0,0,0,0,1
00157151.png,0,0,0,1,0,0,1,0,0,0,0,0,0,0,0,0,0,0,1,0,1
00157286.png,0,1,0,0,0,0,0,0,0,0,0,0,0,0,0,0,0,0,1,0,1
00157305.png,0,1,0,0,0,0,1,0,0,0,0,0,0,0,0,0,0,0,0,0,1
00157452.png,10,0,0,0,0,0,1,0,0,0,0,0,0,1,0,0,0,0,0,0,1
00157557.png,10,0,0,0,0,0,1,0,0,0,0,0,0,0,1,0,0,0,0,0,1
00157858.png,0,1,1,0,0,0,1,0,0,0,0,0,0,0,0,0,0,0,1,0,1
00157955.png,0,0,0,0,0,0,1,0,0,0,1,0,0,0,0,0,0,0,0,0,1
00158077.png,0,1,0,0,0,0,0,0,0,0,0,0,0,0,0,0,0,0,1,0,1
00158092.png,10,1,0,0,0,0,1,0,0,0,0,0,0,0,0,0,0,0,0,0,1
00158354.png,0,0,0,0,0,0,1,0,0,0,0,0,0,0,0,0,0,0,0,0,1
00158393.png,0,1,0,0,0,0,0,0,0,0,1,0,0,0,0,0,0,0,0,0,1
00158836.png,0,1,0,0,0,0,0,0,0,0,0,0,0,0,0,0,0,0,0,0,0
00158842.png,0,1,0,0,0,0,0,0,0,0,0,0,0,0,0,0,0,0,1,0,1
00158965.png,0,1,0,0,0,0,1,0,0,0,1,0,0,1,0,0,0,0,1,0,1
00159086.png,0,1,0,0,0,0,0,0,0,0,0,0,0,0,0,0,0,0,0,0,0
00159218.png,0,1,0,0,0,0,1,0,0,0,1,1,0,0,0,0,0,0,0,0,1
00159384.png,10,1,0,0,0,0,1,0,0,0,0,1,0,0,0,0,0,0,1,0,1
00159825.png,10,1,0,1,0,0,1,0,0,0,1,1,0,0,0,0,0,0,0,0,1
00160056.png,10,0,1,0,0,0,1,0,1,0,0,0,0,0,0,0,0,0,0,0,1
00160286.png,10,1,0,0,0,0,0,0,0,0,0,0,0,0,0,0,0,0,1,0,1
00160584.png,10,1,0,0,0,0,0,0,0,0,0,0,0,0,0,0,0,0,0,0,0
00160890.png,10,0,0,1,0,0,0,0,0,0,0,0,0,0,0,0,0,0,1,0,1
00160981.png,90,1,0,0,0,0,0,0,0,0,0,0,0,0,0,0,0,0,0,0,0
00161016.png,10,1,0,0,0,0,0,0,0,0,0,0,0,0,0,0,0,0,0,0,0
00161060.png,0,1,0,0,0,0,1,0,0,0,0,0,0,0,0,0,0,0,1,0,1
00161210.png,0,1,1,1,0,0,1,0,1,0,0,0,0,1,0,0,0,0,0,0,1
00161213.png,10,1,0,1,0,0,1,0,0,0,0,0,0,1,0,0,0,0,0,0,1
00161422.png,0,0,0,0,0,0,1,0,0,0,0,0,0,0,0,0,0,0,1,0,1
00162043.png,0,1,0,1,0,0,0,0,0,0,0,0,0,0,0,0,0,0,0,0,1
00162054.png,10,0,0,0,0,0,0,0,0,0,0,0,0,0,0,0,1,0,0,0,1
00162080.png,10,1,0,1,0,0,0,0,0,0,0,0,0,0,0,0,0,0,1,0,1
00162101.png,0,1,0,1,0,0,1,0,0,0,0,0,0,0,0,0,0,0,0,0,1
00162257.png,10,1,0,0,0,0,0,0,0,0,0,0,0,0,0,0,0,0,1,0,1
00162428.png,0,1,0,0,0,0,0,0,0,0,0,0,0,0,0,0,0,0,0,0,0
00162443.png,0,1,0,0,0,0,1,0,0,0,0,0,0,0,0,0,0,0,0,0,1
00162555.png,40,0,0,1,0,0,1,0,0,0,0,0,0,0,0,0,0,0,0,0,1
00162656.png,20,0,0,1,0,0,0,0,0,0,1,1,0,0,0,0,0,0,0,0,1
00162659.png,30,0,0,1,0,0,0,0,0,0,0,0,0,0,0,0,0,0,0,0,1
00162726.png,0,0,0,0,0,0,1,0,0,0,1,1,0,0,0,0,0,0,0,0,1
00162918.png,0,0,0,0,0,0,1,0,0,0,1,0,0,0,0,0,0,0,0,0,1
00163031.png,0,0,0,0,0,0,1,0,0,0,0,1,0,0,0,0,0,0,0,0,1
00163054.png,10,0,0,0,0,0,1,0,0,0,0,0,0,0,0,0,0,0,0,0,1
00163382.png,10,0,0,1,0,0,1,0,0,0,0,0,0,0,0,0,0,0,0,0,1
00163705.png,10,0,0,1,0,0,0,0,0,0,0,1,0,0,0,0,0,0,0,0,1
00163802.png,20,0,0,0,0,0,0,0,0,0,0,0,0,0,0,0,0,0,0,1,0
00163850.png,10,0,0,1,0,0,1,0,0,0,0,0,0,0,0,0,0,0,0,0,1
00163913.png,10,1,0,0,0,0,0,0,0,0,0,0,0,0,0,0,0,0,1,0,1
00164406.png,0,0,0,0,0,0,1,0,0,0,0,0,0,0,0,0,0,0,1,0,1
00164409.png,0,1,0,0,0,0,0,0,0,0,0,0,0,0,0,0,0,0,0,0,0
00164580.png,10,0,0,0,0,0,0,0,0,0,0,0,0,0,0,0,0,0,0,1,0
00164618.png,0,0,0,1,0,0,1,0,0,0,1,0,0,0,0,0,0,0,1,0,1
00164637.png,10,0,0,0,0,0,0,0,0,0,0,0,0,0,0,0,0,0,0,1,0
00164919.png,0,1,0,0,0,0,0,0,0,0,0,0,0,0,0,0,0,0,0,0,0
00165098.png,10,0,0,1,0,0,1,0,0,0,0,0,0,0,0,0,0,0,0,0,1
00165171.png,10,0,0,0,0,0,0,0,0,0,1,0,0,0,0,0,0,0,0,0,1
00165175.png,0,1,0,0,0,0,0,0,0,0,0,0,0,0,0,0,0,0,0,0,0
00165570.png,20,1,0,1,0,0,1,0,0,0,0,0,0,0,0,0,0,0,0,0,1
00165720.png,0,0,0,1,0,0,0,0,0,1,0,1,0,0,0,0,0,0,0,0,1
00165960.png,10,0,0,1,0,0,0,0,0,0,1,0,0,0,0,0,0,0,0,0,1
00165999.png,30,1,0,1,0,0,0,0,1,0,0,0,0,0,0,0,0,0,0,0,1
00166025.png,10,0,0,0,0,0,0,0,0,0,0,0,0,0,0,0,0,0,0,1,0
00166034.png,20,0,0,0,0,0,0,0,0,0,0,0,0,0,0,0,0,0,0,1,0
00166343.png,0,0,0,0,0,0,1,0,0,0,1,0,0,0,0,0,0,0,0,0,1
00166374.png,10,1,0,0,0,0,1,0,0,0,0,0,0,0,0,0,0,0,0,0,1
00166587.png,10,0,0,0,0,0,0,0,0,0,0,0,0,0,0,0,0,0,0,1,0
00166592.png,20,1,0,0,0,0,1,0,0,0,0,0,0,0,0,0,0,0,0,0,1
00166691.png,10,0,0,0,0,0,0,0,0,0,0,0,0,0,0,0,0,0,0,1,0
00166769.png,10,0,0,0,0,0,0,0,0,0,0,0,0,0,0,0,0,0,0,1,0
00166797.png,0,0,0,0,0,0,1,0,0,0,0,0,0,0,0,0,0,0,0,0,1
00166831.png,10,0,0,0,0,0,0,0,0,0,0,0,0,0,0,0,0,0,0,1,0
00167038.png,20,1,0,0,0,0,0,0,0,0,0,0,0,0,0,0,0,0,0,0,0
00167436.png,0,1,0,1,0,0,1,0,0,0,1,1,0,0,0,0,0,0,1,0,1
00167596.png,0,1,0,1,0,0,1,0,0,0,0,0,0,0,0,0,0,0,1,0,1
00167814.png,0,0,0,0,0,0,1,0,0,0,1,0,0,0,0,0,0,0,0,0,1
00167957.png,10,1,0,0,0,0,0,0,0,0,0,0,0,0,0,0,0,0,0,0,0
00168131.png,5,0,0,1,0,0,1,0,0,0,0,0,0,0,0,0,0,0,0,0,1
00168137.png,0,1,0,1,0,0,1,0,0,0,1,0,0,0,0,0,0,0,0,0,1
00168368.png,0,0,1,1,0,0,1,0,0,0,1,0,0,0,0,0,0,0,0,0,1
00168393.png,20,1,0,1,0,0,1,0,0,0,1,0,0,0,0,0,0,0,0,0,1
00168417.png,10,0,0,0,0,0,0,0,0,0,0,0,0,0,0,0,0,0,0,1,0
00168550.png,0,1,0,0,0,0,0,0,0,0,0,0,0,0,0,0,0,0,0,0,0
00168613.png,0,0,0,1,0,0,1,0,0,0,0,0,0,0,0,0,0,0,1,0,1
00168909.png,20,0,0,0,0,0,0,0,0,0,0,0,0,0,0,0,0,0,0,1,0
00169132.png,20,0,0,0,0,0,0,0,0,0,0,0,0,0,0,0,0,0,0,1,0
00169147.png,20,0,0,0,0,0,0,0,0,0,0,0,0,0,0,0,0,0,0,1,0
00169257.png,0,0,0,1,0,0,1,0,0,0,0,1,0,0,0,0,0,0,0,0,1
00169329.png,10,0,0,1,0,0,1,0,0,0,0,1,0,0,0,0,0,0,1,0,1
00169400.png,10,0,0,0,0,0,0,0,0,0,1,0,0,0,0,0,0,0,1,0,1
00169723.png,10,0,0,1,0,0,1,0,0,0,0,1,0,0,0,0,0,0,0,0,1
00169735.png,20,1,0,1,0,0,1,0,0,0,1,0,0,0,0,0,0,0,1,0,1
00169778.png,10,0,0,1,0,0,1,0,0,0,0,1,0,0,0,0,0,0,0,0,1
00169835.png,10,0,1,1,0,0,1,0,0,0,0,1,0,0,0,0,0,0,0,0,1
00169844.png,10,1,1,1,0,0,1,0,0,0,0,1,0,0,0,0,0,0,0,0,1
00169908.png,10,0,0,1,0,0,1,0,0,0,0,0,0,0,0,0,0,0,1,0,1
00170015.png,30,1,0,0,0,0,0,0,0,0,0,0,0,0,0,0,0,0,0,0,0
00170050.png,30,0,0,1,0,0,1,0,0,0,0,0,0,0,0,0,0,0,0,0,1
00170075.png,20,0,0,0,0,0,0,0,0,0,0,0,0,0,0,0,0,0,0,1,0
00170092.png,10,0,0,0,0,0,0,0,0,0,0,0,0,0,0,0,0,0,1,0,1
00170185.png,10,1,0,0,0,0,0,0,0,0,0,0,0,0,0,0,0,0,0,0,0
00170295.png,10,1,0,1,0,0,1,0,0,0,0,0,0,0,0,0,0,0,0,0,1
00170340.png,0,0,0,0,0,0,1,0,0,0,0,0,0,0,0,0,0,0,0,0,1
00170572.png,10,0,1,1,0,0,0,0,0,0,0,1,0,0,0,0,0,0,0,0,1
00170685.png,0,1,0,0,0,0,0,0,0,0,0,0,0,0,0,0,0,0,0,0,0
00170713.png,10,1,1,0,0,0,1,0,1,0,0,1,0,0,0,0,0,0,0,0,1
00170890.png,10,1,0,0,0,0,1,0,0,0,0,0,0,0,0,0,0,0,0,0,1
00170938.png,10,1,0,0,0,0,1,0,0,0,0,0,0,0,0,0,0,0,0,0,1
00171079.png,10,1,1,0,0,0,1,0,0,0,0,0,0,0,0,0,0,0,1,0,1
00171280.png,10,1,0,0,0,0,1,0,0,0,0,0,0,0,0,0,0,0,0,0,1
00171467.png,10,1,0,0,0,0,0,0,0,0,0,0,0,0,0,0,0,0,0,0,0
00171575.png,10,0,0,0,0,0,1,1,0,0,1,0,0,0,0,0,0,0,0,0,1
00171713.png,30,0,0,0,0,0,0,0,0,0,0,0,0,0,0,0,0,0,0,1,0
00171928.png,10,1,0,0,0,0,1,0,0,0,1,0,0,0,0,0,0,0,0,0,1
00171989.png,10,0,0,1,0,0,1,0,0,0,0,0,0,0,0,0,0,0,0,0,1
00172114.png,10,1,0,1,0,0,0,0,0,0,1,0,0,0,0,0,0,0,1,0,1
00172183.png,10,0,0,0,0,0,1,0,0,0,0,1,0,0,0,0,0,0,1,0,1
00172298.png,10,1,0,0,0,0,1,0,1,0,1,0,0,0,0,0,0,0,0,0,1
00172424.png,20,0,0,0,0,0,1,0,0,0,0,1,0,0,0,0,0,0,0,0,1
00172533.png,20,1,0,0,0,0,0,0,0,0,0,0,0,0,0,0,0,0,0,0,0
00172760.png,10,1,0,1,0,0,0,0,0,0,0,0,0,0,0,0,0,0,0,0,1
00172870.png,20,0,0,0,0,0,0,0,0,0,0,0,0,0,0,0,0,0,0,1,0
00172920.png,20,0,0,0,0,0,0,0,0,0,0,0,0,0,0,0,0,0,0,1,0
00172956.png,10,0,0,0,0,0,0,0,0,0,0,0,0,0,0,0,0,0,0,1,0
00173124.png,10,0,0,0,0,0,0,0,0,0,0,0,0,0,0,0,0,0,0,1,0
00173131.png,10,0,0,0,0,0,0,0,0,0,0,0,0,0,0,0,0,0,0,1,0
00173149.png,10,0,0,0,0,0,0,0,0,0,0,0,0,0,0,0,0,0,0,1,0
00173291.png,10,0,0,0,0,0,0,0,0,0,0,0,0,0,0,0,0,0,0,1,0
00173318.png,10,0,0,1,0,0,1,0,0,0,0,0,0,1,0,0,0,0,0,0,1
00173724.png,10,0,0,0,0,0,0,0,0,0,0,0,0,0,0,0,0,0,0,1,0
00173899.png,20,0,0,0,0,0,0,0,0,0,0,0,0,0,0,0,0,0,0,1,0
00173959.png,10,0,0,0,0,0,0,0,0,0,0,0,0,0,0,0,0,0,0,1,0
00174140.png,0,0,0,0,0,0,0,0,0,0,0,0,0,0,0,0,0,0,0,1,0
00174162.png,0,1,0,0,0,0,0,0,0,0,0,0,0,0,0,0,0,0,1,0,1
00174570.png,5,0,0,0,0,0,0,0,0,0,0,0,0,0,0,0,0,0,0,1,0
00174577.png,5,0,0,0,0,0,0,0,0,0,0,0,0,0,0,0,0,0,0,1,0
00174897.png,5,0,0,0,0,0,0,0,0,0,0,0,0,0,0,0,0,0,0,1,0
00174913.png,5,0,0,0,0,0,0,0,0,0,0,0,0,0,0,0,0,0,0,1,0
00174988.png,5,0,0,0,0,0,0,0,0,0,0,0,0,0,0,0,0,0,0,1,0
00175078.png,10,1,0,0,0,0,0,0,0,0,0,0,0,0,0,0,0,0,0,0,0
00175368.png,0,0,0,0,0,0,0,0,0,0,0,0,0,0,0,0,0,0,0,1,0
00175458.png,5,0,0,0,0,0,0,0,0,0,0,0,0,0,0,0,0,0,0,1,0
00175516.png,5,1,0,0,0,0,0,0,0,0,0,0,0,0,0,0,0,0,0,0,0
00175678.png,20,1,0,0,0,0,0,0,0,0,0,0,0,0,0,0,0,0,0,0,0
00175803.png,10,0,0,0,0,1,0,0,0,0,0,0,0,0,0,0,0,0,0,0,1
00175965.png,0,0,0,0,0,0,0,0,0,0,0,0,0,0,0,0,0,0,0,1,0
00176341.png,0,1,0,0,0,0,0,0,0,0,0,0,0,0,0,0,0,0,0,0,0
00176413.png,0,1,0,0,0,0,1,0,0,0,1,0,0,1,0,0,0,0,1,0,1
00176534.png,0,0,0,0,0,0,0,0,0,0,0,0,0,0,0,0,0,0,0,1,0
00176688.png,10,0,0,0,0,0,0,0,0,0,0,0,0,0,0,1,0,0,0,0,1
00176771.png,0,0,0,0,0,0,1,0,0,0,1,0,0,1,0,0,0,0,1,0,1
00176783.png,10,0,0,0,0,0,1,0,0,0,0,1,0,0,0,0,0,0,0,0,1
00177092.png,0,0,0,0,0,0,0,0,0,0,0,0,0,0,0,0,0,0,0,1,0
00177233.png,0,1,0,0,0,0,0,0,0,0,0,0,1,0,0,0,0,0,0,0,1
00177769.png,0,0,0,0,0,0,0,0,0,0,0,0,0,1,0,0,0,0,1,0,1
00177797.png,0,1,0,1,0,0,1,0,0,0,1,0,0,0,0,0,0,0,1,0,1
00177878.png,10,0,0,0,0,0,0,0,0,0,0,0,0,0,0,0,0,0,0,1,0
00177974.png,10,0,0,0,0,0,0,0,0,0,0,0,0,0,0,0,0,0,0,1,0
00178441.png,0,1,0,1,1,0,1,0,0,0,0,0,0,0,0,0,0,0,1,0,1
00178947.png,0,1,0,0,0,0,1,0,0,0,0,0,0,1,0,0,0,0,0,0,1
00179021.png,10,1,0,1,0,0,1,0,0,0,0,0,0,0,0,0,0,0,0,0,1
00179071.png,5,0,0,1,0,0,1,0,0,0,0,0,0,0,0,0,0,0,0,0,1
00179090.png,0,0,0,1,0,0,1,0,0,0,0,0,0,1,0,0,0,0,0,0,1
00179197.png,10,0,0,0,0,0,0,0,0,0,0,0,0,0,0,0,0,0,0,1,0
00179259.png,0,1,0,0,0,0,0,0,0,0,0,0,0,0,0,0,0,0,0,0,0
00179261.png,5,0,0,1,0,0,1,0,0,0,0,1,0,0,0,0,0,0,0,0,1
00179262.png,5,0,0,1,0,0,1,0,0,0,0,1,0,0,0,0,0,0,0,0,1
00179536.png,0,0,1,1,0,0,1,0,0,0,1,0,0,0,0,0,0,0,1,0,1
00179542.png,0,1,0,0,0,0,1,0,0,0,1,0,0,0,0,0,0,0,0,0,1
00179594.png,0,1,0,1,0,0,1,0,0,0,1,0,0,0,0,0,0,0,0,0,1
00179687.png,0,0,0,0,0,0,1,0,0,0,0,0,0,0,0,0,0,0,1,0,1
00179821.png,0,1,0,1,0,0,1,0,0,0,0,0,0,0,0,0,0,0,0,0,1
00179902.png,5,0,1,1,0,0,1,0,0,0,0,0,0,0,0,0,0,0,0,0,1
00179920.png,0,1,0,1,0,0,1,0,0,0,0,0,0,0,0,0,0,0,1,0,1
00180070.png,0,1,0,0,0,0,0,0,0,0,0,0,0,0,0,0,0,0,0,0,0
00180088.png,20,1,0,0,0,0,0,0,0,0,1,0,0,0,0,0,0,0,1,0,1
00180193.png,10,1,0,0,0,0,0,0,0,0,0,0,0,0,0,0,0,0,1,0,1
00180246.png,5,0,0,1,0,0,1,0,0,0,1,0,0,0,0,0,0,0,0,0,1
00180260.png,5,0,0,1,0,0,1,0,0,0,1,0,0,0,0,0,0,0,0,0,1
00180436.png,2,0,0,0,0,0,0,0,0,0,0,0,0,0,0,0,0,0,0,1,0
00180554.png,5,0,0,0,0,0,0,0,0,0,0,0,0,0,0,0,0,0,0,1,0
00180589.png,0,0,0,0,0,0,0,0,0,0,0,0,0,0,0,0,0,0,0,1,0
00180754.png,0,0,0,1,0,0,1,0,0,0,0,0,0,0,0,0,0,0,0,0,1
00181257.png,5,0,0,0,0,0,0,0,0,0,0,0,0,0,0,0,0,0,0,1,0
00181396.png,5,0,0,0,0,0,0,0,0,0,0,0,0,0,0,0,0,0,0,1,0
00181416.png,5,0,0,0,0,0,0,0,0,0,0,0,0,0,0,0,0,0,0,1,0
00181664.png,10,1,0,1,0,0,1,0,0,0,1,0,0,0,0,0,0,0,0,0,1
00181951.png,2,0,0,1,0,0,1,0,0,0,0,1,0,0,0,0,0,0,0,0,1
00182193.png,2,0,0,0,0,0,0,0,0,0,0,0,0,0,0,0,0,0,0,1,0
00182725.png,5,1,0,0,0,0,0,0,0,0,0,0,0,0,0,0,0,0,0,0,0
00182807.png,0,0,0,1,0,0,1,0,0,0,0,0,0,1,0,0,0,0,0,0,1
00182992.png,0,1,0,0,0,0,1,0,0,0,0,0,0,0,0,0,0,0,1,0,1
00183061.png,0,0,1,0,0,0,1,0,0,0,0,0,0,0,0,0,0,0,0,0,1
00183102.png,0,1,0,0,0,0,0,0,0,0,0,0,0,0,0,0,0,0,0,0,0
00183142.png,0,1,0,0,0,0,1,0,0,0,0,0,0,0,0,0,0,0,1,0,1
00183288.png,0,0,0,1,0,0,1,0,0,0,0,0,0,0,0,0,0,0,0,0,1
00183384.png,5,0,0,0,0,0,1,0,0,0,1,0,0,0,0,0,0,0,0,0,1
00183500.png,0,0,1,0,0,0,1,0,0,0,0,0,0,0,0,0,0,0,0,0,1
00183760.png,0,0,0,1,0,0,0,0,0,0,0,0,0,0,0,0,0,0,0,0,1
00183826.png,5,0,0,1,0,0,1,0,0,0,0,0,0,0,0,0,0,0,0,0,1
00183839.png,0,1,0,1,0,0,1,0,0,0,0,0,0,0,0,0,0,0,1,0,1
00183845.png,50,1,0,1,0,0,0,0,0,0,0,0,0,0,0,0,0,0,0,0,1
00183962.png,0,1,0,1,0,0,1,0,0,0,0,0,0,0,0,0,0,0,0,0,1
00184068.png,0,0,0,1,0,0,1,0,0,0,0,0,0,0,0,0,0,0,1,0,1
00184183.png,0,0,0,1,0,0,0,0,0,0,0,0,0,0,0,0,0,0,0,0,1
00184285.png,0,1,1,1,0,0,1,0,0,0,0,0,0,0,0,0,0,0,0,0,1
00184383.png,0,0,1,1,0,0,1,0,1,0,0,0,0,0,0,0,0,0,0,0,1
00184523.png,5,1,0,1,0,0,1,0,1,0,0,0,0,0,0,0,0,0,0,0,1
00184650.png,0,1,0,0,0,0,0,0,0,0,0,0,0,0,0,0,0,0,0,0,0
00184714.png,10,0,0,0,0,0,0,0,0,0,0,0,0,0,0,0,0,0,0,1,0
00184767.png,5,0,0,0,0,0,0,0,0,0,0,0,0,0,0,0,0,0,0,1,0
00185301.png,5,1,0,1,0,0,1,1,0,0,0,0,0,0,0,1,0,0,0,0,1
00185313.png,5,0,0,1,0,0,0,0,0,0,0,0,0,0,0,0,0,0,0,0,1
00185338.png,0,1,1,0,0,0,0,0,0,0,0,0,0,0,0,0,0,0,0,0,1
00185410.png,0,0,1,1,0,0,0,0,0,0,1,0,0,0,0,0,0,0,0,0,1
00185569.png,5,1,0,0,0,0,0,0,0,0,0,0,0,0,0,0,0,0,0,0,0
00185603.png,10,0,0,1,0,0,1,0,0,0,0,0,0,0,0,0,0,0,0,0,1
00185605.png,10,0,0,1,0,0,1,0,0,0,0,0,0,0,0,0,0,0,0,0,1
00185686.png,0,0,0,0,0,0,0,0,0,0,0,0,0,0,0,0,0,0,0,1,0
00185693.png,0,0,0,0,0,0,0,0,0,0,0,0,0,0,0,0,0,0,0,1,0
00185771.png,0,1,0,0,0,0,0,0,0,0,0,0,0,0,0,0,0,0,0,0,0
00185783.png,10,0,0,0,0,0,1,0,0,0,0,0,0,0,1,0,0,0,0,0,1
00185948.png,0,0,0,0,0,0,0,0,0,0,0,0,0,0,0,0,0,0,1,0,1
00186240.png,0,0,0,1,0,0,1,0,0,0,0,0,0,0,0,0,0,0,0,0,1
00186560.png,0,1,0,0,0,0,0,0,0,0,0,0,0,0,0,0,0,0,1,0,1
00186649.png,0,0,0,0,0,0,0,0,0,0,0,0,0,0,0,0,0,0,0,1,0
00186701.png,0,0,0,0,0,0,0,0,0,0,0,0,0,0,0,0,0,0,0,1,0
00186707.png,0,0,0,0,0,0,0,0,0,0,0,0,0,0,0,0,0,0,0,1,0
00186771.png,0,1,0,1,0,0,1,0,0,0,1,0,0,0,0,0,0,0,0,0,1
00186832.png,0,1,1,1,0,0,1,0,0,0,1,0,0,0,0,0,0,0,1,0,1
00187251.png,30,1,0,0,0,0,0,0,0,0,0,0,0,0,0,0,0,0,0,0,0
00187265.png,30,0,0,0,0,0,0,0,0,0,0,0,0,0,0,0,0,0,0,1,0
00187329.png,10,0,0,0,0,0,0,0,0,0,0,0,0,0,0,0,0,0,0,1,0
00187388.png,0,0,0,0,0,0,0,0,0,0,0,0,0,0,0,0,0,0,0,1,0
00187431.png,0,0,0,0,0,0,0,0,0,0,0,0,0,0,0,0,0,0,0,1,0
00187437.png,0,0,0,0,0,0,0,0,0,0,0,0,0,0,0,0,0,0,0,1,0
00187585.png,2,0,0,0,0,0,0,0,0,0,0,0,0,0,0,0,0,0,0,1,0
00187621.png,5,0,0,1,0,0,0,0,0,0,0,1,0,0,0,0,0,0,0,0,1
00187704.png,10,0,0,0,0,0,0,0,0,0,0,0,0,0,0,0,0,0,0,1,0
00187742.png,10,0,0,0,0,0,0,0,0,0,0,0,0,0,0,0,0,0,0,1,0
00188007.png,10,0,0,1,0,0,1,0,0,0,0,0,0,0,0,0,0,0,0,0,1
00188021.png,5,0,0,0,0,0,0,0,0,0,0,0,0,0,0,0,0,0,0,1,0
00188075.png,10,0,0,0,0,0,0,0,0,0,0,0,0,0,0,0,0,0,0,1,0
00188236.png,10,0,0,0,0,0,0,0,0,0,0,0,0,0,0,0,0,0,0,1,0
00188239.png,10,0,0,0,0,0,0,0,0,0,0,0,0,0,0,0,0,0,0,1,0
00188428.png,5,0,0,0,0,0,0,0,0,0,0,0,0,0,0,0,0,0,0,1,0
00188482.png,10,0,0,0,0,0,0,0,0,0,0,0,0,0,0,0,0,0,0,1,0
00188764.png,5,0,0,0,0,0,0,0,0,0,0,0,0,0,0,0,0,0,0,1,0
00188794.png,10,0,0,0,0,0,0,0,0,0,0,0,0,0,0,0,0,0,0,1,0
00188867.png,10,0,0,0,0,0,0,0,0,0,0,0,0,0,0,0,0,0,0,1,0
00188935.png,5,0,0,0,0,0,0,0,0,0,0,0,0,0,0,0,0,0,0,1,0
00189599.png,10,0,0,0,0,0,1,0,0,0,0,1,0,0,0,0,0,0,0,0,1
00189636.png,5,0,0,0,0,0,0,0,0,0,0,0,0,0,0,0,0,0,0,1,0
00189690.png,10,0,0,0,0,0,0,0,0,0,0,0,0,0,0,0,0,0,0,1,0
00189774.png,10,0,0,0,0,0,0,0,0,0,0,0,0,0,0,0,0,0,0,1,0
00190475.png,5,0,0,0,0,0,0,0,0,0,0,0,0,0,0,0,0,0,0,1,0
00190553.png,10,0,0,0,0,0,0,0,0,0,0,0,0,0,0,0,0,0,0,1,0
00190592.png,20,0,0,0,0,0,0,0,0,0,0,0,0,0,0,0,0,0,0,1,0
00190790.png,5,0,0,1,0,0,0,0,0,0,0,1,0,0,0,0,0,0,0,0,1
00190815.png,10,0,0,0,0,0,0,0,0,0,0,0,0,0,0,0,0,0,0,1,0
00190837.png,10,0,0,0,0,0,0,0,0,0,0,0,0,0,0,0,0,1,0,0,1
00191172.png,10,0,0,0,0,0,0,0,0,0,0,0,0,0,0,0,0,0,0,1,0
00191181.png,10,0,0,0,0,0,0,0,0,0,0,0,0,0,0,0,0,0,0,1,0
00191202.png,40,1,0,0,0,0,0,0,0,0,0,0,0,0,0,0,0,0,1,0,1
00191445.png,10,0,0,0,0,0,0,0,0,0,0,0,0,0,0,0,0,0,0,1,0
00191588.png,10,0,0,0,0,0,0,0,0,0,0,0,0,0,0,0,0,0,0,1,0
00191835.png,0,0,0,1,0,0,0,0,0,0,0,0,0,0,0,0,0,0,0,0,1
00192083.png,10,0,0,0,0,0,0,0,0,0,0,0,0,0,0,0,0,0,0,1,0
00192111.png,5,0,0,1,0,0,1,0,0,0,0,1,0,1,0,0,0,0,0,0,1
00192169.png,2,1,0,0,0,0,0,0,0,0,0,0,0,0,0,0,0,0,0,0,0
00192311.png,10,0,0,0,0,0,0,0,0,0,0,0,0,0,0,0,0,0,0,1,0
00192375.png,10,0,0,0,0,0,0,0,0,0,0,0,0,0,0,0,0,0,0,1,0
00192442.png,10,0,0,0,0,0,0,0,0,0,0,0,0,0,0,0,0,0,0,1,0
00192492.png,10,1,0,0,0,0,0,0,0,0,0,0,0,0,0,0,0,0,0,0,0
00192605.png,10,0,0,0,0,0,0,0,0,0,0,0,0,0,0,0,0,0,0,1,0
00192642.png,10,0,0,0,0,0,0,0,0,0,0,0,0,0,0,0,0,0,0,1,0
00192684.png,10,0,0,1,0,0,1,0,0,0,0,0,0,1,0,0,0,0,0,0,1
00192819.png,10,0,0,0,0,0,0,0,0,0,0,0,0,0,0,0,0,0,0,1,0
00192895.png,10,0,0,0,0,0,0,0,0,0,0,0,0,0,0,0,0,0,0,1,0
00192970.png,10,0,0,0,0,0,0,0,0,0,0,0,0,0,0,0,0,0,0,1,0
00193089.png,2,0,0,0,0,0,0,0,0,0,0,0,0,0,0,0,0,0,0,1,0
00193226.png,10,0,0,0,0,0,0,0,0,0,0,0,0,0,0,0,0,0,0,1,0
00193321.png,2,0,0,0,0,0,0,0,0,0,0,0,0,0,0,0,0,0,0,1,0
00193405.png,0,0,0,0,0,0,0,0,0,0,0,0,0,0,0,0,0,0,0,1,0
00193532.png,0,0,0,0,0,0,0,0,0,0,0,0,0,0,0,0,0,0,0,1,0
00193678.png,10,0,0,0,0,0,0,0,0,0,0,0,0,0,0,0,0,0,0,1,0
00193695.png,2,0,0,0,0,0,0,0,0,0,0,0,0,0,0,0,0,0,0,1,0
00193746.png,0,0,0,0,0,0,0,0,0,0,0,0,0,0,0,0,0,0,0,1,0
00193764.png,0,0,0,1,0,0,0,0,0,0,0,0,0,1,0,0,0,0,0,0,1
00193765.png,0,0,0,1,0,0,1,0,0,0,0,0,0,0,0,0,0,0,0,0,1
00193866.png,0,0,0,0,0,0,0,0,0,0,0,0,0,0,0,0,0,0,0,1,0
00193926.png,2,0,0,0,0,0,0,0,0,0,0,0,0,0,0,0,0,0,0,1,0
00194168.png,5,0,0,0,0,0,0,0,0,0,0,0,0,0,0,0,0,0,0,1,0
00194294.png,0,0,0,0,0,0,0,0,0,0,0,0,0,0,0,0,0,0,0,1,0
00194354.png,0,1,1,0,0,0,0,0,0,0,0,1,0,0,0,0,0,0,0,0,1
00194549.png,10,0,0,0,0,0,0,0,0,0,0,0,0,0,0,0,0,0,0,1,0
00194567.png,10,0,0,0,0,0,0,0,0,0,0,0,0,0,0,0,0,0,0,1,0
00194606.png,2,0,0,0,0,0,0,0,0,0,0,0,0,0,0,0,0,0,0,1,0
00194743.png,0,1,0,0,0,0,0,0,0,0,0,0,0,0,0,0,0,0,0,0,0
00194800.png,20,0,0,0,0,0,0,0,0,0,0,0,0,0,0,0,0,0,0,1,0
00195090.png,5,1,1,0,0,0,0,0,0,0,0,1,0,0,0,0,0,0,0,0,1
00195112.png,10,0,0,0,0,0,0,0,0,0,0,0,0,0,0,0,0,0,0,1,0
00195153.png,5,1,0,1,0,0,0,0,0,0,0,0,0,0,0,0,0,0,0,0,1
00195191.png,5,0,0,0,0,0,0,0,0,0,0,0,0,0,0,0,0,0,0,1,0
00195454.png,2,0,0,0,0,0,0,0,0,0,0,0,0,0,0,0,0,0,0,1,0
00195575.png,2,0,0,0,0,0,0,0,0,0,0,0,0,0,0,0,0,0,0,1,0
00195578.png,2,0,0,0,0,0,0,0,0,0,0,0,0,0,0,0,0,0,0,1,0
00195721.png,5,0,0,0,0,0,0,0,0,0,0,0,0,0,0,0,0,0,0,1,0
00196015.png,10,0,0,0,0,0,0,0,0,0,0,0,0,0,0,0,0,0,0,1,0
00196060.png,10,0,0,0,0,0,0,0,0,0,0,0,0,0,0,0,0,0,0,1,0
00196119.png,30,0,0,0,0,0,0,0,0,0,0,0,0,0,0,0,0,0,0,1,0
00196243.png,2,1,0,0,0,0,0,0,0,0,0,0,0,0,0,0,0,0,0,0,0
00196466.png,2,1,0,0,0,0,0,0,0,0,0,0,0,0,0,0,0,0,0,0,0
00196740.png,0,1,0,1,0,0,0,0,0,0,0,0,1,0,0,0,0,0,1,0,1
00196741.png,0,1,0,1,0,0,0,0,0,0,0,0,1,0,0,0,0,0,1,0,1
00196760.png,0,1,0,0,0,0,0,0,0,0,0,0,0,0,0,0,0,0,0,0,0
00196841.png,10,0,0,0,0,1,0,0,0,0,0,0,0,0,0,0,0,0,0,0,1
00196851.png,0,1,1,1,0,0,1,0,0,0,0,0,0,0,0,0,0,0,1,0,1
00197009.png,0,0,0,1,0,0,1,0,0,0,1,0,0,0,0,0,0,0,0,0,1
00197113.png,0,0,0,0,0,0,1,0,0,0,0,0,0,1,0,0,0,0,0,0,1
00197223.png,2,0,0,0,0,0,0,0,0,0,0,0,0,0,0,0,0,0,0,1,0
00197228.png,2,0,0,0,0,0,0,0,0,0,0,0,0,0,0,0,0,0,0,1,0
00197238.png,2,0,0,0,0,0,0,0,0,0,0,0,0,0,0,0,0,0,0,1,0
00197368.png,0,1,0,0,0,0,0,0,0,0,0,0,0,0,0,0,0,0,0,0,0
00197380.png,2,1,0,0,0,0,0,0,0,0,0,0,0,0,0,0,0,0,0,0,0
00197527.png,0,0,0,0,0,0,1,0,0,0,0,1,0,0,0,0,0,0,1,0,1
00197652.png,0,0,0,0,0,0,0,0,0,0,0,0,0,1,0,0,0,0,1,0,1
00197716.png,0,1,0,1,0,0,0,0,0,0,0,1,0,0,0,0,0,0,0,0,1
00197745.png,10,0,0,1,0,0,0,0,0,0,0,0,0,0,0,0,0,0,0,0,1
00197829.png,0,1,0,0,0,0,1,0,0,0,0,0,0,0,0,0,0,0,1,0,1
00198079.png,5,1,0,1,0,0,1,0,0,0,0,0,0,0,0,0,0,0,1,0,1
00198092.png,10,0,0,1,0,0,1,0,0,0,0,0,0,1,0,0,0,0,0,0,1
00198151.png,10,0,1,1,0,0,1,0,0,1,0,0,0,0,0,0,0,0,0,0,1
00198170.png,0,0,0,1,0,0,0,0,0,0,0,0,0,0,0,0,0,0,1,0,1
00198435.png,0,1,0,0,0,0,0,0,0,0,0,0,0,0,0,0,0,0,1,0,1
00198447.png,0,0,0,1,0,0,1,0,0,0,0,1,0,0,0,0,0,0,0,0,1
00198754.png,0,0,0,1,0,0,1,0,0,0,0,0,0,0,0,0,0,0,0,0,1
00198762.png,5,1,0,1,0,0,1,0,0,0,0,0,0,0,0,0,0,0,0,0,1
00199446.png,0,1,0,0,0,0,0,0,0,0,0,0,0,0,0,0,0,0,0,0,0
00199862.png,20,1,0,1,0,0,1,0,1,0,0,0,1,0,0,0,0,0,0,0,1
00199937.png,0,0,0,1,0,0,1,0,1,0,0,0,0,0,0,0,0,0,1,0,1
00199953.png,0,0,0,0,0,0,0,0,0,0,0,0,0,0,0,0,0,0,0,1,0
00200112.png,0,0,0,0,0,0,1,0,0,0,0,0,0,1,0,0,0,0,1,0,1
00200176.png,10,0,0,1,0,0,1,0,0,0,0,1,0,0,0,0,0,0,0,0,1
00200264.png,0,0,0,0,0,0,0,0,0,0,0,0,0,0,0,0,0,0,0,1,0
00200267.png,0,0,0,0,0,0,0,0,0,0,0,0,0,0,0,0,0,0,0,1,0
00200493.png,2,0,0,0,0,0,0,0,0,0,0,0,0,0,0,0,0,0,0,1,0
00200498.png,20,1,0,0,0,0,0,0,0,0,0,0,0,0,0,0,0,0,0,0,0
00200812.png,0,1,0,0,0,0,0,0,0,0,0,0,0,0,0,0,0,0,0,0,0
00200829.png,0,1,0,0,0,0,1,0,0,0,1,0,0,0,0,0,0,0,1,0,1
00200838.png,0,1,0,0,0,0,1,0,0,0,0,0,0,0,0,0,0,0,1,0,1
00200912.png,5,1,0,1,0,0,1,0,0,0,0,0,0,0,0,0,0,0,0,0,1
00201068.png,0,1,0,1,0,0,1,0,0,0,0,0,0,0,0,0,0,0,1,0,1
00201234.png,0,1,0,0,0,0,1,0,0,0,0,0,0,0,0,0,0,0,1,0,1
00201312.png,0,0,0,1,0,0,1,0,0,0,1,0,0,0,0,0,0,0,0,0,1
00201608.png,0,0,0,0,0,0,0,0,0,0,0,0,0,0,0,0,0,0,0,1,0
00201738.png,5,0,0,1,0,0,1,0,1,0,0,0,0,1,0,0,0,0,0,0,1
00201982.png,0,0,0,0,0,0,0,0,0,0,0,0,0,0,0,0,0,0,0,1,0
00202017.png,10,1,0,1,0,0,1,0,0,0,0,0,0,0,0,0,0,0,0,0,1
00202019.png,0,0,0,0,0,0,0,0,0,0,0,0,0,1,0,0,0,0,1,0,1
00202029.png,20,1,0,0,0,0,0,0,0,0,0,0,0,0,0,0,0,0,0,0,0
00202109.png,0,0,0,1,0,0,1,0,0,0,0,0,0,0,0,0,0,0,0,0,1
00202222.png,0,1,0,0,0,0,0,0,0,0,0,0,0,0,0,0,0,0,1,0,1
00202280.png,0,0,0,1,0,0,1,0,0,0,0,0,0,0,0,0,0,0,0,0,1
00202391.png,0,0,0,1,0,0,1,0,0,0,0,0,0,0,0,0,0,0,1,0,1
00202452.png,0,0,0,1,0,0,1,0,0,0,0,1,0,0,0,0,0,0,0,0,1
00202881.png,0,1,0,0,0,0,0,0,0,0,0,0,0,0,0,0,0,0,0,0,0
00202970.png,0,1,0,1,0,0,1,0,0,0,0,0,0,0,0,0,0,0,0,0,1
00203166.png,0,1,0,0,0,0,1,0,1,0,0,0,0,0,0,0,0,0,0,0,1
00203207.png,0,1,0,0,0,0,0,0,0,0,0,0,0,0,0,0,0,0,0,0,0
00203475.png,0,0,0,0,0,0,1,0,0,0,0,0,0,0,0,0,0,0,0,0,1
00203543.png,0,1,0,0,0,0,1,0,0,0,0,0,0,0,0,0,0,0,1,0,1
00203743.png,0,0,0,0,0,0,1,0,0,0,0,0,0,0,0,0,0,0,0,0,1
00204118.png,5,1,1,1,0,0,1,0,0,0,0,0,0,0,0,0,0,0,0,0,1
00204224.png,0,1,0,0,0,0,1,0,0,0,1,0,0,0,0,0,0,0,0,0,1
00204421.png,0,0,0,1,0,0,1,0,0,0,0,0,0,1,0,0,0,0,0,0,1
00204433.png,10,0,0,0,0,0,1,0,0,0,0,0,0,0,0,0,0,0,0,0,1
00204505.png,0,1,0,0,0,0,1,0,0,0,0,0,0,0,0,0,0,0,0,0,1
00204972.png,5,0,0,0,0,0,0,0,0,0,0,0,0,0,0,0,0,0,0,1,0
00205016.png,5,0,0,0,0,0,0,0,0,0,0,0,0,0,0,0,0,0,0,1,0
00205019.png,5,0,0,0,0,0,0,0,0,0,0,0,0,0,0,0,0,0,0,1,0
00205076.png,5,0,0,0,0,0,0,0,0,0,0,0,0,0,0,0,0,0,0,1,0
00205259.png,10,0,0,0,0,0,0,0,0,0,0,0,0,0,0,0,0,0,0,1,0
00205324.png,10,0,0,0,0,0,0,0,0,0,0,0,0,0,0,0,0,0,0,1,0
00205377.png,10,0,0,0,0,0,0,0,0,0,0,0,0,0,0,0,0,0,0,1,0
00205395.png,5,0,0,1,0,0,1,0,0,0,0,0,0,0,0,0,0,0,0,0,1
00205442.png,0,0,0,1,0,0,1,0,0,1,1,1,0,0,0,0,0,0,0,0,1
00205510.png,5,0,0,1,0,0,1,0,0,0,0,0,0,0,0,0,0,0,0,0,1
00206851.png,2,0,0,0,0,0,0,0,0,0,0,0,0,0,0,0,0,0,0,1,0
00206853.png,2,0,0,0,0,0,0,0,0,0,0,0,0,0,0,0,0,0,0,1,0
00206910.png,10,0,0,0,0,0,0,0,0,0,0,0,0,0,0,0,0,0,0,1,0
00207100.png,10,0,0,0,0,0,0,0,0,0,0,0,0,0,0,0,0,0,0,1,0
00207186.png,2,0,0,0,0,0,0,0,0,0,0,0,0,0,0,0,0,0,0,1,0
00207354.png,5,0,0,0,0,0,0,0,0,0,0,0,0,0,0,0,0,0,0,1,0
00207808.png,5,1,0,0,0,0,0,0,0,0,0,0,0,0,0,0,0,0,0,0,0
00207812.png,10,0,0,0,0,0,0,0,0,0,0,0,0,0,0,0,0,0,0,1,0
00207876.png,10,0,0,0,0,0,0,0,0,0,0,0,0,0,0,0,0,0,0,1,0
00207918.png,5,0,0,0,0,0,0,0,0,0,0,0,0,0,0,0,0,0,0,1,0
00208014.png,5,0,0,0,0,0,0,0,0,0,0,0,0,0,0,0,0,0,0,1,0
00208152.png,5,0,0,0,0,0,0,0,0,0,0,0,0,0,0,0,0,0,0,1,0
00208292.png,2,0,0,0,0,0,0,0,0,0,0,0,0,0,0,0,0,0,0,1,0
00208509.png,2,0,0,0,0,0,0,0,0,0,0,0,0,0,0,0,0,0,0,1,0
00208762.png,0,0,0,0,0,0,0,0,0,0,0,0,0,0,0,0,0,0,0,1,0
00208779.png,0,0,0,0,0,0,0,0,0,0,0,0,0,0,0,0,0,0,0,1,0
00208798.png,0,0,0,0,0,0,0,0,0,0,0,0,0,0,0,0,0,0,0,1,0
00208968.png,0,0,0,0,0,0,0,0,0,0,0,0,0,0,0,0,0,0,0,1,0
00209145.png,2,0,0,0,0,0,0,0,0,0,0,0,0,0,0,0,0,0,0,1,0
00209268.png,2,0,0,0,0,0,0,0,0,0,0,0,0,0,0,0,0,0,0,1,0
00209492.png,10,0,0,1,0,0,1,0,0,0,0,0,0,0,0,0,0,0,0,0,1
00209493.png,10,0,0,1,0,0,1,0,0,0,0,0,0,0,0,0,0,0,0,0,1
00209522.png,5,0,0,1,0,0,1,0,0,1,1,1,0,0,0,0,0,0,0,0,1
00209532.png,5,0,0,1,0,0,1,0,0,0,0,0,0,0,0,0,0,0,0,0,1
00209719.png,5,0,0,1,0,0,1,0,0,0,1,0,0,0,0,0,0,0,0,0,1
00209965.png,10,1,0,1,0,0,0,0,0,0,1,0,0,0,0,0,0,0,0,0,1
00209990.png,5,1,0,0,0,0,0,0,0,0,0,0,0,0,0,0,0,0,0,0,0
00210059.png,2,0,0,1,0,0,0,0,0,0,0,0,0,1,0,0,0,0,0,0,1
00210235.png,5,1,0,0,0,0,0,0,0,0,0,0,0,0,0,0,0,0,0,0,0
00210528.png,0,0,0,0,0,0,0,0,0,0,0,0,0,1,0,0,0,0,0,0,1
00210658.png,5,0,0,0,0,0,0,0,0,0,0,0,0,0,0,0,0,0,0,1,0
00210865.png,10,0,0,0,0,0,0,0,0,0,0,0,0,0,0,0,0,0,0,1,0
00210901.png,5,0,0,0,0,0,0,0,0,0,0,0,0,0,0,0,0,0,0,1,0
00210959.png,5,0,0,0,0,0,0,0,0,0,0,0,0,0,0,0,0,0,0,1,0
00211167.png,5,0,0,0,0,0,0,0,0,0,0,0,0,0,0,0,0,0,0,1,0
00211294.png,5,0,0,0,0,0,0,0,0,0,0,0,0,0,0,0,0,0,0,1,0
00211336.png,2,0,0,0,0,0,0,0,0,0,0,0,0,0,0,0,0,0,0,1,0
00211437.png,2,0,0,0,0,0,0,0,0,0,0,0,0,0,0,0,0,0,0,1,0
00211588.png,2,0,0,0,0,0,0,0,0,0,0,0,0,0,0,0,0,0,0,1,0
00211935.png,0,0,0,0,0,0,1,0,0,0,0,0,0,0,0,0,0,0,0,0,1
00211973.png,10,0,0,0,0,0,0,0,0,0,0,0,0,0,1,0,0,0,0,0,1
00212213.png,10,0,0,0,0,0,0,0,0,0,0,0,0,0,0,0,0,0,0,1,0
00212321.png,0,0,0,0,0,0,0,0,0,0,0,0,0,0,0,0,0,0,0,1,0
00212640.png,30,0,0,0,0,0,0,0,0,0,0,0,0,0,1,0,0,0,0,0,1
00212646.png,10,0,0,0,0,0,0,0,0,0,0,0,0,0,0,0,0,0,0,1,0
00212914.png,10,0,0,0,0,0,0,0,0,0,0,0,0,0,0,0,0,0,0,1,0
00212936.png,10,1,1,0,0,0,0,0,0,0,0,0,0,0,0,0,0,0,0,0,1
00212970.png,10,0,0,0,0,0,0,0,0,0,0,0,0,0,0,0,0,0,0,1,0
00213219.png,10,0,0,0,0,0,1,0,0,0,0,0,0,0,0,0,0,0,0,0,1
00213235.png,10,0,0,0,0,0,1,0,0,0,0,0,0,0,1,0,0,0,0,0,1
00213246.png,10,0,0,0,0,0,0,0,0,0,0,0,0,0,0,0,0,0,0,1,0
00213283.png,0,0,0,0,0,0,0,0,0,0,0,0,0,0,0,0,0,0,0,1,0
00213388.png,20,0,0,0,0,0,0,0,0,0,0,0,0,0,0,0,0,0,0,1,0
00213620.png,10,0,0,0,0,0,0,0,0,0,0,0,0,0,1,0,0,0,0,0,1
00213786.png,0,0,0,0,0,0,0,0,0,0,0,0,0,0,0,0,0,0,0,1,0
00213897.png,10,0,0,0,0,0,0,0,0,0,0,0,0,0,0,0,0,0,0,1,0
00214191.png,10,0,0,0,0,0,1,0,0,0,0,0,0,0,0,0,0,0,0,0,1
00214338.png,20,0,0,0,0,0,0,0,0,0,0,0,0,0,0,0,0,0,0,1,0
00214513.png,0,0,0,0,0,0,1,0,0,0,0,0,0,0,0,0,0,0,0,0,1
00214537.png,0,1,0,0,0,0,1,0,0,0,0,0,0,0,1,0,0,0,0,0,1
00214589.png,10,0,0,0,0,0,1,0,0,0,0,0,0,0,0,0,0,0,0,0,1
00214693.png,10,0,0,0,0,0,0,0,0,0,0,0,0,1,0,0,0,0,0,0,1
00214705.png,0,0,0,0,0,0,0,0,0,0,0,0,0,0,0,0,0,0,0,1,0
00215368.png,20,0,0,0,0,0,0,0,0,0,0,0,0,0,0,0,0,0,0,1,0
00215413.png,10,0,0,0,0,0,1,0,0,0,0,0,0,1,1,0,0,0,0,0,1
00215463.png,10,0,0,0,0,0,0,0,0,0,0,0,0,0,0,0,0,0,0,1,0
00215484.png,10,0,0,0,0,0,0,0,0,0,0,0,0,1,0,0,0,0,0,0,1
00215510.png,10,1,0,0,0,0,0,0,0,0,0,0,0,0,0,0,0,0,0,0,0
00215511.png,10,1,0,0,0,0,0,0,0,0,0,0,0,0,0,0,0,0,0,0,0
00215611.png,0,0,0,0,0,0,1,0,0,0,0,0,0,0,0,0,0,0,0,0,1
00215682.png,10,0,0,0,0,0,0,0,0,0,0,0,0,0,0,0,0,0,0,1,0
00215768.png,20,1,0,0,0,0,0,0,0,0,0,0,0,0,0,0,0,0,0,0,0
00215837.png,10,0,0,0,0,0,0,0,0,0,0,0,0,0,0,0,0,0,0,1,0
00215860.png,10,0,0,0,0,0,0,0,0,0,0,0,0,0,0,0,0,0,0,1,0
00215912.png,10,0,0,1,0,0,1,0,0,0,0,0,0,0,0,0,0,0,0,0,1
00215923.png,10,1,0,0,0,0,0,0,0,0,0,0,0,0,0,0,0,0,0,0,0
00216141.png,10,0,0,0,0,0,0,0,0,0,0,0,0,0,0,0,0,0,0,1,0
00216309.png,10,0,0,0,0,0,0,0,0,0,0,0,0,0,0,0,0,0,0,1,0
00216385.png,10,0,0,1,0,0,0,0,0,0,0,0,0,0,0,0,0,0,0,0,1
00216464.png,20,0,0,0,0,0,0,0,0,0,0,0,0,0,0,0,0,0,0,1,0
00216810.png,0,0,0,0,0,0,0,0,0,0,0,0,0,0,1,0,0,0,0,0,1
00216814.png,10,1,0,0,0,0,0,1,0,0,0,0,0,0,0,0,0,0,0,0,1
00216950.png,0,0,0,0,0,0,0,0,0,0,0,0,0,0,0,0,0,0,0,1,0
00217022.png,10,0,0,0,0,0,0,0,0,0,0,0,0,0,0,0,0,0,0,1,0
00217866.png,0,0,0,1,0,0,1,0,0,0,1,0,0,1,1,0,0,0,0,0,1
00217880.png,10,0,0,0,0,0,0,0,0,0,0,0,0,0,0,0,0,0,0,1,0
00217958.png,10,0,0,1,0,0,0,0,0,0,0,0,0,0,0,0,0,0,0,0,1
00218012.png,10,0,0,0,0,0,0,0,0,0,0,0,0,0,0,0,0,0,0,1,0
00218313.png,10,0,0,0,0,0,0,0,0,0,0,0,0,0,0,0,0,0,0,1,0
00218341.png,20,0,0,0,0,0,0,0,0,0,0,0,0,0,0,0,0,0,0,1,0
00218490.png,0,0,0,0,0,0,0,0,0,0,0,0,0,0,0,0,0,0,0,1,0
00218519.png,0,0,0,0,0,0,0,0,0,0,0,0,0,1,0,0,0,0,0,0,1
00218628.png,10,0,0,1,0,0,0,0,0,0,0,1,0,0,0,0,0,0,0,0,1
00218726.png,10,0,0,0,0,0,0,0,0,0,0,0,0,0,0,0,0,0,0,1,0
00218919.png,30,0,0,1,0,0,0,0,0,0,0,0,0,0,0,0,0,0,0,0,1
00219028.png,0,0,0,0,0,0,0,0,0,0,0,0,0,0,0,0,0,0,0,1,0
00219037.png,0,0,0,0,0,0,0,0,0,0,0,0,0,0,0,0,0,0,0,1,0
00219074.png,0,0,0,0,0,0,0,0,0,0,0,0,0,0,0,0,0,0,0,1,0
00219253.png,10,0,0,0,0,0,0,0,0,0,0,0,0,0,0,0,0,0,0,1,0
00219292.png,10,0,0,1,0,0,0,0,0,1,0,1,0,0,0,0,0,0,0,0,1
00219332.png,10,0,0,0,0,0,0,0,0,0,0,0,0,0,0,0,0,0,0,1,0
00219760.png,10,0,0,0,0,0,0,0,0,1,0,1,0,0,0,0,0,0,0,0,1
00219872.png,10,0,0,0,0,0,0,0,0,1,0,0,0,0,0,0,0,0,0,0,1
00220134.png,10,0,0,1,0,0,0,0,0,0,0,1,0,0,0,0,0,0,0,0,1
00220145.png,10,0,0,1,0,0,1,0,0,0,0,0,0,1,0,0,0,0,0,0,1
00220171.png,10,0,0,1,0,0,0,0,0,0,0,1,0,0,0,0,0,0,0,0,1
00220211.png,10,0,0,0,0,0,0,0,0,0,0,0,0,0,0,0,0,0,0,1,0
00220378.png,20,0,0,0,0,0,0,0,0,0,0,0,0,0,1,0,0,0,0,0,1
00220379.png,20,0,0,0,0,0,0,0,0,0,0,0,0,0,0,0,0,0,0,1,0
00220894.png,10,0,0,0,0,0,0,0,0,0,0,0,0,0,0,0,0,0,0,1,0
00220937.png,10,0,0,0,0,0,0,0,0,0,0,0,0,0,0,0,0,0,0,1,0
00220982.png,10,0,0,0,0,0,0,0,0,0,0,0,0,0,0,0,0,0,0,1,0
00220990.png,10,0,0,0,0,0,0,0,0,0,0,0,0,0,0,0,0,0,0,1,0
00221013.png,10,0,0,0,0,0,0,0,0,0,0,0,0,0,0,0,0,0,0,1,0
00221050.png,10,0,0,0,0,0,0,0,0,0,0,0,0,0,0,0,0,0,0,1,0
00221060.png,10,0,0,0,0,0,0,0,0,0,0,0,0,0,0,0,0,0,0,1,0
00221331.png,10,0,0,0,0,0,1,0,0,1,0,0,0,0,0,0,0,0,0,0,1
00221448.png,10,0,0,0,0,0,0,0,0,0,0,0,0,0,0,0,0,0,0,1,0
00221511.png,10,0,0,1,0,0,1,0,0,1,0,1,0,0,0,0,0,0,0,0,1
00221683.png,10,0,0,0,0,0,0,0,0,0,0,0,0,0,0,0,0,0,0,1,0
00221727.png,0,0,0,0,0,0,0,0,0,0,0,0,0,0,0,0,0,0,0,1,0
00221737.png,10,0,0,1,0,0,1,0,0,0,0,0,0,0,0,0,0,0,0,0,1
00222103.png,10,0,0,1,0,0,1,0,0,0,0,0,0,0,0,0,0,0,0,0,1
00222181.png,10,0,0,0,0,0,0,0,0,0,0,1,0,0,0,0,0,0,0,0,1
00222211.png,10,0,0,1,0,0,0,0,0,0,0,1,0,0,0,0,0,0,0,0,1
00222280.png,10,0,0,0,0,0,0,0,0,0,0,0,0,0,0,0,0,0,0,1,0
00222679.png,5,0,0,0,0,0,0,0,0,0,0,0,0,0,0,0,0,0,0,1,0
00222682.png,10,0,0,0,0,0,0,0,0,0,0,0,0,0,0,0,0,0,0,1,0
00222749.png,0,1,0,0,0,0,0,0,0,0,0,0,0,0,0,0,0,0,0,0,0
00222828.png,2,0,0,0,0,0,0,0,0,0,0,0,0,0,0,0,0,0,0,1,0
00222928.png,2,0,0,0,0,0,0,0,0,0,0,0,0,0,0,0,0,0,0,1,0
00223053.png,0,0,0,0,0,0,0,0,0,0,0,0,0,0,0,0,0,0,0,1,0
00223093.png,0,0,0,0,0,0,0,0,0,0,0,0,0,0,0,0,0,0,0,1,0
00223096.png,0,0,0,0,0,0,0,0,0,0,0,0,0,0,0,0,0,0,0,1,0
00223145.png,0,0,0,0,0,0,1,0,1,0,0,0,0,0,0,0,0,0,0,0,1
00223210.png,0,0,0,0,0,0,1,0,0,0,0,1,0,0,0,0,0,0,1,0,1
00223296.png,0,0,0,0,0,0,1,0,0,0,0,0,0,0,0,0,0,0,1,0,1
00223311.png,2,1,0,0,1,0,0,0,0,1,0,0,0,0,0,0,0,0,1,0,1
00223340.png,10,0,0,0,0,0,0,0,0,0,0,0,0,0,0,0,0,0,0,1,0
00223503.png,10,0,0,0,0,0,0,0,0,0,0,0,0,0,0,0,0,0,0,1,0
00223655.png,40,1,0,0,0,1,0,0,0,0,0,0,0,0,0,0,0,0,1,0,1
00223845.png,5,0,0,0,1,1,0,0,0,0,0,0,0,0,0,0,0,0,0,0,1
00223846.png,5,0,0,0,0,1,0,0,0,0,0,0,0,0,0,0,0,1,0,0,1
00224231.png,10,0,0,0,0,1,0,0,0,0,1,0,0,0,0,0,0,1,0,0,1
00224342.png,10,1,0,0,0,0,0,0,0,0,0,0,0,0,0,0,0,0,0,0,0
00224377.png,5,0,0,0,1,0,0,0,0,0,0,0,0,0,0,0,0,0,1,0,1
00224450.png,5,0,0,0,1,0,0,0,0,0,0,0,0,0,0,0,0,0,1,0,1
00224978.png,10,0,0,1,0,0,0,0,0,0,0,1,0,0,0,0,0,0,0,0,1
00225317.png,2,0,0,0,0,0,0,0,0,0,0,0,0,0,0,0,0,0,0,1,0
00225361.png,2,0,0,0,0,0,0,0,0,0,0,0,0,0,0,0,0,0,0,1,0
00225392.png,10,0,0,0,0,0,0,0,0,0,0,0,0,0,0,0,0,0,0,1,0
00225416.png,0,0,0,0,0,0,0,0,0,0,0,0,0,0,0,0,0,0,0,1,0
00225433.png,0,1,0,0,0,0,0,0,0,0,0,0,0,0,0,0,0,0,1,0,1
00225460.png,5,0,0,0,0,0,0,0,0,0,0,0,0,0,0,0,0,0,0,1,0
00225477.png,10,0,0,0,0,0,0,0,0,0,0,0,0,0,0,0,0,0,0,1,0
00225535.png,5,0,0,0,0,0,0,0,0,0,0,0,0,0,1,0,0,0,0,0,1
00225611.png,20,0,0,0,0,0,0,0,0,0,0,0,0,0,0,0,0,0,0,1,0
00225708.png,50,1,0,0,0,0,0,0,0,0,0,0,0,0,0,0,0,0,0,0,0
00225952.png,10,0,0,0,0,0,0,0,0,0,0,0,0,0,0,0,0,0,0,1,0
00226114.png,5,0,0,0,0,0,0,0,0,1,0,1,0,0,0,0,0,0,0,0,1
00226350.png,2,0,0,0,0,0,0,0,0,0,0,0,0,0,0,0,0,0,0,1,0
00226412.png,10,0,0,0,0,0,0,0,0,0,0,0,0,0,0,0,0,0,0,1,0
00226555.png,20,0,0,0,0,0,0,0,0,0,0,0,0,0,0,0,0,0,0,1,0
00226654.png,30,0,0,0,0,0,0,0,0,0,0,0,0,0,0,0,0,0,0,1,0
00226698.png,20,0,0,0,0,0,0,0,0,0,0,0,0,0,0,0,0,0,0,1,0
00226712.png,20,0,0,0,0,0,0,0,0,0,0,0,0,0,0,0,0,0,0,1,0
00226898.png,5,1,0,0,0,0,0,0,0,0,0,0,0,0,0,0,0,0,0,0,0
00227019.png,50,0,0,0,0,0,0,0,0,0,0,0,0,0,0,0,0,0,0,1,0
00227925.png,5,1,0,0,0,0,0,0,0,0,0,0,0,0,0,0,0,0,0,0,0
00228078.png,50,1,0,0,0,0,0,0,0,0,1,0,0,1,0,0,0,0,1,0,1
00228377.png,5,0,0,0,0,0,0,0,0,0,0,0,0,0,0,0,0,0,0,1,0
00228435.png,2,0,0,0,0,0,0,0,0,0,0,0,0,0,0,0,0,0,0,1,0
00228566.png,10,0,0,0,0,0,0,0,0,0,0,0,0,0,0,0,0,0,0,1,0
00229009.png,0,1,0,0,0,0,0,0,0,0,0,0,0,0,0,0,0,0,0,0,0
00229111.png,20,0,0,0,0,0,0,0,0,0,0,0,0,0,0,0,0,0,0,1,0
00229306.png,2,1,0,0,0,0,0,0,0,0,0,0,0,0,0,0,0,0,0,0,0
00229311.png,2,0,0,0,0,0,0,0,0,1,0,0,0,0,0,0,0,0,0,0,1
00229444.png,0,1,0,0,0,0,1,0,0,0,1,0,0,0,0,0,0,0,0,0,1
00229512.png,20,0,0,1,0,0,0,0,0,0,0,0,0,0,0,0,0,0,0,0,1
00229564.png,0,0,1,0,0,0,1,0,0,0,1,0,0,0,0,0,0,0,1,0,1
00229972.png,0,0,0,0,0,0,0,0,0,0,0,0,0,0,0,0,0,0,0,1,0
00230240.png,30,0,0,0,0,0,0,0,0,0,0,0,0,0,0,0,0,0,0,1,0
00230243.png,30,0,0,0,0,0,0,0,0,0,0,0,0,0,0,0,0,0,0,1,0
00230498.png,2,0,0,0,0,0,1,0,0,0,0,0,0,1,0,0,0,0,0,0,1
00230510.png,0,0,0,0,0,0,0,0,0,0,0,0,0,0,0,0,0,0,0,1,0
00230525.png,5,0,0,0,0,0,0,0,0,0,0,0,0,0,0,0,0,0,0,1,0
00230566.png,0,1,0,0,0,0,1,0,0,0,0,1,0,1,0,0,0,0,0,0,1
00230636.png,0,1,0,0,0,0,1,0,0,0,1,0,0,0,0,0,0,0,1,0,1
00230783.png,0,0,0,0,0,0,0,0,0,0,0,0,0,0,0,0,0,0,0,1,0
00230818.png,0,0,0,0,0,0,0,0,0,0,0,0,0,0,0,0,0,0,0,1,0
00230824.png,0,0,0,0,0,0,0,0,0,0,0,0,0,0,0,0,0,0,0,1,0
00230873.png,0,0,0,0,0,0,1,0,0,0,1,0,0,0,0,0,0,0,0,0,1
00230881.png,20,1,0,0,0,0,0,0,0,0,0,0,0,0,0,0,0,0,1,0,1
00231092.png,2,0,0,0,0,0,0,0,0,0,0,0,0,0,0,0,0,0,0,1,0
00231097.png,2,0,1,0,0,0,0,0,0,0,0,0,0,0,0,0,0,0,0,0,1
00231120.png,0,1,0,0,0,0,0,0,0,0,0,0,0,0,0,0,0,0,0,0,0
00231183.png,10,1,0,0,0,0,0,0,0,0,0,0,0,0,0,0,0,0,0,0,0
00231189.png,10,0,0,0,0,0,0,0,0,0,0,0,0,0,0,0,0,0,0,1,0
00231272.png,10,0,0,0,0,0,0,0,0,0,0,0,0,0,0,0,0,0,0,1,0
00231494.png,5,0,0,0,0,0,0,0,0,0,0,0,0,0,0,0,0,0,0,1,0
00231702.png,0,1,0,0,0,0,0,0,0,0,0,0,0,0,0,0,0,0,1,0,1
00232033.png,0,0,0,0,0,0,0,0,0,0,0,0,0,0,0,0,0,0,0,1,0
00232126.png,0,0,0,0,0,0,0,0,0,0,0,0,0,0,0,0,0,0,0,1,0
00232151.png,0,0,0,0,0,0,0,0,0,0,0,0,0,0,0,0,0,0,0,1,0
00232165.png,5,0,0,0,0,0,0,0,0,0,0,0,0,0,0,0,0,0,0,1,0
00232256.png,0,1,0,0,0,0,0,0,0,0,0,0,0,0,0,0,0,0,0,0,0
00232281.png,2,0,0,0,0,0,0,0,0,0,0,0,0,0,0,0,0,0,0,1,0
00232287.png,10,0,0,0,0,0,0,0,0,0,0,0,0,0,0,0,0,0,0,1,0
00232327.png,5,0,0,0,0,0,0,0,0,0,0,0,0,0,0,0,0,0,0,1,0
00232550.png,10,0,0,0,0,0,0,0,0,0,0,0,0,0,0,0,0,0,0,1,0
00232567.png,10,0,0,0,0,0,0,0,0,0,0,0,0,0,0,0,0,0,0,1,0
00232762.png,10,0,0,0,0,0,1,0,0,0,0,0,0,0,0,0,0,0,0,0,1
00233119.png,10,1,0,0,0,0,1,0,0,0,0,0,0,0,0,0,0,0,0,0,1
00233192.png,5,0,0,0,0,0,0,0,0,0,0,0,0,0,0,0,0,0,0,1,0
00233400.png,2,1,0,0,0,0,0,0,0,0,0,0,0,0,0,0,0,0,0,0,0
00233439.png,5,0,0,0,0,0,0,0,0,0,0,0,0,0,0,0,0,0,0,1,0
00233670.png,5,0,0,0,0,0,0,0,0,0,0,0,0,0,0,0,0,0,0,1,0
00234258.png,0,0,0,0,0,0,1,0,0,0,0,0,0,0,0,0,0,0,0,0,1
00234360.png,10,0,0,0,0,0,1,0,0,0,1,0,0,0,0,0,0,0,0,0,1
00234390.png,0,1,0,0,0,0,1,0,0,0,0,0,0,0,0,0,0,0,1,0,1
00234522.png,0,1,0,0,0,0,1,0,0,0,0,0,0,1,0,0,0,0,0,0,1
00234683.png,2,0,0,0,0,0,0,0,0,0,0,0,0,0,0,0,0,0,0,1,0
00234797.png,2,0,0,0,0,0,0,0,0,0,0,0,0,0,0,0,0,0,0,1,0
00234967.png,10,0,0,0,0,0,0,0,0,0,0,0,0,0,0,0,0,0,0,1,0
00235003.png,0,1,0,0,0,0,0,0,0,0,0,0,0,0,0,0,0,0,1,0,1
00235044.png,2,0,0,0,0,0,0,0,0,0,0,0,0,0,1,0,0,0,0,0,1
00235332.png,5,0,0,0,0,0,0,0,0,0,0,0,0,0,0,0,0,0,0,1,0
00235336.png,5,1,0,0,0,0,0,0,0,0,1,0,0,0,0,0,0,0,0,0,1
00235411.png,10,0,0,0,0,0,0,0,0,0,1,0,0,0,0,0,0,0,1,0,1
00235475.png,0,1,0,0,0,0,1,0,0,0,0,0,0,0,0,0,0,0,1,0,1
00235717.png,0,1,1,0,0,0,1,0,0,0,0,0,0,0,0,0,0,0,1,0,1
00236184.png,0,0,0,0,0,0,0,0,0,0,0,0,0,0,0,0,0,0,0,1,0
00236319.png,10,0,0,0,0,0,0,0,0,0,0,0,0,0,0,0,0,0,0,1,0
00236401.png,10,0,0,0,0,0,0,0,0,0,0,0,0,0,0,0,0,0,0,1,0
00236526.png,0,0,0,0,0,0,0,0,0,0,0,0,0,0,0,0,0,0,0,1,0
00236596.png,0,0,0,0,0,0,1,0,0,0,0,0,0,0,0,0,0,0,0,0,1
00236737.png,0,1,0,0,0,0,0,0,0,0,0,0,0,0,0,0,0,0,0,0,0
00237320.png,10,0,0,0,0,0,1,0,0,0,0,1,0,0,0,0,0,0,0,0,1
00237336.png,10,1,1,0,0,0,0,0,0,0,0,0,0,0,0,0,0,0,0,0,1
00237425.png,0,0,0,0,0,0,1,0,0,0,0,0,0,0,0,0,0,0,1,0,1
00237494.png,2,1,0,0,0,0,0,0,0,0,0,0,0,0,0,0,0,0,0,0,0
00237626.png,2,0,0,0,0,0,0,0,0,0,0,0,0,0,0,0,0,0,0,1,0
00237649.png,2,0,0,0,0,0,0,0,0,0,0,0,0,0,0,0,0,0,0,1,0
00237913.png,10,1,0,0,0,0,0,0,0,0,0,0,0,0,0,0,0,0,0,0,0
00238018.png,10,0,0,0,0,0,0,0,0,0,0,0,0,0,0,0,0,0,0,1,0
00238057.png,10,0,0,0,0,0,0,0,0,0,0,0,0,0,0,0,0,0,0,1,0
00238085.png,5,0,0,0,0,0,0,0,0,0,0,0,0,0,0,0,0,0,0,1,0
00238088.png,5,1,0,0,0,0,0,0,0,0,0,1,0,0,0,0,0,0,0,0,1
00238195.png,5,0,0,0,0,0,0,0,0,0,0,0,0,0,0,0,0,0,0,1,0
00238348.png,20,0,0,0,0,0,0,0,0,0,0,0,0,0,0,0,0,0,0,1,0
00238380.png,5,0,0,0,0,0,0,0,0,0,0,0,0,0,0,0,0,0,0,1,0
00238529.png,10,0,0,0,0,0,0,0,0,0,0,0,0,0,0,0,0,0,0,1,0
00238606.png,10,0,0,0,0,0,0,0,0,0,0,0,0,0,0,0,0,0,0,1,0
00238607.png,10,0,0,0,0,0,0,0,0,0,0,0,0,0,0,0,0,0,0,1,0
00238635.png,10,0,0,0,0,0,0,0,0,0,0,0,0,0,0,0,0,0,0,1,0
00238671.png,5,0,0,0,0,0,0,0,0,0,0,0,0,0,0,0,0,0,0,1,0
00239186.png,5,1,0,0,0,0,0,0,0,0,0,1,0,0,0,0,0,0,0,0,1
00239187.png,5,1,0,0,0,0,0,0,0,0,0,0,0,0,0,0,0,0,0,0,0
00239289.png,0,1,0,0,0,0,0,0,0,0,0,0,0,0,0,0,0,0,0,0,0
00239325.png,5,0,0,0,0,0,0,0,0,0,0,0,0,0,0,0,0,0,0,1,0
00239580.png,5,0,0,0,0,0,0,0,0,0,0,0,0,0,0,0,0,0,0,1,0
00239595.png,5,0,0,0,0,0,0,0,0,0,0,0,0,0,0,0,0,0,0,1,0
00239791.png,0,1,0,0,0,0,0,0,0,0,0,0,0,0,0,0,0,0,0,0,0
00239810.png,10,0,0,0,0,0,0,0,0,0,0,0,0,0,0,0,0,0,0,1,0
00239943.png,0,1,0,0,0,0,0,0,0,0,0,0,0,0,0,0,0,0,0,0,0
00240131.png,10,0,0,0,0,0,0,0,0,0,0,0,0,0,0,0,0,0,0,1,0
00240323.png,10,0,0,0,0,0,0,0,0,0,0,0,0,0,0,0,0,0,0,1,0
00240402.png,0,0,0,0,0,0,0,0,0,0,0,0,0,0,0,0,0,0,0,1,0
00240456.png,0,0,0,0,0,0,0,0,0,0,0,0,0,0,0,0,0,0,0,1,0
00240488.png,10,0,0,0,0,0,0,0,0,0,0,0,0,0,0,0,0,0,0,1,0
00240675.png,0,0,0,0,0,0,0,0,0,0,0,0,0,0,0,0,0,0,0,1,0
00240993.png,0,0,0,0,0,0,0,0,0,0,0,0,0,0,0,0,0,0,0,1,0
00241045.png,10,1,0,0,0,0,0,0,0,0,0,0,0,0,0,0,0,0,0,0,0
00241148.png,5,1,0,0,0,0,0,0,0,0,0,0,0,0,0,0,0,0,0,0,0
00241200.png,10,1,0,0,0,0,0,0,0,0,1,0,0,0,0,0,0,0,0,0,1
00241211.png,2,1,0,0,0,0,1,0,0,0,0,0,0,0,0,0,0,0,0,0,1
00241612.png,5,0,0,0,0,0,0,0,0,0,0,0,0,0,0,0,0,0,0,1,0
00241726.png,10,0,0,0,0,0,0,0,0,0,0,0,0,0,0,0,0,0,0,1,0
00241884.png,10,0,0,0,0,0,0,0,0,0,0,0,0,0,0,0,0,0,0,1,0
00242044.png,0,1,0,0,0,0,0,0,0,0,0,0,0,0,0,0,0,0,0,0,0
00242272.png,10,0,0,0,0,0,0,0,0,1,0,1,0,0,0,0,0,0,0,0,1
00242456.png,5,1,0,0,0,0,0,0,0,0,0,0,0,0,0,0,0,0,1,0,1
00242468.png,5,0,0,0,0,0,0,0,0,0,0,0,0,0,0,0,0,0,0,1,0
00242600.png,5,1,0,0,0,0,0,0,0,0,0,0,0,0,0,0,0,0,0,0,0
00242608.png,5,0,0,0,0,0,0,0,0,0,0,0,0,0,0,0,0,0,0,1,0
00242843.png,5,0,0,0,0,0,0,0,0,0,0,0,0,0,0,0,0,0,0,1,0
00242970.png,10,0,0,0,0,0,0,0,0,0,0,0,0,0,0,0,0,0,0,1,0
00242983.png,0,0,0,0,0,0,0,0,0,0,0,0,0,0,0,0,0,0,0,1,0
00243157.png,0,0,0,0,0,0,0,0,0,0,0,0,0,0,0,0,0,0,0,1,0
00243256.png,2,1,0,0,0,0,0,0,0,0,0,0,0,0,0,0,0,0,0,0,0
00243325.png,0,0,0,0,0,0,0,0,0,0,0,0,0,0,0,0,0,0,0,1,0
00243409.png,0,1,0,0,0,0,1,0,0,0,0,0,0,0,0,0,0,0,1,0,1
00243712.png,10,0,0,0,0,0,0,0,0,0,0,0,0,0,0,0,0,0,0,1,0
00243748.png,0,0,0,0,0,0,0,0,0,0,0,0,0,0,0,0,0,0,0,1,0
00243929.png,5,1,0,0,0,0,0,0,0,0,0,0,0,0,0,0,0,0,1,0,1
00244006.png,5,0,0,0,0,0,0,0,0,0,0,0,0,0,0,0,0,0,0,1,0
00244017.png,5,0,0,0,0,0,0,0,0,0,0,0,0,0,0,0,0,0,0,1,0
00244225.png,5,0,0,0,0,0,0,0,0,0,0,0,0,0,0,0,0,0,0,1,0
00244387.png,0,0,0,0,0,0,0,0,0,0,0,0,0,0,0,0,0,0,0,1,0
00244467.png,0,0,0,0,0,0,0,0,0,0,1,0,0,1,0,0,0,0,0,0,1
00244730.png,10,0,0,0,0,0,0,0,0,0,0,0,0,0,0,0,0,0,0,1,0
00244800.png,10,0,0,0,0,0,0,0,0,0,0,0,0,0,0,0,0,0,0,1,0
00244851.png,0,0,0,0,0,0,0,0,0,0,0,1,0,0,0,0,0,0,0,0,1
00244948.png,0,0,0,0,0,0,0,0,0,0,0,0,0,0,0,0,0,0,0,1,0
00244960.png,10,0,0,0,0,0,0,0,0,0,0,0,0,0,0,0,0,0,0,1,0
00245229.png,10,0,0,0,0,0,0,0,0,0,0,0,0,0,0,0,0,0,0,1,0
00245525.png,10,0,0,0,0,0,0,0,0,0,0,0,0,1,0,0,0,0,0,0,1
00246123.png,10,0,0,0,0,0,0,0,0,0,0,0,0,0,0,0,0,0,0,1,0
00246568.png,10,0,0,0,0,0,0,0,0,0,0,0,0,1,0,0,0,0,0,0,1
00246597.png,10,0,0,0,0,0,0,0,0,0,0,1,0,0,0,0,0,0,0,0,1
00246653.png,10,0,0,0,0,0,0,0,0,0,0,1,0,1,0,0,0,0,0,0,1
00246731.png,0,0,0,0,0,0,0,0,0,0,0,0,0,0,0,0,0,0,0,1,0
00246740.png,0,0,0,0,0,0,0,0,0,0,0,0,0,0,0,0,0,0,0,1,0
00246755.png,0,0,0,0,0,0,0,0,0,0,0,0,0,0,0,0,0,0,0,1,0
00246757.png,0,0,0,0,0,0,0,0,0,0,0,0,0,0,0,0,0,0,0,1,0
00246814.png,10,0,0,0,0,0,0,0,0,0,0,0,0,0,0,0,0,0,0,1,0
00247118.png,0,0,0,0,0,0,0,0,0,0,0,0,0,0,0,0,0,0,0,1,0
00247186.png,10,0,0,0,0,0,0,0,0,0,0,1,0,0,0,0,0,0,0,0,1
00247456.png,20,1,0,0,0,0,0,0,0,0,0,0,0,0,0,0,0,0,0,0,0
00247534.png,0,0,0,0,0,0,0,0,0,0,0,0,0,0,0,0,0,0,0,1,0
00247873.png,10,0,0,0,0,0,0,0,0,0,0,0,0,0,0,0,0,0,0,1,0
00247876.png,10,0,0,0,0,0,0,0,0,0,0,0,0,0,0,0,0,0,0,1,0
00247878.png,10,0,0,0,0,0,0,0,0,0,0,0,0,0,0,0,0,0,0,1,0
00248015.png,0,0,0,0,0,0,0,0,0,0,0,0,0,0,0,0,0,0,0,1,0
00248040.png,0,0,0,0,0,0,0,0,0,0,0,0,0,0,0,0,0,0,0,1,0
00248093.png,0,0,0,0,0,0,0,0,0,0,0,0,0,0,0,0,0,0,0,1,0
00248166.png,10,0,0,0,0,0,0,0,0,0,0,0,0,0,0,0,0,0,0,1,0
00248331.png,10,0,0,0,0,0,0,0,0,0,0,0,0,0,0,0,0,0,0,1,0
00249146.png,0,0,0,0,0,0,0,0,0,0,0,0,0,0,0,0,0,0,0,1,0
00249161.png,0,0,0,0,0,0,0,0,0,0,0,0,0,0,0,0,0,0,0,1,0
00249281.png,10,0,0,0,0,0,0,0,0,0,0,0,0,0,0,0,0,0,0,1,0
00249583.png,10,0,0,0,0,0,0,0,0,0,0,0,0,0,0,0,0,0,0,1,0
00249620.png,10,0,0,0,0,0,0,0,0,0,0,0,0,0,0,0,0,0,0,1,0
00249656.png,10,0,0,0,0,0,0,0,0,0,0,0,0,0,0,0,0,0,0,1,0
00249801.png,10,0,0,0,0,0,0,0,0,0,0,0,0,0,0,0,0,0,0,1,0
00249929.png,0,0,0,0,0,0,0,0,0,0,0,0,0,0,0,0,0,0,0,1,0
00249930.png,0,0,0,0,0,0,0,0,0,0,0,0,0,0,0,0,0,0,0,1,0
00249946.png,10,0,0,0,0,0,0,0,0,0,0,0,0,0,0,0,0,0,0,1,0
00250041.png,10,0,0,0,0,0,0,0,0,0,0,1,0,0,0,0,0,0,0,0,1
00250062.png,0,0,0,0,0,0,0,0,0,0,0,0,0,0,0,0,0,0,0,1,0
00250236.png,10,0,0,0,0,0,0,0,0,0,0,0,0,0,0,0,0,0,0,1,0
00250311.png,0,0,0,0,0,0,0,0,0,0,0,0,0,0,0,0,0,0,0,1,0
00250454.png,0,0,0,0,0,0,0,0,0,0,0,0,0,0,0,0,0,0,0,1,0
00250750.png,10,0,0,0,0,0,0,0,0,0,0,0,0,0,0,0,0,0,0,1,0
00250884.png,10,0,0,0,0,0,0,0,0,0,0,0,0,0,0,0,0,0,0,1,0
00251175.png,10,0,0,0,0,0,0,0,0,0,0,0,0,0,0,0,0,0,0,1,0
00251354.png,10,0,0,0,0,0,0,0,0,0,0,0,0,0,0,0,0,0,0,1,0
00251360.png,10,0,0,0,0,0,0,0,0,0,0,0,0,0,0,0,0,0,0,1,0
00251512.png,10,0,0,0,0,0,0,0,0,0,0,0,0,0,0,0,0,0,0,1,0
00251676.png,0,0,0,0,0,0,0,0,0,0,0,0,0,0,0,0,0,0,0,1,0
00251723.png,10,0,0,0,0,0,0,0,0,0,0,0,0,0,0,0,0,0,0,1,0
00251726.png,10,0,0,0,0,0,0,0,0,0,0,0,0,0,0,0,0,0,0,1,0
00251763.png,10,0,0,0,0,0,0,0,0,0,0,0,0,0,0,0,0,0,0,1,0
00252428.png,0,0,0,0,0,0,0,0,0,0,0,0,0,0,0,0,0,0,0,1,0
00252548.png,0,0,0,0,0,0,0,0,0,0,0,0,0,0,0,0,0,0,0,1,0
00252565.png,0,0,0,0,0,0,0,0,0,0,0,0,0,0,0,0,0,0,0,1,0
00252702.png,0,1,0,0,0,0,0,0,0,0,0,0,0,0,0,0,0,0,1,0,1
00252705.png,0,1,0,0,0,0,0,0,0,0,0,0,0,0,0,0,0,0,0,0,0
00252801.png,10,0,0,0,0,0,0,0,0,0,0,0,0,0,0,0,0,0,0,1,0
00252805.png,0,0,0,0,0,0,0,0,0,0,0,0,0,0,0,0,0,0,0,1,0
00253073.png,5,0,0,0,0,0,0,0,0,0,0,0,0,0,0,0,0,0,0,1,0
00253453.png,5,0,0,0,0,0,0,0,0,0,0,0,0,0,0,0,0,0,0,1,0
00253592.png,0,0,0,0,0,0,0,0,0,0,0,0,0,0,0,0,0,0,0,1,0
00253619.png,0,0,0,0,0,0,0,0,0,0,0,0,0,0,0,0,0,0,0,1,0
00253679.png,0,0,0,0,0,0,0,0,0,0,0,0,0,0,0,0,0,0,0,1,0
00254091.png,0,0,0,0,0,0,0,0,0,0,0,0,0,0,0,0,0,0,0,1,0
00254266.png,0,0,0,0,0,0,0,0,0,0,0,0,0,0,0,0,0,0,0,1,0
00254514.png,2,0,0,0,0,0,0,0,0,0,0,0,0,0,0,0,0,0,0,1,0
00254813.png,5,0,0,0,0,1,0,0,0,0,0,0,0,1,0,0,0,0,1,0,1
00254818.png,5,0,0,0,0,0,0,0,0,0,0,0,0,0,0,0,0,0,0,1,0
00254878.png,0,0,0,0,0,0,0,0,0,0,0,0,0,0,0,0,0,0,0,1,0
00255002.png,0,0,0,0,0,1,0,0,0,0,0,0,0,0,0,0,0,0,0,0,1
00255015.png,10,0,0,0,0,0,0,0,0,0,0,0,0,0,0,0,0,0,1,0,1
00255060.png,0,0,0,0,0,0,0,0,0,0,0,0,0,0,0,0,0,0,0,1,0
00255110.png,0,0,0,0,0,0,0,0,0,0,0,0,0,0,0,0,0,0,0,1,0
00255124.png,0,0,0,0,0,0,0,0,0,0,0,0,0,0,0,0,0,0,0,1,0
00255159.png,5,1,0,0,0,0,0,0,0,0,0,0,0,0,0,0,0,0,0,0,0
00255206.png,0,0,0,0,0,0,0,0,0,0,0,0,0,0,0,0,0,0,0,1,0
00255344.png,0,1,0,0,0,0,0,0,0,0,0,0,0,0,0,0,0,0,1,0,1
00255392.png,0,0,0,0,0,0,0,0,0,0,0,0,0,0,0,0,0,0,0,1,0
00255475.png,0,1,0,0,0,0,0,0,0,0,0,0,0,0,0,0,0,0,0,0,0
00255648.png,10,0,0,0,0,0,0,0,0,0,0,0,0,0,0,0,0,0,0,1,0
00255977.png,0,0,0,0,0,0,0,0,0,0,1,0,0,0,0,0,0,0,0,0,1
00256033.png,0,0,0,0,0,0,0,0,0,0,0,0,0,0,0,0,0,0,0,1,0
00256053.png,0,0,0,0,0,0,0,0,0,0,0,0,0,0,0,0,0,0,0,1,0
00256164.png,2,0,0,0,0,0,0,0,0,0,0,0,0,0,0,0,0,0,0,1,0
00256423.png,0,0,0,0,0,0,0,0,0,0,0,0,0,0,0,0,0,0,0,1,0
00256486.png,0,0,0,0,0,0,0,0,0,0,0,1,0,0,0,0,0,0,0,0,1
00256559.png,0,0,0,0,1,0,0,0,0,0,0,0,0,0,0,0,0,0,0,0,1
00256764.png,0,0,0,0,0,0,0,0,0,0,0,0,0,0,0,0,0,0,0,1,0
00256963.png,0,0,0,0,0,0,0,0,0,0,0,0,0,0,0,0,0,0,0,1,0
00256985.png,0,1,0,0,0,0,0,0,0,0,0,0,0,0,0,0,0,0,1,0,1
00257053.png,0,0,0,0,0,0,0,0,0,0,0,0,0,0,0,0,0,0,0,1,0
00257054.png,0,0,0,0,0,0,0,0,0,0,0,0,0,1,0,0,0,0,0,0,1
00257114.png,0,0,0,0,0,0,0,0,0,0,0,0,0,0,0,0,0,0,1,0,1
00257268.png,0,0,0,0,0,0,0,0,0,0,0,0,0,1,0,0,0,0,0,0,1
00257275.png,0,0,0,0,0,0,0,0,0,0,0,0,0,0,0,0,0,0,0,1,0
00257340.png,0,1,0,0,1,0,0,0,0,0,0,0,0,0,0,0,0,0,1,0,1
00257354.png,0,0,0,0,0,0,0,0,0,0,0,0,0,0,0,0,0,0,1,0,1
00257355.png,0,0,0,0,0,0,0,0,0,0,0,0,0,0,0,0,0,0,0,1,0
00257483.png,5,0,0,0,0,1,0,0,0,0,0,0,0,0,0,0,0,0,0,0,1
00257494.png,20,1,0,0,0,0,0,0,0,0,0,0,0,0,0,0,0,0,0,0,0
00257663.png,0,0,0,0,0,0,0,0,0,0,0,0,0,0,0,0,0,0,1,0,1
00257942.png,5,0,0,0,0,0,0,0,0,0,0,0,0,0,0,0,0,0,0,1,0
00257998.png,5,0,0,0,0,0,0,0,0,0,0,0,0,0,0,0,0,0,0,1,0
00258013.png,5,0,0,0,0,0,0,0,0,0,0,0,0,0,0,0,0,0,0,1,0
00258172.png,0,1,0,0,0,0,0,0,0,0,0,0,0,0,0,0,0,0,1,0,1
00258320.png,5,0,0,0,0,0,0,0,0,0,0,0,0,0,0,0,0,0,0,1,0
00258529.png,10,0,0,0,0,0,0,0,0,0,0,0,0,0,0,0,0,0,0,1,0
00258750.png,0,1,0,0,0,0,0,0,0,0,0,0,0,0,0,0,0,0,1,0,1
00258968.png,0,1,0,0,0,0,0,0,0,0,0,0,0,0,0,0,0,0,1,0,1
00259210.png,0,0,0,0,0,0,0,0,0,0,0,0,0,0,0,0,0,0,0,1,0
00259507.png,2,1,0,0,0,0,0,0,0,0,0,0,0,0,0,0,0,0,0,0,0
00259517.png,2,1,0,0,0,0,0,0,0,0,0,0,0,0,0,0,0,0,0,0,0
00259829.png,5,1,0,0,0,0,0,0,0,0,0,0,0,0,0,0,0,0,1,0,1
00259987.png,10,0,0,0,0,0,0,0,0,0,0,0,0,0,0,0,0,0,0,1,0
00259994.png,10,0,0,0,0,0,0,0,0,0,0,0,0,0,0,0,0,0,0,1,0
00260020.png,10,0,0,0,0,0,0,0,0,0,0,0,0,0,0,0,0,0,0,1,0
00260051.png,10,0,0,0,0,0,0,0,0,0,0,0,0,0,0,0,0,0,0,1,0
00260086.png,10,0,0,0,0,0,0,0,0,0,0,0,0,0,0,0,0,0,0,1,0
00260156.png,0,0,0,0,0,0,0,0,0,0,0,0,0,0,0,0,0,0,0,1,0
00260506.png,0,0,0,0,0,0,0,0,0,0,0,0,0,0,0,0,0,0,0,1,0
00260511.png,0,0,0,0,0,0,0,0,0,0,0,0,0,0,0,0,0,0,0,1,0
00260675.png,0,0,0,0,0,0,0,0,0,0,0,0,0,0,0,0,0,0,0,1,0
00260868.png,0,0,0,0,0,0,0,0,0,0,0,0,0,0,0,0,0,0,0,1,0
00261083.png,0,0,0,0,0,0,0,0,0,0,0,0,0,0,0,0,0,0,0,1,0
00261225.png,0,0,0,0,0,0,0,0,0,0,0,0,0,0,0,0,0,0,0,1,0
00261392.png,0,0,0,1,0,0,1,0,0,1,0,1,0,0,0,0,0,0,0,0,1
00261432.png,2,0,0,0,0,0,0,0,0,0,0,0,0,0,0,0,0,0,0,1,0
00261493.png,0,0,0,0,0,0,0,0,0,0,0,0,0,0,0,0,0,0,0,1,0
00261548.png,2,0,0,0,0,0,0,0,0,0,0,0,0,0,0,0,0,0,0,1,0
00261810.png,2,0,0,0,0,0,0,0,0,0,0,0,0,0,0,0,0,0,0,1,0
00261831.png,5,0,0,0,0,0,0,0,0,0,0,0,0,0,0,0,0,0,0,1,0
00261984.png,10,0,0,1,0,0,1,0,0,1,0,1,0,0,0,0,0,0,0,0,1
00262272.png,0,1,0,0,0,0,0,0,0,0,0,0,0,0,0,0,0,0,1,0,1
00262288.png,0,0,0,0,0,0,0,0,0,0,0,0,0,0,0,0,0,0,0,1,0
00262407.png,5,0,0,0,0,0,0,0,0,0,0,0,0,0,0,0,0,0,0,1,0
00262619.png,0,0,0,0,0,0,0,0,0,0,0,0,0,0,0,0,0,0,0,1,0
00262642.png,0,0,0,0,0,0,0,0,0,0,0,0,0,0,0,0,0,0,0,1,0
00262662.png,0,1,0,0,0,0,0,0,0,0,0,0,0,0,0,0,0,0,0,0,0
00262881.png,0,0,0,0,0,0,0,0,0,0,0,0,0,0,0,0,0,0,0,1,0
00262886.png,0,1,0,0,0,0,0,0,0,0,0,0,0,0,0,0,0,0,0,0,0
00262899.png,0,0,0,0,0,0,0,0,0,0,0,0,0,1,0,0,0,0,0,0,1
00263059.png,0,0,0,0,0,0,0,0,0,0,0,0,0,0,0,0,0,0,0,1,0
00263150.png,0,0,0,0,0,0,0,0,0,0,0,0,0,0,0,0,0,0,0,1,0
00263314.png,0,0,0,0,0,0,0,0,0,0,0,0,0,0,0,0,0,0,0,1,0
00263786.png,0,0,0,0,0,0,0,0,0,0,0,0,0,0,0,0,0,0,0,1,0
00263821.png,0,0,0,0,0,0,0,0,0,0,0,0,0,0,0,0,0,0,0,1,0
00263837.png,5,1,0,0,0,0,1,0,0,0,0,0,0,0,0,0,0,0,0,0,1
00264046.png,0,0,0,0,0,0,0,0,0,0,0,0,0,0,0,0,0,0,0,1,0
00264137.png,0,0,0,0,0,0,0,0,0,0,0,0,0,0,0,0,0,0,0,1,0
00264239.png,0,0,0,0,0,0,0,0,0,0,0,0,0,0,0,0,0,0,0,1,0
00264472.png,5,0,0,0,0,0,0,0,0,0,0,0,0,0,0,0,0,0,0,1,0
00264704.png,0,1,0,0,0,0,0,0,0,0,0,0,0,0,0,0,0,0,0,0,0
00264838.png,10,0,0,0,0,0,0,0,0,0,0,0,0,0,0,0,0,0,0,1,0
00264887.png,10,0,0,0,0,0,0,0,0,0,0,0,0,0,0,0,0,0,0,1,0
00264937.png,0,0,0,0,0,0,0,0,0,0,0,0,0,0,0,0,0,0,0,1,0
00265113.png,0,0,0,0,0,0,0,0,0,0,0,0,0,0,0,0,0,0,0,1,0
00265146.png,0,0,0,0,0,0,0,0,0,0,0,0,0,0,0,0,0,0,0,1,0
00265190.png,0,0,0,0,0,0,0,0,0,0,0,0,0,0,0,0,0,0,0,1,0
00265259.png,0,0,0,0,0,0,0,0,0,0,0,0,0,0,0,0,0,0,0,1,0
00265448.png,0,0,0,0,0,0,0,0,0,0,0,0,0,0,0,0,0,0,0,1,0
00265456.png,0,0,0,0,0,0,0,0,0,0,0,0,0,0,0,0,0,0,0,1,0
00265471.png,0,0,0,0,0,0,0,0,0,0,0,0,0,0,0,0,0,0,0,1,0
00265604.png,0,0,0,0,0,0,0,0,0,0,0,0,0,0,0,0,0,0,0,1,0
00265956.png,0,0,0,0,0,0,0,0,0,0,0,0,0,0,0,0,0,0,0,1,0
00266014.png,0,0,0,0,0,0,0,0,0,0,0,0,0,0,0,0,0,0,0,1,0
00266203.png,0,0,0,0,0,0,0,0,0,0,0,0,0,0,0,0,0,0,0,1,0
00266281.png,0,0,0,0,0,0,0,0,0,0,0,0,0,0,0,0,0,0,0,1,0
00266424.png,0,0,0,0,0,0,0,0,0,0,0,0,0,0,0,0,0,0,0,1,0
00266810.png,0,0,0,0,0,0,0,0,0,0,0,0,0,0,0,0,0,0,0,1,0
00266908.png,5,0,0,0,0,0,0,0,0,0,0,0,0,0,0,0,0,0,0,1,0
00267018.png,0,0,0,0,0,0,0,0,0,0,0,0,0,0,0,0,0,0,0,1,0
00267189.png,0,0,0,0,0,0,0,0,0,0,0,0,0,0,0,0,0,0,0,1,0
00267325.png,0,0,0,0,0,0,0,0,0,0,0,0,0,0,0,0,0,0,0,1,0
00267440.png,0,0,0,0,0,0,0,0,0,0,0,0,0,0,0,0,0,0,0,1,0
00267464.png,0,0,0,0,0,0,0,0,0,0,0,0,0,0,0,0,0,0,0,1,0
00267587.png,0,0,0,0,0,0,0,0,0,0,0,0,0,0,0,0,0,0,0,1,0
00267613.png,0,1,0,0,0,0,0,0,0,0,0,0,0,0,0,0,0,0,0,0,0
00267795.png,0,0,0,0,0,0,0,0,0,0,0,0,0,0,0,0,0,0,0,1,0
00267858.png,5,0,0,0,0,0,0,0,0,0,0,0,0,0,0,0,0,0,0,1,0
00267950.png,0,0,0,0,0,0,0,0,0,0,0,0,0,0,0,0,0,0,0,1,0
00267980.png,0,0,0,0,0,0,0,0,0,0,0,0,0,0,0,0,0,0,0,1,0
00267981.png,0,0,0,0,0,0,0,0,0,0,0,0,0,0,0,0,0,0,0,1,0
00268162.png,0,0,0,0,0,0,0,0,0,0,0,0,0,0,0,0,0,0,0,1,0
00268277.png,0,0,0,0,0,0,0,0,0,0,0,0,0,0,0,0,0,0,0,1,0
00268379.png,0,1,0,0,0,0,0,0,0,0,0,0,0,0,0,0,0,0,0,0,0
00268419.png,0,0,0,0,0,0,0,0,0,0,0,0,0,0,0,0,0,0,0,1,0
00268469.png,0,0,0,0,0,0,0,0,0,0,0,0,0,0,0,0,0,0,0,1,0
00268552.png,0,0,0,0,0,0,0,0,0,0,0,0,0,0,0,0,0,0,0,1,0
00268577.png,0,0,0,0,0,0,0,0,0,0,0,0,0,0,0,0,0,0,0,1,0
00268605.png,0,0,0,0,0,0,0,0,0,0,0,0,0,0,0,0,0,0,0,1,0
00268926.png,0,1,0,0,0,0,0,0,0,0,0,0,0,0,0,0,0,0,1,0,1
00269085.png,0,1,0,0,0,0,0,0,0,0,0,0,0,1,0,0,0,0,0,0,1
00269139.png,0,1,0,0,0,0,0,0,0,0,0,0,0,0,0,0,0,0,1,0,1
00269264.png,2,0,0,0,0,0,0,0,0,0,0,0,0,0,0,0,0,0,0,1,0
00269324.png,0,0,0,0,0,0,1,0,0,0,0,0,0,0,0,0,0,0,1,0,1
00269369.png,0,0,0,0,0,0,0,0,0,0,0,0,0,0,0,0,0,0,0,1,0
00269478.png,0,0,0,0,0,0,0,0,0,0,0,0,0,0,0,0,0,0,0,1,0
00270011.png,0,0,0,0,0,0,0,0,0,0,0,0,0,0,0,0,0,0,1,0,1
00270046.png,5,0,0,0,0,0,0,0,0,0,0,0,0,0,0,0,0,0,0,1,0
00270082.png,0,0,0,0,0,0,0,0,0,0,0,0,0,0,0,1,0,0,0,0,1
00270286.png,0,1,0,0,0,0,0,0,0,0,0,0,0,0,0,0,0,0,1,0,1
00270678.png,0,0,0,0,0,0,0,0,0,0,0,0,0,0,0,0,0,0,0,1,0
00270776.png,0,0,0,0,0,0,0,0,0,0,0,0,0,0,0,0,0,0,1,0,1
00270826.png,0,1,0,0,0,0,0,0,0,0,0,0,0,0,0,0,0,0,0,0,0
00270940.png,0,0,0,0,0,0,0,0,0,0,0,0,0,0,0,0,0,0,1,0,1
00271003.png,5,0,0,0,0,0,0,0,0,0,0,0,0,0,0,0,0,0,0,1,0
00271162.png,0,0,0,0,0,0,0,0,0,0,0,0,0,0,0,0,0,0,0,1,0
00271382.png,0,1,0,0,0,0,0,0,0,0,0,0,0,0,0,0,0,0,1,0,1
00271521.png,0,0,0,0,0,0,0,0,0,0,1,0,0,0,0,0,0,0,0,0,1
00271572.png,10,0,0,0,0,0,0,0,0,0,0,0,0,0,0,0,0,0,0,1,0
00271727.png,0,0,0,0,0,0,0,0,0,0,0,0,0,0,0,0,0,0,0,1,0
00271737.png,0,0,0,0,0,0,0,0,0,0,0,0,0,0,0,0,0,0,0,1,0
00271873.png,0,0,0,0,0,0,0,0,0,0,0,0,0,0,0,0,0,0,0,1,0
00271921.png,0,0,0,0,0,0,0,0,0,0,0,0,0,0,0,0,0,0,0,1,0
00272041.png,10,1,0,0,0,0,0,0,0,0,0,0,0,0,0,0,0,0,0,0,0
00272324.png,0,1,0,0,0,0,0,0,0,0,0,0,0,0,0,0,0,0,0,0,0
00272637.png,0,0,0,0,0,0,0,0,0,0,0,0,0,0,0,0,0,0,0,1,0
00272857.png,0,0,0,0,0,0,0,0,0,0,0,0,0,0,0,0,0,0,0,1,0
00273030.png,5,0,0,0,0,0,0,0,0,0,0,0,0,0,0,0,0,0,0,1,0
00273105.png,0,0,0,0,0,0,0,0,0,0,0,0,0,0,0,0,0,0,0,1,0
00273120.png,0,0,0,0,0,0,0,0,0,0,0,0,0,0,0,0,0,0,1,0,1
00273222.png,0,0,0,0,0,0,0,0,0,0,0,0,0,0,0,0,0,0,0,1,0
00273573.png,0,0,0,0,0,0,0,0,0,0,0,0,0,0,0,0,0,0,0,1,0
00273639.png,0,0,0,0,0,0,0,0,0,0,0,0,0,0,0,0,0,0,0,1,0
00273886.png,0,0,0,0,0,0,0,0,0,0,0,0,0,0,0,0,0,0,0,1,0
00274266.png,0,0,0,0,0,0,0,0,0,0,0,0,0,0,0,0,0,0,0,1,0
00274287.png,0,0,0,0,0,0,1,0,0,0,0,0,0,0,0,0,0,0,1,0,1
00274371.png,0,1,0,0,0,0,0,0,0,0,0,0,0,0,0,0,0,0,1,0,1
00274549.png,0,0,0,0,0,0,0,0,0,0,0,0,0,0,0,0,0,0,0,1,0
00274552.png,0,0,0,0,0,0,0,0,0,0,0,0,0,0,0,0,0,0,0,1,0
00274744.png,0,1,0,0,0,0,1,0,0,0,0,0,0,0,0,0,0,0,0,0,1
00274791.png,0,1,0,0,0,0,0,0,0,0,0,0,0,0,0,0,0,0,0,0,0
00275034.png,0,0,0,0,0,0,0,0,0,0,0,0,0,0,0,0,0,0,0,1,0
00275168.png,0,0,0,0,0,0,0,0,0,0,0,0,0,1,0,0,0,0,0,0,1
00275177.png,0,0,0,0,0,0,0,0,0,0,0,0,0,1,0,0,0,0,0,0,1
00275205.png,0,0,0,0,0,0,0,0,0,0,0,0,0,0,0,0,0,0,0,1,0
00275319.png,0,0,0,0,0,0,0,0,0,0,0,0,0,0,0,0,0,0,0,1,0
00275377.png,0,0,0,0,0,0,0,0,0,0,0,0,0,0,0,0,0,0,0,1,0
00275397.png,0,0,0,0,0,0,0,0,0,0,0,0,0,1,0,0,0,0,0,0,1
00275455.png,0,0,0,0,0,0,0,0,0,0,0,0,0,0,0,0,0,0,0,1,0
00275538.png,0,1,0,0,0,0,0,0,0,0,0,0,0,0,0,0,0,0,1,0,1
00275600.png,0,0,0,0,0,0,0,0,0,0,0,0,0,0,0,0,0,0,0,1,0
00275681.png,0,0,0,0,0,0,0,0,0,0,0,0,0,0,0,0,0,0,0,1,0
00275812.png,5,1,0,0,0,0,1,0,0,0,0,1,0,0,0,0,0,0,1,0,1
00276109.png,0,0,1,1,0,0,1,0,1,0,1,0,0,0,0,0,0,0,0,0,1
00276147.png,20,0,0,0,0,0,0,0,0,0,0,0,0,0,0,0,0,0,0,1,0
00276342.png,5,0,1,0,0,0,0,0,0,0,0,0,0,0,1,0,0,0,0,0,1
00276430.png,5,0,0,0,0,0,0,0,0,0,0,0,0,0,0,0,0,0,0,1,0
00276684.png,0,1,0,0,0,0,0,0,0,0,0,0,0,0,0,0,0,0,0,0,0
00276860.png,0,0,0,0,0,0,0,0,0,0,0,0,0,0,0,0,0,0,0,1,0
00276977.png,0,0,0,1,0,0,1,0,0,1,1,0,0,0,0,0,0,0,0,0,1
00277128.png,5,0,0,0,0,0,0,0,0,0,0,0,0,0,0,0,0,0,0,1,0
00277306.png,10,0,0,0,0,0,0,0,0,0,0,0,0,0,0,0,0,0,0,1,0
00277343.png,20,1,0,0,0,0,0,0,0,0,0,0,0,0,0,0,0,0,0,0,0
00277489.png,5,0,0,1,0,0,1,0,0,0,0,1,0,1,0,0,0,0,0,0,1
00277586.png,5,0,1,1,0,0,1,0,0,0,0,0,0,0,0,0,0,0,0,0,1
00277649.png,10,0,0,0,0,0,0,0,0,0,0,0,0,0,0,0,0,0,0,1,0
00277690.png,10,0,0,0,0,0,0,0,0,0,0,0,0,0,0,0,0,0,0,1,0
00277725.png,10,0,0,0,0,0,0,0,0,0,0,0,0,0,0,0,0,0,0,1,0
00277827.png,10,1,1,1,0,0,1,0,0,0,1,0,0,0,0,0,0,0,0,0,1
00278061.png,5,1,0,0,0,0,1,0,0,0,0,0,0,0,0,0,0,0,0,0,1
00278844.png,0,1,0,0,0,0,0,0,0,0,0,0,0,0,0,0,0,0,0,0,0
00279090.png,0,0,0,0,0,0,0,0,0,0,0,0,0,0,0,0,0,0,0,1,0
00279149.png,20,0,0,1,0,0,1,0,0,0,0,0,0,0,0,0,0,0,0,0,1
00279256.png,30,0,0,1,0,0,1,0,0,0,0,0,0,0,0,0,0,0,0,0,1
00279616.png,0,0,0,1,0,0,1,0,0,0,0,1,0,0,1,0,0,0,0,0,1
00279973.png,0,0,0,0,0,0,1,0,0,0,0,0,0,0,0,0,0,0,0,0,1
00280323.png,5,0,0,0,0,0,1,0,0,0,1,0,0,0,0,0,0,0,0,0,1
00280530.png,0,0,0,1,0,0,1,0,0,0,0,1,0,0,1,0,0,0,0,0,1
00280714.png,0,0,1,1,0,0,1,0,0,0,0,1,0,0,1,0,0,0,0,0,1
00280751.png,0,0,0,0,0,0,0,0,0,0,0,0,0,0,0,0,0,0,0,1,0
00280849.png,0,1,0,0,0,0,0,0,0,0,0,0,0,0,0,0,0,0,0,0,0
00280858.png,40,0,1,1,0,0,1,0,0,0,0,0,0,0,1,0,0,0,0,0,1
00281542.png,0,0,0,1,0,0,1,0,0,0,0,1,0,0,0,0,0,0,0,0,1
00281597.png,0,0,0,1,0,0,1,0,0,0,0,0,0,0,0,0,0,0,0,0,1
00281613.png,0,0,1,1,0,0,1,0,0,0,0,0,0,0,0,0,0,0,0,0,1
00281713.png,0,0,0,1,0,0,1,0,0,0,0,0,0,0,0,0,0,0,0,0,1
00281732.png,0,0,0,1,0,0,1,0,0,0,0,1,0,0,0,0,0,0,0,0,1
00281829.png,10,1,0,0,0,0,0,0,0,0,0,0,0,0,0,0,0,0,0,0,0
00282177.png,10,0,0,0,1,0,0,0,0,0,0,0,0,0,0,0,0,0,1,0,1
00282285.png,10,0,0,0,0,0,0,0,0,0,0,0,0,0,0,0,0,0,0,1,0
00282305.png,10,0,0,0,0,0,0,0,0,0,0,0,0,0,0,0,0,0,0,1,0
00282379.png,10,1,0,0,1,0,0,0,0,0,0,0,0,0,0,0,0,0,1,0,1
00282544.png,10,0,0,0,0,0,0,0,0,0,0,0,0,0,0,0,0,0,0,1,0
00282668.png,10,0,0,0,0,0,0,0,0,0,0,0,0,0,0,0,0,0,0,1,0
00282688.png,10,0,0,0,0,0,0,0,0,0,0,0,0,0,0,0,0,0,0,1,0
00282790.png,10,1,0,0,1,0,0,0,0,0,0,0,0,0,0,0,0,0,1,0,1
00282919.png,10,1,0,0,1,0,0,0,0,0,0,0,0,0,0,0,0,0,1,0,1
00283398.png,0,0,0,0,0,0,0,0,0,0,0,0,0,0,0,0,0,0,0,1,0
00283445.png,10,1,0,0,1,0,0,0,0,0,0,0,0,0,0,0,0,0,1,0,1
00283467.png,10,0,0,0,0,0,0,0,0,0,0,0,0,0,0,0,0,1,0,0,1
00283660.png,10,1,0,0,0,0,0,0,0,0,0,0,0,0,0,0,0,0,1,0,1
00283718.png,10,0,0,0,0,0,0,0,0,0,0,0,0,0,0,0,0,0,0,1,0
00283724.png,10,0,0,0,1,0,0,0,0,0,0,0,0,0,0,0,0,0,1,0,1
00283930.png,10,0,0,0,0,0,0,0,0,0,0,0,0,0,0,0,0,0,0,1,0
00283983.png,10,0,0,0,0,0,0,0,0,0,0,0,0,0,0,0,0,0,0,1,0
00284079.png,0,0,0,0,0,0,0,0,0,0,0,0,0,0,0,0,0,0,0,1,0
00284115.png,0,1,1,0,0,0,0,0,0,1,0,1,0,0,0,0,0,0,1,0,1
00284118.png,0,1,0,0,0,0,0,0,0,0,0,0,0,0,0,0,0,0,0,0,0
00284475.png,5,0,0,0,0,0,0,0,0,0,0,0,0,0,0,0,0,0,0,1,0
00284934.png,10,1,0,0,0,0,0,0,0,0,0,0,0,0,0,0,0,0,0,0,0
00285040.png,10,1,0,0,0,0,0,0,0,0,0,0,0,0,0,0,0,0,1,0,1
00285199.png,10,1,0,0,0,0,0,0,0,0,0,0,0,0,0,0,0,0,1,0,1
00285455.png,0,0,0,0,0,0,0,0,0,0,0,0,0,0,0,0,0,0,0,1,0
00285581.png,10,1,0,0,1,0,0,0,0,0,0,0,0,0,0,0,0,0,0,0,1
00285794.png,10,0,0,0,0,0,0,0,0,0,0,0,0,0,0,0,0,0,0,1,0
00285800.png,10,0,0,0,0,0,0,0,0,0,0,0,0,0,0,0,0,0,0,1,0
00286080.png,10,0,0,1,0,0,1,0,0,0,0,0,0,1,0,0,0,0,1,0,1
00286376.png,10,0,0,0,0,0,0,0,0,0,0,0,0,0,0,0,0,0,0,1,0
00286465.png,10,0,0,0,0,0,0,0,0,0,0,0,0,0,0,0,0,0,0,1,0
00286590.png,10,0,0,0,0,0,0,0,0,0,0,0,0,0,0,0,0,0,0,1,0
00286619.png,10,0,0,0,0,0,0,0,0,0,0,0,0,0,0,0,0,0,0,1,0
00286728.png,0,0,0,0,0,0,0,0,0,0,0,0,0,0,0,0,0,0,0,1,0
00286926.png,0,0,0,0,0,0,0,0,0,0,0,0,0,0,0,0,0,0,0,1,0
00287099.png,0,0,0,0,0,0,0,0,0,0,0,0,0,0,0,0,0,0,0,1,0
00287104.png,0,0,0,0,0,0,0,0,0,0,0,0,0,0,0,0,0,0,0,1,0
00287244.png,0,1,0,1,0,0,0,0,0,0,0,0,0,0,0,0,0,0,0,0,1
00287284.png,0,0,0,1,0,0,1,0,0,0,0,0,0,0,0,0,0,0,0,0,1
00287447.png,0,1,0,1,0,0,1,0,0,0,0,0,0,0,0,0,0,0,0,0,1
00287847.png,0,0,0,1,0,0,1,0,0,0,0,1,0,0,0,0,0,0,0,0,1
00287861.png,10,1,0,1,0,0,1,0,0,0,0,0,0,0,0,0,0,0,0,0,1
00287863.png,0,1,0,1,0,0,1,0,0,0,0,0,0,0,0,0,0,0,0,0,1
00287954.png,5,0,0,0,0,0,0,0,0,0,0,0,0,0,0,0,0,0,0,1,0
00288198.png,5,0,0,0,0,0,0,0,0,0,0,0,0,0,0,0,0,0,0,1,0
00288419.png,0,1,0,0,0,0,0,0,0,0,0,0,0,0,0,0,0,0,0,0,0
00288449.png,0,0,0,1,0,0,1,0,0,0,0,0,0,1,0,0,0,0,0,0,1
00288850.png,5,0,0,0,0,0,0,0,0,0,0,0,0,0,0,0,0,0,0,1,0
00288876.png,5,1,0,0,0,0,0,0,0,0,0,1,0,0,0,0,0,0,0,0,1
00289190.png,0,0,0,1,0,0,1,1,1,0,0,0,0,0,0,0,0,0,0,0,1
00289233.png,0,0,1,1,0,0,1,0,0,0,0,0,0,0,1,0,0,0,0,0,1
00289244.png,0,0,0,1,0,0,1,0,0,0,0,1,0,0,0,0,0,0,0,0,1
00289800.png,5,1,0,0,0,0,0,0,0,0,0,0,0,0,0,0,0,0,0,0,0
00289880.png,5,0,0,0,0,0,0,0,0,0,0,0,0,0,0,0,0,0,0,1,0
00289888.png,5,0,0,0,0,0,0,0,0,0,0,0,0,1,0,0,0,0,0,0,1
00289950.png,0,0,0,0,0,0,0,0,0,0,0,0,0,0,0,0,0,0,0,1,0
00290514.png,0,0,0,1,0,0,1,0,0,0,0,1,0,0,0,0,0,0,0,0,1
00290535.png,5,0,0,0,0,0,0,0,0,0,0,0,0,0,0,0,0,0,0,1,0
00290868.png,5,0,0,0,0,0,0,0,0,0,0,0,0,0,0,0,0,0,0,1,0
00290890.png,5,0,0,0,0,0,0,0,0,0,0,0,0,0,0,0,0,0,0,1,0
00290924.png,0,0,0,0,0,0,0,0,0,0,0,0,0,0,0,0,0,0,0,1,0
00290959.png,0,0,0,0,0,0,1,0,0,0,0,0,0,0,0,0,0,0,0,0,1
00291315.png,0,0,0,0,0,0,0,0,0,0,0,0,0,0,0,0,0,0,0,1,0
00291524.png,20,0,0,0,0,0,0,0,0,0,0,0,0,0,0,0,0,0,0,1,0
00292010.png,0,0,0,1,0,0,1,0,0,0,0,0,0,0,0,0,0,0,0,0,1
00292371.png,0,0,0,0,0,0,0,0,0,0,1,0,0,0,0,0,0,0,0,0,1
00292693.png,0,1,0,1,0,0,1,0,0,0,0,0,0,0,0,0,0,0,1,0,1
00292762.png,10,0,0,0,0,0,0,0,0,0,0,0,0,0,0,0,0,0,0,1,0
00292830.png,0,1,0,0,0,0,0,0,0,0,0,0,0,0,0,0,0,0,1,0,1
00292920.png,0,0,0,0,0,0,0,0,0,0,0,0,0,0,0,0,0,0,0,1,0
00292979.png,10,0,0,0,0,0,0,0,0,0,0,0,0,0,0,0,0,0,0,1,0
00293054.png,0,0,0,0,0,0,0,0,0,0,0,0,0,0,0,0,0,0,0,1,0
00293123.png,50,1,0,0,0,0,0,0,0,0,0,0,0,0,0,0,0,0,0,0,0
00293183.png,20,0,0,1,0,0,1,0,0,0,0,0,0,0,0,0,0,0,0,0,1
00293184.png,20,1,0,1,0,0,1,0,0,0,0,0,0,0,0,0,0,0,0,0,1
00293330.png,10,1,0,0,0,0,0,0,0,0,0,0,0,0,0,0,0,0,0,0,0
00293342.png,30,1,0,1,0,0,1,0,0,0,0,0,0,0,0,0,0,0,0,0,1
00293370.png,5,1,0,0,0,0,0,0,0,0,0,0,0,0,0,0,0,0,0,0,0
00293482.png,0,1,0,0,0,0,0,0,0,0,0,0,0,0,0,0,0,0,1,0,1
00293730.png,10,0,0,0,1,1,0,0,0,0,0,0,0,0,0,0,0,0,0,0,1
00294039.png,0,1,0,0,0,0,0,0,0,0,0,0,0,0,0,0,0,0,1,0,1
00294076.png,0,1,0,0,1,1,0,0,0,0,0,0,0,0,0,0,0,0,0,0,1
00294085.png,5,0,1,1,0,0,1,0,0,0,0,0,0,0,0,0,0,0,0,0,1
00294282.png,20,1,0,0,0,0,0,0,0,0,0,0,0,0,0,0,0,0,0,0,0
00294394.png,10,0,1,1,0,0,1,0,1,0,0,0,0,0,1,0,0,0,0,0,1
00294452.png,10,1,0,1,0,0,1,0,1,1,0,0,0,0,0,0,0,0,0,0,1
00294840.png,10,1,0,0,0,0,0,0,0,0,0,0,0,0,0,0,0,0,0,0,0
00295048.png,10,0,0,0,0,0,0,0,0,0,0,0,0,0,0,0,0,0,0,1,0
00295106.png,0,1,0,0,0,0,0,0,0,0,1,0,0,0,0,0,0,0,1,0,1
00295464.png,0,1,0,0,0,0,0,0,0,0,0,0,0,0,0,0,0,0,1,0,1
00295549.png,0,0,0,0,0,0,0,0,0,0,0,0,0,0,0,0,0,0,0,1,0
00295582.png,0,0,0,0,0,0,0,0,0,0,0,0,0,0,0,0,0,0,0,1,0
00295907.png,0,0,0,0,0,0,0,0,0,0,0,0,0,0,0,0,0,0,0,1,0
00295930.png,0,0,0,0,0,0,0,0,0,0,0,0,0,0,0,0,0,0,0,1,0
00295974.png,0,0,0,0,0,0,0,0,0,0,1,0,0,0,0,0,0,0,1,0,1
00295999.png,0,0,0,0,0,0,0,0,0,0,0,0,0,0,0,0,0,0,0,1,0
00296224.png,0,0,0,0,0,0,0,0,0,0,0,0,0,0,0,0,0,0,0,1,0
00296280.png,0,0,0,0,0,0,0,0,0,0,0,0,0,0,0,0,0,0,0,1,0
00296327.png,0,0,0,0,0,0,0,0,0,0,0,0,0,0,0,0,0,0,0,1,0
00296434.png,5,0,0,0,0,0,0,0,0,0,0,0,0,0,0,0,0,0,0,1,0
00296606.png,0,0,0,0,0,0,0,0,0,0,0,0,0,0,0,0,0,0,0,1,0
00296684.png,0,1,0,0,0,0,0,0,0,0,0,0,0,0,0,0,0,0,1,0,1
00296901.png,0,0,0,0,0,0,0,0,0,0,0,0,0,0,0,0,0,0,0,1,0
00296942.png,0,0,0,0,0,0,0,0,0,0,0,0,0,0,0,0,0,0,0,1,0
00297183.png,0,0,0,0,0,0,0,0,0,0,1,0,0,0,0,0,0,0,0,0,1
00297202.png,0,0,0,0,0,0,0,0,0,0,0,0,0,0,0,0,0,0,0,1,0
00297213.png,0,0,0,0,0,0,0,0,0,0,0,0,0,0,0,0,0,0,0,1,0
00297450.png,0,1,0,0,0,0,0,0,0,0,0,0,0,0,0,0,0,0,1,0,1
00297503.png,0,0,0,0,0,0,0,0,0,0,0,0,0,1,0,0,0,0,0,0,1
00297537.png,0,0,0,0,0,0,0,0,0,0,0,0,0,0,0,0,0,0,0,1,0
00297772.png,0,1,0,0,0,0,0,1,0,1,0,0,0,0,0,0,0,0,0,0,1
00297780.png,0,0,0,0,0,0,0,0,0,0,0,0,0,0,0,0,0,0,0,1,0
00297835.png,0,0,0,0,1,0,0,0,0,0,0,0,0,0,0,0,0,0,0,0,1
00298457.png,0,1,0,0,0,0,0,0,0,0,0,0,0,0,0,0,0,0,1,0,1
00298489.png,0,1,0,0,0,0,0,0,0,0,0,0,0,0,0,0,0,0,0,0,0
00298490.png,0,0,0,0,0,0,0,0,0,0,0,0,0,0,0,0,0,0,0,1,0
00298526.png,0,1,0,0,0,0,0,0,0,0,0,0,0,0,0,0,0,0,1,0,1
00298641.png,0,1,0,0,0,0,0,0,0,0,0,0,0,0,0,0,0,0,1,0,1
00298831.png,0,1,0,0,0,0,1,0,0,0,0,0,0,0,0,0,0,0,1,0,1
00298863.png,0,1,0,0,0,0,1,0,0,0,0,0,0,0,0,0,0,0,1,0,1
00299133.png,2,1,0,0,0,0,1,0,0,0,0,0,0,0,0,0,0,0,1,0,1
00299248.png,0,0,0,1,0,0,1,0,0,0,0,0,0,0,0,0,0,0,0,0,1
00299307.png,0,0,0,0,0,0,1,0,1,0,0,0,0,0,0,0,0,0,0,0,1
00299308.png,0,0,0,0,0,0,1,0,1,0,0,0,0,0,0,0,0,0,0,0,1
00299367.png,0,0,0,0,0,0,0,0,0,0,0,0,0,0,0,0,0,0,0,1,0
00299399.png,0,0,0,0,0,0,1,0,0,0,0,0,0,1,0,0,0,0,0,0,1
00299610.png,2,0,1,0,0,0,1,0,0,0,0,0,0,0,0,0,0,0,0,0,1
00299654.png,10,0,0,0,0,0,0,0,0,0,0,0,0,0,0,0,0,0,0,1,0
00299677.png,10,0,0,0,0,0,0,0,0,0,0,0,0,0,0,0,0,0,0,1,0
00299747.png,0,0,0,1,0,0,1,0,0,0,0,0,0,0,0,0,0,0,0,0,1
00299776.png,0,1,0,0,0,0,1,0,0,0,0,0,0,0,0,0,0,0,1,0,1
00299807.png,20,1,0,0,1,0,0,0,0,0,0,0,0,0,0,0,0,0,0,0,1
00299868.png,0,0,0,0,0,0,0,0,0,1,0,0,0,0,0,0,0,0,0,0,1
00299873.png,2,1,0,0,0,0,1,0,0,0,0,0,0,0,0,0,0,0,1,0,1
00300019.png,0,0,0,0,0,0,0,0,0,0,0,0,0,0,0,0,0,0,0,1,0
00300228.png,2,0,0,1,0,0,0,0,1,0,0,0,0,0,0,0,0,0,0,0,1
00300242.png,0,0,0,0,0,0,1,0,1,0,0,0,0,0,0,0,0,0,0,0,1
00300702.png,5,0,0,0,0,0,1,0,0,0,1,0,0,0,0,0,0,0,1,0,1
00300870.png,0,0,0,0,0,0,0,0,0,0,1,0,0,0,0,0,0,0,0,0,1
00300932.png,0,0,0,0,0,0,1,0,0,0,0,0,0,0,0,0,0,0,0,0,1
00300939.png,0,0,0,0,0,0,1,0,0,0,0,0,0,1,0,0,0,0,0,0,1
00300992.png,0,0,0,0,0,0,1,0,0,0,0,0,0,0,0,0,0,0,0,0,1
00300993.png,0,0,0,0,0,0,1,0,0,0,0,0,0,0,0,0,0,0,0,0,1
00301024.png,0,1,1,0,0,0,1,0,0,0,0,0,0,0,0,0,0,0,0,0,1
00301028.png,0,1,0,0,0,0,1,0,0,0,1,0,0,0,0,0,0,0,0,0,1
00301256.png,5,0,1,1,0,0,0,0,0,0,0,0,0,1,0,0,0,0,0,0,1
00301297.png,10,0,0,0,0,0,0,0,0,0,0,0,0,0,0,0,0,0,0,1,0
00301474.png,10,1,0,0,0,0,0,0,0,0,0,0,0,0,0,0,0,0,0,0,0
00301651.png,10,0,0,0,0,0,0,0,0,0,0,0,0,0,0,0,0,0,0,1,0
00301757.png,0,0,0,1,0,0,1,0,0,0,0,0,0,0,0,0,0,0,0,0,1
00301902.png,5,0,0,1,0,0,0,0,0,0,0,0,0,0,0,0,0,0,0,0,1
00302016.png,0,0,0,0,0,0,1,0,0,0,0,0,0,0,0,0,0,0,0,0,1
00302132.png,0,1,0,0,0,0,1,0,0,0,0,0,1,0,0,0,0,0,0,0,1
00302214.png,0,0,0,0,0,0,0,0,0,0,0,0,0,0,0,0,0,0,0,1,0
00302415.png,0,0,0,1,0,0,1,0,1,0,0,0,0,0,0,0,0,0,0,0,1
00302434.png,0,0,0,0,0,0,1,0,0,0,0,0,0,0,0,0,0,0,0,0,1
00302445.png,0,0,0,1,0,0,1,0,0,0,0,0,0,0,0,0,0,0,0,0,1
00302508.png,0,0,0,1,0,0,0,0,0,0,0,0,0,0,0,0,0,0,0,0,1
00302635.png,0,0,0,1,0,0,1,0,0,0,0,0,0,0,0,0,0,0,0,0,1
00302803.png,10,0,0,1,0,0,1,0,0,0,0,0,0,0,0,0,0,0,0,0,1
00303141.png,10,0,0,0,0,0,0,0,0,0,0,0,0,0,0,0,0,0,0,1,0
00303163.png,10,0,0,0,0,0,0,0,0,0,0,0,0,0,0,0,0,0,0,1,0
00303465.png,0,1,1,0,0,0,0,0,0,0,0,0,1,0,0,0,0,0,0,0,1
00303580.png,0,1,0,0,0,0,1,0,0,0,0,0,0,0,0,0,0,0,1,0,1
00303989.png,0,0,0,1,0,0,1,0,0,0,0,0,0,0,0,0,0,0,0,0,1
00304007.png,0,1,0,0,0,0,1,0,0,0,0,0,0,0,0,0,0,0,1,0,1
00304039.png,10,0,0,1,0,0,1,0,0,0,1,0,0,0,0,0,0,0,0,0,1
00304062.png,20,1,1,1,0,0,1,0,0,1,0,1,0,0,0,0,0,0,0,0,1
00304071.png,10,1,0,1,0,0,1,0,0,0,0,0,0,0,0,0,0,0,0,0,1
00304176.png,2,0,0,1,0,0,0,0,0,0,0,1,0,0,0,0,0,0,0,0,1
00304250.png,2,0,0,0,0,0,0,0,0,0,0,0,0,0,0,0,0,0,0,1,0
00304388.png,0,0,0,0,0,0,0,0,0,0,0,0,0,0,0,0,0,0,0,1,0
00304557.png,10,0,0,0,0,0,0,0,0,0,0,0,0,0,0,0,0,0,0,1,0
00304596.png,0,0,0,1,0,0,0,0,0,0,0,0,0,1,0,0,0,0,0,0,1
00304771.png,10,0,0,0,0,0,0,0,0,0,0,0,0,0,0,0,0,0,0,1,0
00304815.png,10,0,0,0,0,0,0,0,0,0,0,0,0,0,0,0,0,0,0,1,0
00304826.png,2,0,0,1,0,0,1,0,0,0,0,0,0,0,0,0,0,0,0,0,1
00304846.png,0,0,0,0,0,0,1,0,1,0,0,0,0,0,0,0,0,0,1,0,1
00304992.png,5,1,0,1,0,0,0,0,1,0,0,0,0,0,0,0,0,0,0,0,1
00305052.png,5,0,0,1,0,0,1,0,0,0,0,0,0,0,0,0,0,0,1,0,1
00305077.png,20,1,0,1,0,0,1,0,0,0,0,0,0,0,0,0,0,0,0,0,1
00305095.png,10,1,0,0,0,0,0,0,0,0,0,0,0,0,0,0,0,0,0,0,0
00305523.png,5,0,0,1,0,0,1,0,1,0,0,0,0,0,0,0,0,0,0,0,1
00305760.png,10,0,0,1,0,0,1,0,0,0,0,0,0,0,0,0,0,0,0,0,1
00305804.png,10,0,0,0,0,0,1,0,0,0,0,0,0,0,0,0,0,0,0,0,1
00305838.png,10,0,0,0,0,0,1,0,0,0,0,0,0,0,0,0,0,0,0,0,1
00305890.png,10,1,0,1,0,0,1,0,0,0,0,0,0,0,0,0,0,0,0,0,1
00305898.png,2,1,0,0,0,0,0,0,0,0,0,0,0,0,0,0,0,0,0,0,0
00306330.png,5,0,0,0,0,0,0,0,0,0,0,0,0,0,0,0,0,0,0,1,0
00306421.png,0,0,0,0,0,0,0,0,0,0,0,0,0,0,0,0,0,0,1,0,1
00306484.png,0,0,0,0,0,0,1,0,0,0,0,0,0,1,0,0,0,0,0,0,1
00307116.png,10,1,1,0,0,0,1,0,0,0,0,0,0,0,0,0,0,0,0,0,1
00307415.png,0,0,0,0,0,0,1,0,1,0,0,0,0,0,0,0,0,0,0,0,1
00307478.png,10,0,0,0,0,0,0,0,0,0,0,0,0,0,0,0,0,0,0,1,0
00307617.png,0,1,0,0,0,0,0,0,0,0,0,0,0,0,0,0,0,0,0,0,0
00307630.png,0,0,0,1,0,0,0,0,0,0,0,0,0,0,0,0,0,0,1,0,1
00307770.png,10,0,0,0,0,0,0,0,0,0,0,0,0,0,0,0,0,0,0,1,0
00308080.png,0,1,0,0,0,0,1,1,1,0,0,0,0,0,0,0,0,0,1,0,1
00308257.png,2,1,0,1,0,0,1,0,0,0,0,0,0,0,0,0,0,0,1,0,1
00308810.png,0,1,0,0,0,0,0,0,0,0,0,0,0,0,0,0,0,0,0,0,0
00308825.png,2,0,0,1,0,0,0,0,0,0,0,0,0,0,0,0,0,0,0,0,1
00309044.png,0,0,0,1,0,0,1,0,0,0,0,0,0,0,0,0,0,0,1,0,1
00309064.png,0,0,0,1,0,0,1,0,0,0,0,0,0,0,0,0,0,0,1,0,1
00309071.png,0,1,0,0,0,0,0,0,0,0,0,0,0,0,0,0,0,0,0,0,0
00309141.png,0,1,0,1,0,0,1,0,0,0,0,0,0,0,0,0,0,0,1,0,1
00309144.png,0,0,0,1,0,0,1,0,0,0,0,0,0,0,0,0,0,0,1,0,1
00309151.png,0,1,0,0,0,0,0,0,0,0,0,0,0,0,0,0,0,0,0,0,0
00309232.png,0,1,1,1,0,0,1,0,0,0,0,0,0,0,0,0,0,0,1,0,1
00309252.png,0,0,0,0,0,0,0,0,0,0,0,0,0,0,0,0,0,0,0,1,0
00309345.png,0,0,0,1,0,0,0,0,0,0,0,0,0,0,0,0,0,0,1,0,1
00309382.png,0,0,0,1,0,0,1,0,0,0,0,0,0,0,0,0,0,0,0,0,1
00309436.png,0,1,0,1,0,0,0,0,0,0,0,0,0,0,0,0,0,0,1,0,1
00309445.png,10,0,0,0,0,0,0,0,0,0,0,0,0,0,0,0,0,0,0,1,0
00309489.png,10,0,0,0,0,0,0,0,0,0,0,0,0,0,0,0,0,0,0,1,0
00309686.png,0,1,0,1,0,0,0,0,0,0,0,0,0,0,0,0,0,0,0,0,1
00309723.png,0,1,0,0,0,0,0,0,0,0,0,0,0,0,0,0,0,0,0,0,0
00309758.png,0,1,0,0,0,0,1,0,1,0,0,0,0,0,0,0,0,0,1,0,1
00310197.png,0,0,0,1,0,0,0,0,0,0,0,0,0,1,0,0,0,0,0,0,1
00310274.png,5,1,0,1,0,0,0,0,0,0,0,1,0,0,0,0,0,0,0,0,1
00310359.png,5,1,0,0,0,0,1,0,0,0,0,0,0,0,0,0,0,0,1,0,1
00310363.png,0,1,0,0,0,0,1,1,0,0,0,0,0,0,0,0,0,0,1,0,1
00310414.png,0,0,0,0,0,0,0,0,0,0,0,0,0,0,1,0,0,0,0,0,1
00310422.png,0,1,0,1,0,0,1,0,0,0,0,0,0,0,0,0,0,0,0,0,1
00310472.png,2,0,0,0,0,0,0,0,0,0,0,0,0,0,0,0,0,0,0,1,0
00310569.png,10,0,0,0,0,0,0,0,0,0,0,0,0,0,0,0,0,0,0,1,0
00310672.png,0,0,0,1,0,0,0,0,0,0,0,0,0,0,0,0,0,0,0,0,1
00310762.png,0,0,0,1,0,0,1,0,0,0,0,0,0,0,0,0,0,0,0,0,1
00310783.png,0,1,0,0,0,0,0,0,0,0,0,0,0,0,0,0,0,0,0,0,0
00310984.png,2,0,0,1,0,0,0,0,0,0,0,0,0,1,0,0,0,0,0,0,1
00311157.png,5,1,0,0,0,0,0,0,0,0,0,0,0,0,0,0,0,0,0,0,0
00311515.png,10,1,0,0,0,0,0,0,0,0,0,0,0,0,0,0,0,0,0,0,0
00311751.png,0,1,0,0,0,0,1,0,0,0,0,0,0,0,0,0,0,0,1,0,1
00311867.png,5,0,0,0,0,0,0,0,0,0,0,1,0,1,0,0,0,0,0,0,1
00312018.png,0,0,0,1,0,0,0,0,0,0,0,0,0,0,0,0,0,0,0,0,1
00312038.png,5,1,0,1,0,0,1,0,0,0,0,0,0,0,0,0,0,0,0,0,1
00312168.png,10,0,1,1,0,0,0,0,0,0,0,0,0,0,0,0,0,0,0,0,1
00312247.png,10,1,0,1,0,0,0,0,0,0,0,0,0,0,0,0,0,0,0,0,1
00312631.png,0,0,0,0,0,0,1,0,0,0,0,0,0,0,0,0,0,0,0,0,1
00312905.png,0,1,0,1,0,0,0,0,0,0,0,0,0,0,0,0,0,0,0,0,1
00312921.png,2,1,0,1,0,0,1,0,0,0,0,0,0,0,0,0,0,0,1,0,1
00313001.png,2,0,0,1,0,0,0,0,0,0,0,0,0,0,0,0,0,0,0,0,1
00313035.png,10,0,1,1,0,0,1,0,0,0,0,0,0,0,0,0,0,0,0,0,1
00313043.png,10,0,0,1,0,0,0,0,0,0,0,0,0,1,0,0,0,0,0,0,1
00313236.png,10,1,0,0,1,0,0,0,0,0,0,0,0,0,0,0,0,0,1,0,1
00313251.png,2,0,0,1,0,0,1,0,0,0,0,0,0,0,0,0,0,0,0,0,1
00313301.png,2,0,0,1,0,0,1,0,0,0,0,0,0,0,0,0,0,0,0,0,1
00313362.png,5,0,0,0,0,0,0,0,0,0,0,0,0,0,0,0,0,0,0,1,0
00313532.png,0,0,0,0,0,0,0,0,0,0,0,0,0,0,0,0,0,0,0,1,0
00313622.png,2,0,0,0,0,0,0,0,0,0,0,0,0,0,0,0,0,0,0,1,0
00313643.png,0,0,0,0,0,0,0,0,0,0,0,0,0,0,0,0,0,0,0,1,0
00313942.png,0,1,0,0,0,0,0,0,0,0,0,0,0,0,0,0,0,0,1,0,1
00314114.png,5,1,0,0,0,0,0,0,0,0,0,0,0,0,0,0,0,0,1,0,1
00314187.png,0,0,0,0,0,0,0,0,0,0,0,0,0,0,0,0,0,0,0,1,0
00314190.png,0,0,0,0,0,0,1,0,0,0,0,1,0,0,0,0,0,0,0,0,1
00314456.png,0,0,0,0,0,0,0,0,0,0,0,0,0,0,0,0,0,0,0,1,0
00314494.png,10,0,0,0,0,0,0,0,0,0,0,0,0,0,0,0,0,0,0,1,0
00314519.png,0,0,0,0,0,0,0,0,0,0,0,0,0,0,0,0,0,0,0,1,0
00314638.png,0,0,0,0,0,0,0,0,0,0,0,0,0,0,0,0,0,0,0,1,0
00314763.png,10,0,0,0,0,0,0,0,0,0,0,0,0,0,0,0,0,0,0,1,0
00314976.png,0,1,0,0,0,0,0,0,0,0,0,0,0,0,0,0,0,0,1,0,1
00315029.png,0,1,0,0,0,0,0,0,0,0,0,0,0,0,0,0,0,0,0,0,0
00315137.png,0,1,0,0,0,0,0,0,0,0,0,0,0,0,0,0,0,0,1,0,1
00315422.png,0,1,0,0,0,0,0,0,0,0,0,0,0,0,0,0,0,0,1,0,1
00315546.png,2,0,0,0,0,0,0,0,0,0,0,0,0,0,0,0,0,0,0,1,0
00315589.png,2,0,0,0,0,0,0,0,0,0,0,0,0,0,0,0,0,0,0,1,0
00315628.png,2,0,0,0,0,0,0,0,0,0,0,0,0,0,0,0,0,0,0,1,0
00315686.png,0,0,0,0,0,0,0,0,0,0,0,0,0,0,0,0,0,0,0,1,0
00315821.png,2,0,0,0,0,0,0,0,0,0,0,0,0,0,0,0,0,0,0,1,0
00315892.png,2,1,0,0,0,0,0,0,0,0,0,0,0,0,0,0,0,0,0,0,0
00316035.png,0,0,0,0,0,0,0,0,0,0,0,0,0,0,0,0,0,0,0,1,0
00316036.png,0,0,0,0,0,0,0,0,0,0,0,0,0,0,0,0,0,0,0,1,0
00316044.png,0,0,0,0,0,0,0,0,0,0,0,0,0,0,0,0,0,0,0,1,0
00316053.png,0,0,0,0,0,0,0,0,0,0,0,0,0,1,0,0,0,0,0,0,1
00316245.png,5,0,0,0,0,0,0,0,0,0,0,0,0,0,0,0,0,0,0,1,0
00316395.png,0,0,0,0,0,0,0,0,0,0,0,0,0,0,0,0,0,0,1,0,1
00316487.png,0,0,0,0,0,0,0,0,0,0,0,0,0,0,0,0,0,0,0,1,0
00316494.png,0,0,0,0,0,0,0,0,0,0,0,0,0,0,0,0,0,0,0,1,0
00316595.png,0,1,0,0,0,0,0,0,0,0,0,0,0,0,0,0,0,0,0,0,0
00316663.png,5,1,0,0,0,0,0,0,0,0,0,0,0,0,0,0,0,0,0,0,0
00316702.png,0,0,0,0,0,0,0,0,0,0,0,0,0,0,0,0,0,0,0,1,0
00316794.png,2,0,0,0,0,0,0,0,0,0,0,0,0,0,0,0,0,0,0,1,0
00316928.png,0,1,0,0,0,0,0,0,0,0,0,0,0,0,0,0,0,0,1,0,1
00316979.png,10,0,0,0,0,0,0,0,0,0,0,0,0,0,0,0,0,0,0,1,0
00317162.png,2,0,0,0,0,0,0,0,0,0,0,0,0,0,0,0,0,0,0,1,0
00317167.png,2,0,0,0,0,0,0,0,0,0,0,0,0,0,0,0,0,0,0,1,0
00317347.png,0,1,0,0,0,0,0,0,0,0,0,0,0,0,0,0,0,0,1,0,1
00317468.png,5,1,0,1,0,0,1,0,0,0,0,0,0,0,0,0,0,0,0,0,1
00317475.png,10,1,0,1,0,0,0,0,0,0,0,1,0,0,0,0,0,0,1,0,1
00317517.png,5,0,0,0,0,0,0,0,0,0,0,0,0,0,0,0,0,0,0,1,0
00317691.png,0,0,0,0,0,0,0,0,0,0,0,0,0,0,0,0,0,0,0,1,0
00317997.png,0,1,0,0,0,0,0,0,0,0,0,0,0,0,0,0,0,0,0,0,0
00318017.png,2,0,0,1,0,0,1,0,0,0,1,0,0,0,0,0,0,0,0,0,1
00318277.png,0,0,0,0,0,0,0,0,0,0,0,0,0,0,0,0,0,0,0,1,0
00318309.png,0,0,0,0,0,0,0,0,0,0,0,0,0,0,0,0,0,0,0,1,0
00318693.png,0,1,0,0,0,0,0,0,0,0,0,0,0,0,0,0,0,0,1,0,1
00318838.png,2,0,0,0,0,0,0,0,0,0,0,0,0,0,0,0,0,0,0,1,0
00318850.png,2,0,0,0,0,0,0,0,0,0,0,0,0,0,0,0,0,0,0,1,0
00319047.png,5,0,0,0,0,0,0,0,0,0,0,0,0,0,0,0,0,0,0,1,0
00319127.png,0,0,0,0,0,0,0,0,0,0,0,0,0,0,0,0,0,0,0,1,0
00319206.png,5,0,0,0,0,0,0,0,0,0,0,0,0,0,0,0,0,0,0,1,0
00319208.png,5,0,0,0,0,0,0,0,0,0,0,0,0,0,0,0,0,0,0,1,0
00319282.png,2,1,0,0,0,0,0,0,0,0,0,0,0,0,0,0,0,0,0,0,0
00319435.png,2,1,0,0,0,0,0,0,0,0,0,0,0,1,0,0,0,0,0,0,1
00319589.png,2,0,0,0,0,0,0,0,0,0,0,0,0,0,0,0,0,0,0,1,0
00319656.png,5,0,0,0,0,0,0,0,0,0,0,0,0,0,0,0,0,0,0,1,0
00319700.png,5,0,0,0,0,0,0,0,0,0,0,0,0,0,0,0,0,0,0,1,0
00319832.png,0,0,1,1,0,0,0,0,0,0,0,0,0,0,0,0,0,0,0,0,1
00319955.png,0,0,0,0,0,0,0,0,0,0,0,0,0,0,0,0,0,0,0,1,0
00320161.png,20,0,0,0,0,0,0,0,0,0,0,0,0,0,0,0,0,0,0,1,0
00320213.png,10,0,0,0,0,0,0,0,0,0,0,0,0,0,0,0,0,0,0,1,0
00320271.png,0,0,0,1,0,0,0,0,0,0,0,0,0,0,0,0,0,0,0,0,1
00320499.png,10,0,0,0,0,0,0,0,0,0,0,0,0,0,0,0,0,0,0,1,0
00320589.png,0,0,0,0,0,0,0,0,0,0,0,0,0,0,0,0,0,0,0,1,0
00320881.png,20,0,0,0,0,0,0,0,0,0,0,0,0,0,0,0,0,0,0,1,0
00320906.png,30,0,0,0,0,0,0,0,0,0,0,0,0,0,0,0,0,0,0,1,0
00321039.png,30,0,0,0,0,0,0,0,0,0,0,0,0,0,0,0,0,0,0,1,0
00321183.png,5,1,0,1,0,0,1,0,0,0,0,0,0,0,0,0,0,0,0,0,1
00321254.png,10,0,0,0,0,0,0,0,0,0,0,0,0,0,0,0,0,0,0,1,0
00321388.png,10,0,0,0,0,0,0,0,0,0,0,0,0,0,0,0,0,0,0,1,0
00321398.png,10,0,0,0,0,0,0,0,0,0,0,0,0,0,0,0,0,0,0,1,0
00321456.png,0,0,0,0,0,0,0,0,0,0,0,0,0,0,0,0,0,0,0,1,0
00321519.png,10,0,0,0,0,0,0,0,0,0,0,0,0,0,0,0,0,0,0,1,0
00321565.png,5,1,0,0,0,0,1,0,1,0,1,0,0,0,0,0,0,0,0,0,1
00321757.png,0,1,0,1,0,0,1,0,0,0,1,0,0,0,0,0,0,0,0,0,1
00321791.png,10,0,0,0,0,0,0,0,0,0,0,0,0,0,0,0,0,0,0,1,0
00321911.png,10,0,0,1,0,0,1,0,0,0,0,0,0,0,0,0,0,0,0,0,1
00321981.png,10,0,0,0,0,0,0,0,0,0,0,0,0,0,0,0,0,0,0,1,0
00322057.png,10,0,0,0,0,0,0,0,0,0,0,0,0,0,0,0,0,0,0,1,0
00322115.png,10,0,0,0,0,0,0,0,0,0,0,0,0,0,0,0,0,0,0,1,0
00322329.png,2,0,0,0,0,0,0,0,0,0,0,0,0,0,0,0,0,0,0,1,0
00322337.png,2,0,0,0,0,0,0,0,0,0,0,0,0,0,0,0,0,0,0,1,0
00322578.png,5,0,0,1,0,0,1,0,0,0,0,0,0,0,0,0,0,0,0,0,1
00322956.png,10,0,0,0,0,1,0,0,0,0,0,0,0,0,0,0,0,1,0,0,1
00323393.png,10,1,0,0,0,0,0,0,0,1,0,0,0,0,0,0,0,0,1,0,1
00323548.png,10,0,0,0,0,0,0,0,0,0,0,0,0,0,0,0,0,0,0,1,0
00323588.png,10,1,0,0,0,0,0,0,0,0,0,0,0,0,0,0,0,0,1,0,1
00323634.png,5,0,0,1,0,0,1,0,0,0,0,0,0,0,1,0,0,0,0,0,1
00323764.png,2,0,0,1,0,0,1,0,0,0,0,0,0,1,0,0,0,0,1,0,1
00323792.png,2,0,1,1,0,0,1,0,0,0,0,0,0,1,0,0,0,0,0,0,1
00323826.png,10,0,0,0,1,0,0,0,0,0,0,0,0,0,0,0,0,0,0,0,1
00323860.png,10,0,0,0,1,0,0,0,0,0,0,0,0,0,0,0,0,0,1,0,1
00324424.png,0,0,0,0,0,0,0,0,0,0,0,0,0,0,0,0,0,0,0,1,0
00324476.png,0,0,0,0,0,0,0,0,0,0,0,0,0,0,0,1,0,0,0,0,1
00324732.png,10,0,0,0,0,0,0,0,0,0,0,0,0,0,0,0,0,0,0,1,0
00324775.png,10,0,0,0,0,0,0,0,0,0,0,0,0,0,0,0,0,0,0,1,0
00324938.png,0,0,0,0,0,0,0,0,0,0,0,0,0,0,0,0,0,0,0,1,0
00324939.png,0,0,0,0,0,0,0,0,0,0,0,0,0,1,0,0,0,0,0,0,1
00325096.png,0,0,0,0,0,0,0,0,0,0,0,0,0,0,0,0,0,0,0,1,0
00325118.png,0,0,0,0,0,0,0,0,0,0,0,0,0,0,0,0,0,0,0,1,0
00325129.png,0,0,0,0,0,0,0,0,0,0,0,0,0,0,0,1,0,0,0,0,1
00325160.png,0,0,0,0,0,0,0,0,0,0,0,0,0,0,0,0,0,0,0,1,0
00325258.png,0,0,0,0,0,0,0,0,0,0,0,0,0,0,1,0,0,0,0,0,1
00325474.png,0,0,0,0,0,0,0,0,0,0,0,0,0,0,0,0,0,0,0,1,0
00325480.png,0,0,0,0,0,0,0,0,0,0,0,0,0,0,0,0,0,0,0,1,0
00325759.png,0,0,0,1,0,0,0,0,0,0,0,0,0,0,0,0,0,0,0,0,1
00325874.png,10,1,0,0,0,0,0,0,0,0,0,0,0,1,0,0,0,0,0,0,1
00325898.png,10,0,0,0,0,0,1,0,0,0,0,0,0,1,0,0,0,0,0,0,1
00325939.png,0,0,0,0,0,0,1,0,0,0,0,0,0,0,0,0,0,0,0,0,1
00326374.png,10,0,0,0,0,0,0,0,0,0,0,0,0,0,0,0,0,0,0,1,0
00326405.png,10,0,0,0,0,0,0,0,0,0,0,0,0,0,0,0,0,0,0,1,0
00326593.png,10,0,0,0,0,0,0,0,0,0,0,0,0,0,0,0,0,0,0,1,0
00326700.png,10,0,0,0,0,0,0,0,0,0,0,0,0,0,0,0,0,0,0,1,0
00326714.png,20,0,0,0,0,0,0,0,0,0,0,0,0,0,0,0,0,0,0,1,0
00326890.png,10,0,0,0,0,0,0,0,0,0,0,0,0,0,0,0,0,0,0,1,0
00326977.png,20,0,0,0,0,0,0,0,0,0,0,0,0,0,0,0,0,0,0,1,0
00326986.png,20,0,0,0,0,0,0,0,0,0,0,0,0,0,0,0,0,0,0,1,0
00327043.png,10,0,0,0,0,0,0,0,0,0,0,0,0,0,0,0,0,0,0,1,0
00327271.png,20,0,0,0,0,0,0,0,0,0,0,0,0,0,0,0,0,0,0,1,0
00327501.png,0,0,0,0,0,0,0,0,0,0,0,0,0,0,0,0,0,0,0,1,0
00327527.png,0,0,0,0,0,0,0,0,0,0,0,0,0,0,0,0,0,0,0,1,0
00327840.png,10,0,0,0,0,0,0,0,0,0,0,0,0,0,0,0,0,0,0,1,0
00327851.png,10,1,0,0,0,0,0,0,0,0,0,0,0,0,0,0,0,0,0,0,0
00327856.png,10,0,0,0,0,0,0,0,0,0,0,0,0,0,0,0,0,0,0,1,0
00328218.png,0,0,0,0,0,0,0,0,0,0,0,0,0,0,0,0,0,0,0,1,0
00328530.png,10,1,0,0,0,0,1,0,0,0,0,0,0,0,1,0,0,0,0,0,1
00328557.png,10,1,0,0,0,0,1,0,0,0,0,1,0,0,0,0,0,0,0,0,1
00328565.png,0,1,0,0,0,0,0,0,0,0,0,0,0,0,0,0,0,0,0,0,0
00328770.png,0,0,0,0,0,0,0,0,0,0,0,0,0,0,0,0,0,0,0,1,0
00328832.png,10,0,0,1,0,0,1,0,0,0,0,0,0,0,1,0,0,0,0,0,1
00329111.png,0,0,0,0,0,0,1,0,0,0,0,0,0,0,0,0,0,0,0,0,1
00329297.png,10,0,0,0,0,0,1,0,0,0,0,1,0,0,1,0,0,0,0,0,1
00329299.png,10,0,0,0,0,0,1,0,0,0,0,1,0,0,1,0,0,0,0,0,1
00329337.png,10,0,0,0,0,0,0,0,0,0,0,0,0,0,0,0,0,0,0,1,0
00329355.png,0,1,0,0,1,0,0,0,0,0,0,0,0,0,0,0,0,0,1,0,1
00329458.png,10,0,0,0,0,0,0,0,0,0,0,0,0,0,0,0,0,0,0,1,0
00329460.png,10,0,0,0,0,0,0,0,0,0,0,0,0,0,0,0,0,0,0,1,0
00329497.png,10,0,0,0,1,0,0,0,0,0,0,0,0,0,0,0,0,0,1,0,1
00329996.png,0,0,0,1,0,0,1,0,0,0,0,0,0,0,0,0,0,0,0,0,1
00330115.png,10,0,0,0,0,0,1,0,0,0,0,0,0,0,0,0,0,0,0,0,1
00330142.png,0,1,0,1,0,0,1,0,0,0,1,0,0,0,0,0,0,0,1,0,1
00330193.png,0,1,0,1,0,0,1,0,0,0,1,0,0,0,0,0,0,0,1,0,1
00330359.png,0,0,0,1,0,0,1,0,0,0,0,0,0,0,0,0,0,0,1,0,1
00330421.png,0,0,0,0,0,0,0,0,0,0,0,0,0,0,0,0,0,0,0,1,0
00330545.png,0,0,0,0,0,0,0,0,0,0,0,0,0,0,0,0,0,0,0,1,0
00330568.png,10,1,0,0,1,0,0,0,0,0,0,0,0,0,0,0,0,0,1,0,1
00330611.png,5,0,0,0,0,0,0,0,0,0,0,0,0,0,0,0,0,0,0,1,0
00330750.png,0,1,0,0,0,0,0,0,0,0,0,0,0,0,0,0,0,0,1,0,1
00331074.png,10,0,0,0,0,0,0,0,0,0,0,0,0,0,0,0,0,0,0,1,0
00331145.png,20,1,0,0,0,0,0,0,0,0,0,0,0,0,0,0,0,0,0,0,0
00331266.png,0,0,0,0,0,0,1,0,0,0,0,0,0,0,0,0,0,0,0,0,1
00331296.png,0,0,0,0,0,0,0,0,0,0,0,0,0,0,0,0,0,0,0,1,0
00331318.png,0,0,0,0,0,0,0,0,0,0,0,0,0,0,0,0,0,0,0,1,0
00331484.png,0,0,0,0,0,0,0,0,0,0,0,0,0,0,0,0,0,0,0,1,0
00331521.png,0,1,0,0,0,0,0,0,0,0,0,0,0,0,0,0,0,0,1,0,1
00331562.png,0,0,0,0,0,0,0,0,0,0,0,0,0,0,0,0,0,0,0,1,0
00331661.png,0,0,0,0,0,0,0,0,0,0,0,0,0,0,0,0,0,0,0,1,0
00331862.png,0,1,0,0,0,0,0,0,0,0,0,0,0,0,0,0,0,0,1,0,1
00331949.png,0,0,0,0,0,0,0,0,0,0,0,0,0,0,0,0,0,0,0,1,0
00332258.png,10,0,0,0,0,0,0,0,0,0,0,0,0,0,0,0,0,0,0,1,0
00332384.png,10,0,0,0,0,0,0,0,0,0,0,0,0,0,0,0,0,0,0,1,0
00332427.png,10,0,0,0,0,0,0,0,0,0,0,0,0,0,0,0,0,0,0,1,0
00332454.png,10,0,0,0,0,0,0,0,0,0,0,0,0,0,0,0,0,0,0,1,0
00332544.png,10,0,0,0,0,0,0,0,0,0,0,0,0,0,0,0,0,0,0,1,0
00332570.png,10,0,0,0,0,0,0,0,0,0,0,0,0,0,0,0,0,0,0,1,0
00332846.png,5,0,0,1,0,0,1,0,0,0,0,0,0,1,0,0,0,0,0,0,1
00333007.png,10,0,0,0,0,0,0,0,0,0,0,0,0,0,0,0,0,0,0,1,0
00333096.png,5,0,1,1,0,0,1,0,0,0,0,0,0,0,0,0,0,0,0,0,1
00333123.png,5,0,0,1,0,0,1,0,0,0,0,0,0,0,0,0,0,0,0,0,1
00333367.png,2,0,0,0,0,0,0,0,0,0,0,0,0,0,0,0,0,0,0,1,0
00333401.png,2,0,0,1,0,0,0,0,0,0,0,0,0,1,0,0,0,0,0,0,1
00333514.png,2,0,0,0,0,0,0,0,0,0,0,0,0,0,0,0,0,0,0,1,0
00333698.png,0,0,0,0,0,0,0,0,0,0,0,0,0,0,0,0,0,0,0,1,0
00333717.png,0,0,0,0,0,0,0,0,0,0,0,0,0,0,0,0,0,0,0,1,0
00333783.png,20,0,0,0,0,0,0,0,0,0,1,0,0,0,0,0,0,0,0,0,1
00333996.png,0,0,0,0,0,0,0,0,0,0,0,0,0,0,0,0,0,0,0,1,0
00334036.png,0,0,0,0,0,0,0,0,0,0,0,0,0,0,0,0,0,0,0,1,0
00334101.png,0,1,0,0,0,0,0,0,0,0,0,0,0,0,0,0,0,0,0,0,0
00334250.png,0,0,0,0,0,0,0,0,0,0,0,0,0,0,0,0,0,0,0,1,0
00334297.png,0,0,0,0,0,0,0,0,0,0,0,0,0,0,0,0,0,0,0,1,0
00334320.png,0,0,0,0,0,0,0,0,0,0,0,0,0,0,0,0,0,0,0,1,0
00334344.png,0,0,0,0,0,0,0,0,0,0,0,0,0,0,0,0,0,0,0,1,0
00334347.png,0,1,0,0,0,0,0,0,0,0,0,0,0,0,0,0,0,0,0,0,0
00334434.png,0,0,0,0,0,0,0,0,0,0,0,0,0,0,0,1,0,0,0,0,1
00334459.png,0,0,0,0,0,0,0,0,0,0,0,0,0,0,0,0,0,0,0,1,0
00334496.png,0,0,0,0,0,0,0,0,0,0,0,0,0,0,0,0,0,0,0,1,0
00334554.png,0,0,0,0,0,0,0,0,0,0,0,0,0,0,0,0,0,0,0,1,0
00334630.png,0,0,0,0,0,0,0,0,0,0,0,0,0,0,0,0,0,0,0,1,0
00334677.png,0,0,0,0,0,0,0,0,0,0,0,0,0,0,0,0,0,0,0,1,0
00334754.png,0,0,0,0,0,0,0,0,0,0,0,0,0,0,0,0,0,0,0,1,0
00334830.png,0,0,0,0,0,0,0,0,0,0,0,0,0,0,0,0,0,0,0,1,0
00335127.png,0,0,0,0,0,0,0,0,0,0,0,0,0,0,0,0,0,0,0,1,0
00335485.png,0,0,0,0,0,0,0,0,0,0,0,0,0,0,0,0,0,0,0,1,0
00335508.png,5,0,0,1,0,0,1,0,0,0,0,0,0,0,0,0,0,0,0,0,1
00335669.png,10,0,0,0,0,0,0,0,0,0,0,0,0,0,0,0,0,0,0,1,0
00335711.png,10,0,0,0,0,0,0,0,0,0,0,0,0,0,0,0,0,0,0,1,0
00335903.png,20,0,0,1,0,0,1,0,0,0,0,0,0,0,0,0,0,0,0,0,1
00335982.png,0,0,0,0,0,0,1,0,0,0,0,0,0,0,0,0,0,0,0,0,1
00336038.png,20,0,0,1,0,0,0,0,0,0,0,1,0,0,0,0,0,0,0,0,1
00336307.png,0,1,0,0,0,0,1,0,0,0,0,0,0,0,0,0,0,0,1,0,1
00336515.png,0,0,0,0,0,0,1,0,0,0,1,0,0,0,0,0,0,0,0,0,1
00336687.png,5,1,1,0,0,0,1,0,0,0,1,0,0,0,0,0,0,0,1,0,1
00336756.png,0,0,0,0,0,0,1,0,0,0,0,0,0,1,0,0,0,0,0,0,1
00336889.png,10,1,1,0,0,0,0,0,0,0,0,0,0,0,0,0,0,0,0,0,1
00336900.png,0,1,0,0,0,0,1,0,0,0,0,0,0,0,0,0,0,0,1,0,1
00336991.png,10,0,0,0,1,0,0,0,0,0,0,0,0,0,0,0,0,0,1,0,1
00337112.png,20,1,0,0,0,0,1,0,0,0,0,0,0,0,0,0,0,0,0,0,1
00337141.png,5,0,0,1,0,0,0,0,0,0,0,0,0,1,0,0,0,0,0,0,1
00337584.png,2,0,0,0,0,0,0,0,0,0,0,0,0,0,0,0,0,0,0,1,0
00337607.png,20,0,0,0,0,0,0,0,0,0,0,0,0,1,0,0,0,0,0,0,1
00337905.png,10,1,1,1,0,0,0,0,0,0,0,0,0,0,0,0,0,0,0,0,1
00338331.png,5,1,0,0,0,0,1,0,0,0,0,0,0,0,0,0,0,0,0,0,1
00338353.png,10,1,0,0,0,0,1,0,0,0,0,0,0,0,0,0,0,0,0,0,1
00338528.png,5,1,0,0,0,0,0,0,0,0,0,0,0,0,0,0,0,0,0,0,0
00338791.png,2,0,0,0,0,0,0,0,0,0,0,0,0,0,0,0,0,0,0,1,0
00338901.png,70,1,0,0,0,0,0,0,0,0,0,0,0,0,0,0,1,0,0,0,1
00339194.png,0,1,0,0,0,0,1,0,0,0,1,0,0,0,0,0,0,0,1,0,1
00339445.png,10,0,0,0,0,0,0,0,0,0,0,0,0,0,0,0,0,1,0,0,1
00339450.png,10,0,1,0,0,0,1,0,0,0,0,0,0,1,1,0,0,0,0,0,1
00339480.png,10,0,0,0,0,0,0,0,0,0,0,0,0,0,0,0,0,0,0,1,0
00339642.png,5,0,0,0,0,0,1,0,0,0,0,0,0,0,0,0,0,0,0,0,1
00339654.png,5,1,0,0,0,0,1,0,0,0,0,0,0,0,0,0,0,0,1,0,1
00339784.png,40,1,0,1,0,0,1,0,0,0,0,0,0,0,0,0,0,0,0,0,1
00339818.png,0,0,0,0,0,0,0,0,0,0,1,0,0,0,0,0,0,0,0,0,1
00339864.png,5,0,0,0,0,0,0,0,0,0,0,0,0,0,0,0,0,0,0,1,0
00340037.png,0,0,0,0,0,0,1,0,0,0,0,0,0,0,0,0,0,0,0,0,1
00340120.png,0,0,0,0,0,0,0,0,0,0,0,0,0,0,0,0,0,0,0,1,0
00340184.png,50,1,0,0,0,0,1,0,0,0,0,0,0,1,0,0,0,0,1,0,1
00340216.png,0,0,0,0,0,0,0,0,0,0,0,0,0,0,0,0,0,0,0,1,0
00340539.png,0,0,0,0,0,0,0,0,0,0,0,0,0,0,0,0,0,0,0,1,0
00340764.png,0,1,0,0,0,0,0,0,0,0,0,0,0,0,0,0,0,0,0,0,0
00340790.png,10,0,0,1,0,0,1,0,0,0,0,0,0,0,0,0,0,0,0,0,1
00340810.png,5,1,0,1,0,0,1,0,0,0,0,0,0,0,0,0,0,0,0,0,1
00341009.png,2,0,0,0,0,0,1,0,0,0,1,0,0,0,0,0,0,0,0,0,1
00341049.png,2,1,0,0,0,0,1,0,0,0,0,0,0,0,0,0,0,0,0,0,1
00341094.png,0,1,0,1,0,0,1,0,0,0,0,0,0,0,0,0,0,0,1,0,1
00341233.png,5,0,0,0,0,0,1,0,0,0,0,0,0,0,0,0,0,0,1,0,1
00341428.png,10,0,0,0,0,0,0,0,0,0,0,0,0,0,0,0,0,0,0,1,0
00341646.png,0,0,0,0,0,0,1,0,0,0,0,0,0,0,0,0,0,0,1,0,1
00341791.png,0,0,0,0,0,0,0,0,0,0,0,0,0,0,0,0,0,0,0,1,0
00341951.png,0,0,0,0,0,0,0,0,0,0,0,0,0,0,0,0,0,0,0,1,0
00341954.png,2,1,0,0,0,0,0,0,0,0,0,0,0,0,0,0,0,0,0,0,0
00341998.png,0,1,0,0,0,0,1,0,0,0,1,0,0,0,0,0,0,0,0,0,1
00342010.png,0,0,1,0,0,0,1,0,0,0,0,0,0,0,1,0,0,0,0,0,1
00342207.png,2,0,0,0,0,0,0,0,0,0,0,0,0,0,0,0,0,0,0,1,0
00342364.png,0,1,0,0,0,0,0,0,0,0,0,0,0,0,0,0,0,0,0,0,0
00342534.png,5,0,0,0,0,0,0,0,0,0,0,0,0,0,0,0,0,0,0,1,0
00342665.png,5,0,0,0,0,0,0,0,0,0,0,0,0,0,0,0,0,0,0,1,0
00342860.png,5,0,0,1,0,0,1,0,0,0,0,1,0,0,0,0,0,0,0,0,1
00342900.png,20,0,0,0,0,0,0,0,0,0,0,0,0,0,0,0,0,0,0,1,0
00343042.png,2,0,0,0,0,0,0,0,0,0,0,0,0,0,0,0,0,0,0,1,0
00343077.png,10,1,0,0,0,0,1,0,0,0,0,0,0,0,0,0,0,0,1,0,1
00343161.png,0,1,0,0,0,0,0,0,0,0,0,0,0,0,0,0,0,0,0,0,0
00343187.png,10,1,0,0,0,0,0,0,0,0,0,0,0,0,0,0,0,0,0,0,0
00343189.png,10,0,0,0,0,0,1,0,0,0,0,0,0,0,0,0,0,0,0,0,1
00343205.png,20,0,0,0,0,0,0,0,0,0,0,0,0,0,0,0,0,0,0,1,0
00343373.png,0,0,0,0,0,0,0,0,0,0,0,0,0,0,0,0,0,0,0,1,0
00343638.png,2,0,0,0,0,0,0,0,0,0,0,0,0,0,0,0,0,0,0,1,0
00343643.png,2,1,0,0,0,0,0,0,0,0,0,0,0,0,0,0,0,0,0,0,0
00343809.png,10,0,0,0,0,0,0,0,0,0,0,0,0,0,0,0,0,0,0,1,0
00343856.png,0,0,0,0,0,0,1,0,0,0,0,1,0,0,0,0,0,0,0,0,1
00343873.png,5,1,0,0,0,0,1,0,0,0,0,1,0,0,0,0,0,0,0,0,1
00343983.png,20,0,0,0,0,0,0,0,0,0,0,0,0,0,0,0,0,0,0,1,0
00344163.png,5,0,0,0,0,0,1,0,0,0,0,0,0,0,0,0,0,0,0,0,1
00344324.png,2,0,0,0,0,0,1,0,0,0,0,0,0,0,0,0,0,0,0,0,1
00344335.png,2,0,0,0,0,0,0,0,0,0,0,0,0,0,0,0,0,0,0,1,0
00344470.png,0,1,0,0,0,0,0,0,0,0,0,0,0,0,0,0,0,0,0,0,0
00344738.png,20,0,0,0,0,0,1,0,0,0,0,0,0,1,0,0,0,0,0,0,1
00344766.png,5,1,0,0,0,0,1,0,0,0,0,0,0,0,0,0,0,0,1,0,1
00344849.png,2,0,0,0,0,0,0,0,0,0,0,0,0,0,0,0,0,0,0,1,0
00344912.png,5,0,0,0,0,0,0,0,0,0,0,0,0,0,0,0,0,0,0,1,0
00345087.png,5,0,0,0,0,0,1,0,0,0,1,0,0,0,0,0,0,0,0,0,1
00345201.png,2,0,0,0,0,0,0,0,0,0,0,0,0,0,0,0,0,0,0,1,0
00345450.png,5,0,0,0,0,0,0,0,0,0,0,0,0,0,0,0,0,0,0,1,0
00345468.png,5,0,0,0,0,0,0,0,0,0,0,0,0,1,0,0,0,0,0,0,1
00345496.png,0,1,0,0,0,0,0,0,0,0,0,0,0,0,0,0,0,0,1,0,1
00345699.png,0,1,0,0,0,0,0,0,0,0,0,0,0,0,0,0,0,0,0,0,0
00345767.png,0,1,0,0,0,0,0,0,0,0,1,0,0,0,0,0,0,0,1,0,1
00345816.png,0,0,0,0,0,0,0,0,0,0,1,0,0,0,0,0,0,0,1,0,1
00345873.png,5,0,0,0,0,0,0,0,0,0,0,0,0,0,0,0,0,0,0,1,0
00345926.png,0,0,0,0,0,0,0,0,0,0,0,0,0,0,0,0,0,0,0,1,0
00346009.png,0,0,0,0,0,0,0,0,0,0,0,0,0,0,0,0,0,0,0,1,0
00346029.png,20,1,1,0,0,0,1,0,0,0,0,0,0,0,0,0,0,0,0,0,1
00346066.png,20,1,0,0,0,0,1,0,0,0,0,0,0,0,0,0,0,0,0,0,1
00346077.png,0,0,0,0,0,0,0,0,0,0,0,0,0,0,0,0,0,0,0,1,0
00346290.png,0,0,0,0,0,1,0,0,0,0,0,0,0,0,0,0,0,0,0,0,1
00346427.png,0,0,0,0,0,0,0,0,0,0,0,0,0,0,0,0,0,0,0,1,0
00346608.png,10,0,0,0,0,0,0,0,0,0,0,0,0,0,0,0,0,0,0,1,0
00346828.png,5,0,0,0,0,0,1,0,1,0,0,0,0,0,0,0,0,0,0,0,1
00346869.png,2,0,0,0,0,0,0,0,0,0,0,0,0,0,0,0,0,0,0,1,0
00347060.png,0,0,0,0,0,0,1,0,0,0,0,0,0,0,0,0,0,0,1,0,1
00347519.png,0,0,0,0,0,0,1,0,0,0,0,0,0,0,0,0,0,0,1,0,1
00347529.png,5,0,0,0,0,0,0,0,0,0,0,0,0,0,0,0,0,0,0,1,0
00347569.png,0,0,0,0,0,0,0,0,0,0,0,0,0,0,0,0,0,0,0,1,0
00347812.png,0,1,0,0,0,0,0,0,0,0,0,0,0,0,0,0,0,0,1,0,1
00347906.png,5,1,0,0,0,0,1,0,0,0,0,0,0,0,0,0,0,0,0,0,1
00347950.png,20,0,0,0,0,0,0,0,0,0,0,0,0,0,0,0,0,0,0,1,0
00347982.png,0,1,0,0,0,0,0,0,0,0,0,0,0,0,0,0,0,0,0,0,0
00347997.png,0,0,0,0,0,0,1,0,0,0,0,0,0,0,0,0,0,0,1,0,1
00348072.png,5,1,0,0,0,0,1,0,0,0,0,0,0,0,0,0,0,0,0,0,1
00348145.png,2,1,0,0,0,0,1,0,0,0,0,0,0,0,0,0,0,0,0,0,1
00348338.png,0,0,0,0,0,0,0,0,0,0,0,0,0,0,0,0,0,0,0,1,0
00348370.png,0,0,0,0,0,0,0,0,0,0,0,0,0,0,0,0,0,0,0,1,0
00348427.png,10,0,0,0,0,0,0,0,0,0,0,0,0,0,0,0,0,0,0,1,0
00348436.png,10,0,0,0,0,0,0,0,0,0,0,0,0,0,0,0,0,0,0,1,0
00348452.png,0,0,1,0,0,0,1,0,0,0,0,0,0,0,0,0,0,0,1,0,1
00348608.png,10,0,0,0,0,0,0,0,0,0,0,0,0,0,0,0,0,0,0,1,0
00348731.png,2,0,0,0,0,0,0,0,0,0,0,0,0,0,0,0,0,0,0,1,0
00348856.png,10,0,0,0,0,0,0,0,0,0,0,0,0,0,0,0,0,0,0,1,0
00348858.png,10,0,0,0,0,0,1,0,0,0,0,0,0,0,0,0,0,0,0,0,1
00348948.png,0,1,0,0,0,0,0,0,0,0,0,0,0,0,0,0,0,0,1,0,1
00349026.png,5,0,0,0,0,0,0,0,0,0,0,0,0,0,0,0,0,0,0,1,0
00349136.png,10,1,0,1,0,0,0,0,0,0,0,0,0,0,0,0,0,0,0,0,1
00349215.png,10,0,0,0,0,0,0,0,0,0,0,0,0,0,0,0,0,0,0,1,0
00349227.png,10,0,0,0,0,0,0,0,0,0,0,0,0,0,0,0,0,0,0,1,0
00349314.png,10,0,0,0,0,0,1,0,0,0,0,0,0,1,0,0,0,0,1,0,1
00349412.png,10,0,0,0,0,0,0,0,0,0,0,0,0,0,0,0,0,0,0,1,0
00349480.png,0,1,0,0,0,0,1,0,0,0,1,0,0,0,0,0,0,0,1,0,1
00349485.png,0,1,0,0,0,0,1,0,0,0,0,0,0,0,0,0,0,0,1,0,1
00349508.png,10,0,0,0,0,0,0,0,0,0,0,0,0,0,0,0,0,0,0,1,0
00349510.png,10,0,0,0,0,0,0,0,0,0,0,0,0,0,0,0,0,0,0,1,0
00349604.png,2,0,0,0,0,0,0,0,0,0,0,0,0,0,0,0,0,0,0,1,0
00350093.png,2,0,0,0,0,0,0,0,0,0,0,0,0,0,0,0,0,0,0,1,0
00350137.png,2,0,0,0,0,0,0,0,0,0,0,0,0,0,0,0,0,0,0,1,0
00350151.png,2,0,0,0,0,0,0,0,0,0,0,0,0,0,0,0,0,0,0,1,0
00350169.png,5,0,0,0,0,0,0,0,0,0,0,0,0,0,0,0,0,0,0,1,0
00350213.png,0,1,0,0,0,0,1,0,0,0,0,0,0,0,0,0,0,0,1,0,1
00350287.png,5,0,0,0,0,0,0,0,0,0,0,0,0,0,0,0,0,0,0,1,0
00350673.png,10,0,0,0,0,0,1,0,0,0,0,0,0,0,0,0,0,0,0,0,1
00350798.png,10,0,0,0,0,0,0,0,0,0,0,0,0,0,0,0,0,0,0,1,0
00350864.png,0,0,0,0,0,0,1,0,0,0,0,0,0,0,0,0,0,0,1,0,1
00350918.png,2,1,0,0,0,0,1,0,0,0,0,0,0,0,0,0,0,0,1,0,1
00351344.png,0,1,0,0,0,0,0,0,0,0,1,0,0,0,0,0,0,0,0,0,1
00351366.png,5,0,0,0,0,0,0,0,0,0,0,0,0,0,0,0,0,0,0,1,0
00351527.png,0,0,0,0,0,0,1,0,0,0,0,0,0,0,0,0,0,0,1,0,1
00351797.png,10,0,0,0,0,0,0,0,0,0,0,0,0,0,0,0,0,0,0,1,0
00351804.png,10,0,0,0,0,0,0,0,0,0,0,0,0,0,0,0,0,0,0,1,0
00351922.png,10,1,0,0,0,0,0,0,0,0,0,0,0,0,0,0,0,0,0,0,0
00352070.png,5,0,0,0,0,0,0,0,0,0,0,0,0,0,0,0,0,0,0,1,0
00352078.png,5,0,0,0,0,0,0,0,0,0,0,0,0,0,0,0,0,0,0,1,0
00352129.png,5,1,0,0,0,0,0,0,0,0,0,0,0,0,0,0,0,0,1,0,1
00352288.png,0,0,0,0,0,0,1,0,0,0,0,0,0,0,0,0,0,0,0,0,1
00352473.png,2,1,0,0,0,0,0,0,0,0,1,0,0,0,0,0,0,0,0,0,1
00352487.png,2,0,0,0,0,0,1,0,0,0,0,0,0,1,0,0,0,0,0,0,1
00352665.png,2,0,0,0,0,0,0,0,0,0,0,0,0,0,0,0,0,0,0,1,0
00352723.png,0,1,0,0,0,0,1,0,0,0,0,0,0,0,0,0,0,0,1,0,1
00352783.png,2,0,0,0,0,0,0,0,0,0,0,0,0,0,0,0,0,0,0,1,0
00352822.png,10,0,0,0,0,0,0,0,0,0,0,0,0,0,0,0,0,0,0,1,0
00353031.png,0,1,0,0,0,0,0,0,0,0,0,0,0,0,0,0,0,0,1,0,1
00353068.png,0,0,0,0,0,0,0,0,0,0,0,0,0,0,0,0,0,0,0,1,0
00353134.png,5,0,0,0,0,0,0,0,0,0,0,0,0,0,0,0,0,0,0,1,0
00353479.png,0,1,0,0,0,0,0,0,0,0,0,0,0,0,0,0,0,0,0,0,0
00353649.png,10,0,0,0,0,0,0,0,0,0,0,0,0,0,0,0,0,0,0,1,0
00353683.png,5,0,0,0,0,0,0,0,0,0,0,0,0,1,0,0,0,0,1,0,1
00353947.png,0,0,0,0,0,0,0,0,0,0,0,0,0,0,0,0,0,0,0,1,0
00354012.png,0,0,0,0,0,0,0,0,0,0,0,0,0,0,0,0,0,0,0,1,0
00354366.png,0,1,0,0,0,0,1,0,0,0,0,0,0,0,0,0,0,0,1,0,1
00354506.png,10,0,0,1,0,0,1,0,0,0,0,0,0,0,0,0,0,0,0,0,1
00354510.png,10,0,0,1,0,0,1,0,0,0,0,0,0,0,0,0,0,0,0,0,1
00354703.png,5,1,0,0,0,0,1,0,0,0,0,0,0,0,0,0,0,0,0,0,1
00355218.png,0,1,0,0,0,0,0,0,0,0,0,0,0,0,0,0,0,0,0,0,0
00355362.png,20,0,0,0,0,0,0,0,0,0,0,0,0,0,0,0,0,0,0,1,0
00355746.png,5,1,0,0,0,0,0,0,0,0,0,0,0,0,0,0,0,0,0,0,0
00355752.png,2,0,0,0,0,0,0,0,0,0,0,0,0,0,0,0,0,0,0,1,0
00355762.png,2,0,0,0,0,0,0,0,0,0,0,0,0,1,0,0,0,0,0,0,1
00355931.png,10,0,0,0,0,0,0,0,0,0,0,0,0,0,0,0,0,0,0,1,0
00356114.png,0,0,0,0,0,0,0,0,0,0,0,0,0,0,0,0,0,0,0,1,0
00356178.png,0,0,0,0,0,0,0,0,0,0,0,0,0,0,0,0,0,0,0,1,0
00356322.png,0,0,0,0,0,0,0,0,0,0,0,0,0,0,0,0,0,0,0,1,0
00356417.png,10,0,0,0,0,0,0,0,0,0,0,0,0,0,0,0,0,0,0,1,0
00356563.png,30,0,0,1,0,0,1,0,0,0,0,0,0,0,0,0,0,0,0,0,1
00356619.png,10,0,0,0,0,0,0,0,0,0,0,0,0,0,0,0,0,0,0,1,0
00356726.png,10,0,0,0,0,0,1,0,0,0,0,1,0,0,0,0,0,0,0,0,1
00357142.png,20,0,1,0,0,0,0,0,1,0,0,0,0,0,0,0,0,0,0,0,1
00357176.png,10,0,0,0,0,0,0,0,0,0,0,0,0,0,0,0,0,0,0,1,0
00357237.png,10,0,0,0,0,0,0,0,0,0,0,0,0,0,0,0,0,0,0,1,0
00357249.png,10,0,0,0,0,0,0,0,0,0,0,0,0,0,0,0,0,0,0,1,0
00357360.png,10,0,0,0,0,0,0,0,0,0,0,0,0,0,0,0,0,0,0,1,0
00358187.png,0,0,0,0,0,0,0,0,0,0,0,0,0,0,0,0,0,0,0,1,0
00358233.png,0,0,0,0,0,0,0,0,0,0,0,0,0,0,0,0,0,0,1,0,1
00358395.png,0,0,0,0,0,0,0,0,0,0,0,0,0,0,0,0,0,0,0,1,0
00358403.png,0,0,0,0,0,0,0,0,0,0,0,0,0,0,0,0,0,0,0,1,0
00358470.png,0,0,0,0,0,0,0,0,0,0,0,0,0,0,0,0,0,0,1,0,1
00358651.png,20,1,0,0,0,0,0,0,0,0,0,0,0,0,0,0,0,1,0,0,1
00358838.png,10,0,0,0,0,0,1,0,0,0,0,0,0,0,0,0,0,0,0,0,1
00359063.png,0,0,0,0,0,0,0,0,0,0,0,0,0,0,0,1,0,0,0,0,1
00359110.png,0,0,0,0,0,0,0,0,0,0,0,0,0,0,0,0,0,0,0,1,0
00359221.png,0,1,0,0,0,0,0,0,0,0,0,0,0,0,0,0,0,0,1,0,1
00359256.png,0,0,0,0,0,0,0,0,0,0,0,0,0,0,0,0,0,0,1,0,1
00359265.png,0,0,0,0,0,0,0,0,0,0,0,0,0,0,0,0,0,0,0,1,0
00359364.png,0,0,0,0,0,0,0,0,0,0,0,0,0,0,0,0,0,0,0,1,0
00359473.png,2,1,0,0,0,0,0,0,0,0,0,0,0,0,0,0,0,0,0,0,0
00359620.png,0,1,0,0,0,0,0,0,0,0,0,0,0,0,0,0,0,0,1,0,1
00360076.png,5,0,0,0,0,0,0,0,0,0,0,0,0,0,0,0,0,0,0,1,0
00360149.png,100,1,0,0,0,0,0,0,0,0,0,0,0,0,0,0,0,0,1,0,1
00360181.png,5,0,0,0,0,0,0,0,0,0,0,0,0,0,0,0,0,0,0,1,0
00360185.png,0,0,0,0,0,0,0,0,0,0,0,0,0,0,0,0,0,0,0,1,0
00360583.png,10,0,0,0,0,0,0,0,0,0,0,0,0,0,0,0,0,0,0,1,0
00360638.png,20,1,0,0,0,0,0,0,0,0,0,0,0,0,0,0,0,0,0,0,0
00360831.png,10,1,0,0,0,0,0,0,0,0,0,0,0,0,0,0,0,0,0,0,0
00360927.png,10,0,0,0,0,0,0,0,0,0,0,0,0,0,0,0,0,0,0,1,0
00360928.png,10,0,0,0,0,0,0,0,0,0,0,0,0,0,0,0,0,0,0,1,0
00360959.png,10,0,0,1,0,0,0,0,0,0,0,0,0,0,0,0,0,0,0,0,1
00361017.png,10,0,0,0,0,0,0,0,0,0,0,0,0,0,0,0,0,0,0,1,0
00361052.png,10,0,0,0,0,0,0,0,0,0,0,0,0,0,0,0,0,0,0,1,0
00361070.png,0,0,0,0,0,0,0,0,0,0,0,0,0,0,0,0,0,0,0,1,0
00362037.png,10,0,0,0,0,0,1,0,0,0,0,0,0,0,0,0,0,0,0,0,1
00362186.png,10,0,0,0,0,0,0,0,0,0,0,0,0,1,0,0,0,0,0,0,1
00362556.png,10,0,0,0,0,0,1,0,0,0,0,0,0,0,0,0,0,0,0,0,1
00362692.png,10,0,0,1,0,0,0,0,0,0,0,0,0,0,0,0,0,0,1,0,1
00362770.png,20,1,0,1,0,0,1,0,0,0,0,0,0,0,0,0,0,0,0,0,1
00362918.png,10,0,0,1,0,0,1,0,0,0,0,0,0,1,0,0,0,0,0,0,1
00363065.png,0,0,0,0,0,0,0,0,0,0,0,0,0,0,0,0,0,0,0,1,0
00363518.png,0,1,0,0,0,0,0,0,0,0,0,0,0,0,0,0,0,0,1,0,1
00363577.png,0,0,0,0,0,0,0,0,0,0,0,0,0,0,0,0,0,0,0,1,0
00363608.png,0,0,0,0,0,0,0,0,0,0,0,0,0,0,0,0,0,0,0,1,0
00363619.png,0,0,0,0,0,0,0,0,0,0,0,0,0,0,0,0,0,0,0,1,0
00364018.png,0,0,0,0,0,0,0,0,0,0,0,0,0,0,0,0,0,0,0,1,0
00364087.png,0,1,0,0,0,0,0,0,0,0,0,0,0,0,0,0,0,0,0,0,0
00364110.png,0,0,0,0,0,0,0,0,0,0,0,0,0,0,0,0,0,0,0,1,0
00364255.png,0,1,0,0,0,0,0,0,0,0,0,0,0,0,0,0,0,0,0,0,0
00364433.png,0,0,0,0,0,0,0,0,0,0,0,0,0,0,0,0,0,0,0,1,0
00364539.png,0,0,0,0,0,0,0,0,0,0,0,0,0,0,0,0,0,0,0,1,0
00364633.png,0,1,0,0,0,0,0,0,0,0,0,0,0,0,0,0,0,0,0,0,0
00364692.png,0,1,0,0,0,0,0,0,0,0,0,0,0,0,0,0,0,0,1,0,1
00364758.png,0,0,0,0,0,0,0,0,0,0,0,0,0,0,0,0,0,0,0,1,0
00364948.png,0,0,0,0,0,0,0,0,0,0,0,0,0,0,0,0,0,0,0,1,0
00364981.png,0,0,0,0,0,0,0,0,0,0,0,0,0,0,0,0,0,0,0,1,0
00365115.png,5,0,0,0,0,0,0,0,0,0,0,0,0,0,0,0,0,0,0,1,0
00365192.png,10,0,0,0,0,0,0,0,0,0,0,0,0,0,0,0,0,0,0,1,0
00365341.png,0,0,0,0,0,0,0,0,0,0,0,0,0,0,0,0,0,0,0,1,0
00365409.png,0,0,0,0,0,0,0,0,0,0,0,0,0,1,0,0,0,0,0,0,1
00365613.png,5,1,0,0,0,0,0,0,0,0,0,0,0,0,0,0,0,0,0,0,0
00365634.png,0,0,0,0,0,0,0,0,0,0,0,0,0,0,0,0,0,0,0,1,0
00365636.png,0,0,0,0,0,0,0,0,0,0,0,0,0,0,0,0,0,0,0,1,0
00365648.png,0,0,0,0,0,0,0,0,0,0,0,0,0,0,0,0,0,0,0,1,0
00366019.png,0,0,0,0,0,0,0,0,0,0,0,0,0,0,0,0,0,0,0,1,0
00366206.png,0,0,0,0,0,0,0,0,0,0,0,0,0,0,0,0,0,0,0,1,0
00366280.png,0,0,0,0,0,0,0,0,0,0,0,0,0,0,0,0,0,0,0,1,0
00366400.png,0,0,0,0,0,0,0,0,0,0,0,0,0,0,0,0,0,0,0,1,0
00366419.png,0,0,0,0,0,0,0,0,0,0,0,0,0,0,0,0,0,0,0,1,0
00366507.png,0,0,0,0,0,0,0,0,0,0,0,0,0,0,0,0,0,0,0,1,0
00366554.png,0,0,0,0,0,0,0,0,0,0,0,0,0,0,0,0,0,0,0,1,0
00366592.png,0,1,0,0,0,0,0,0,0,0,0,0,0,0,0,0,0,0,0,0,0
00366828.png,0,0,0,0,0,0,0,0,0,0,0,0,0,0,0,0,0,0,0,1,0
00366919.png,0,0,0,0,0,0,0,0,0,0,0,0,0,0,0,0,0,0,0,1,0
00366968.png,0,0,0,0,0,0,0,0,0,0,0,0,0,0,0,0,0,0,0,1,0
00367204.png,0,0,0,0,0,0,0,0,0,0,0,0,0,0,0,0,0,0,0,1,0
00367356.png,0,0,0,0,0,0,0,0,0,0,0,0,0,0,0,0,0,0,0,1,0
00367420.png,0,0,0,0,0,0,0,0,0,0,0,0,0,0,0,0,0,0,0,1,0
00367506.png,5,0,0,0,0,0,0,0,0,0,0,0,0,0,0,0,0,0,0,1,0
00367584.png,0,0,0,0,0,0,0,0,0,0,0,0,0,0,0,0,0,0,0,1,0
00367598.png,0,0,0,0,0,0,0,0,0,0,0,0,0,0,0,0,0,0,0,1,0
00368111.png,0,0,0,0,0,0,0,0,0,0,0,0,0,0,0,0,0,0,0,1,0
00368171.png,0,0,0,0,0,0,0,0,0,0,0,0,0,0,0,0,0,0,0,1,0
00368671.png,10,1,0,0,0,0,0,0,0,0,0,0,0,0,0,0,0,0,1,0,1
00368897.png,0,0,0,0,0,0,0,0,0,0,0,0,0,0,0,0,0,0,0,1,0
00369012.png,0,0,0,0,0,0,0,0,0,0,0,0,0,0,0,0,0,0,1,0,1
00369064.png,0,0,0,0,0,0,0,0,0,0,0,0,0,0,0,0,0,0,0,1,0
00369374.png,0,0,0,0,0,0,0,0,0,0,0,0,0,0,0,0,0,0,0,1,0
00369387.png,0,0,0,0,0,0,0,0,0,0,0,0,0,0,0,0,0,0,0,1,0
00369397.png,0,0,0,0,0,0,0,0,0,0,0,0,0,0,0,0,0,0,0,1,0
00369462.png,0,0,0,0,0,0,0,0,0,0,0,0,0,0,0,0,0,0,0,1,0
00369523.png,0,1,0,0,0,0,0,0,0,0,0,0,0,0,0,0,0,0,0,0,0
00369657.png,0,0,0,0,0,0,0,0,0,0,0,0,0,0,0,0,0,0,0,1,0
00369687.png,0,0,0,0,0,0,0,0,0,0,0,0,0,0,0,0,0,0,1,0,1
00369938.png,0,0,0,0,0,0,0,0,0,0,0,0,0,0,0,0,0,0,0,1,0
00370109.png,0,0,0,0,0,0,0,0,0,0,0,0,0,0,0,0,0,0,0,1,0
00370509.png,0,1,0,0,0,0,0,0,0,0,0,0,0,0,0,0,0,0,0,0,0
00370571.png,0,0,0,0,0,0,0,0,0,0,0,0,0,0,0,0,0,0,0,1,0
00370599.png,0,0,0,0,0,0,0,0,0,0,0,0,0,0,0,0,0,0,0,1,0
00370616.png,0,0,0,0,0,0,0,0,0,0,0,0,0,0,0,0,0,0,0,1,0
00370882.png,10,0,0,0,0,0,0,0,0,0,0,0,0,0,0,0,0,0,0,1,0
00370942.png,0,0,0,0,0,0,0,0,0,0,0,0,0,0,0,0,0,0,0,1,0
00371004.png,0,0,0,0,0,0,0,0,0,0,0,0,0,0,0,0,0,0,0,1,0
00371116.png,0,0,0,0,0,0,0,0,0,0,0,0,0,0,0,0,0,0,0,1,0
00371170.png,0,0,0,0,0,0,0,0,0,0,0,0,0,0,0,0,0,0,0,1,0
00371238.png,0,0,0,0,0,0,0,0,0,0,0,0,0,0,0,0,0,0,0,1,0
00371272.png,0,0,0,0,0,0,0,0,0,0,0,0,0,0,0,0,0,0,0,1,0
00371351.png,0,0,0,0,0,0,0,0,0,0,0,0,0,0,0,0,0,0,0,1,0
00371352.png,0,0,0,0,0,0,0,0,0,0,0,0,0,0,0,0,0,0,0,1,0
00371613.png,0,0,0,0,0,0,0,0,0,0,0,0,0,0,0,0,0,0,0,1,0
00371717.png,2,0,0,0,0,0,0,0,0,0,0,0,0,0,0,0,0,0,0,1,0
00371739.png,2,0,0,0,0,0,0,0,0,0,0,0,0,0,0,0,0,0,0,1,0
00371821.png,0,0,0,1,0,0,0,0,0,1,0,1,0,0,0,0,0,0,1,0,1
00372031.png,10,0,0,1,0,0,1,0,0,0,1,0,0,0,0,0,0,0,0,0,1
00372074.png,10,1,1,1,0,0,1,0,0,0,1,0,0,0,0,0,0,0,0,0,1
00372109.png,0,0,0,0,0,0,0,0,0,0,0,0,0,0,0,0,0,0,0,1,0
00372269.png,20,1,0,0,0,0,0,0,0,0,0,0,0,0,0,0,0,0,0,0,0
00372493.png,10,0,0,0,0,0,0,0,0,0,0,0,0,0,0,0,0,0,0,1,0
00372665.png,10,0,0,0,0,0,0,0,0,0,0,0,0,0,0,0,0,0,0,1,0
00372892.png,10,0,0,0,0,0,0,0,0,0,0,0,0,0,0,0,0,0,0,1,0
00372894.png,10,0,0,0,0,0,0,0,0,0,0,0,0,0,0,0,0,0,0,1,0
00373085.png,10,0,0,0,0,0,0,0,0,0,0,0,0,0,0,0,0,0,0,1,0
00373118.png,0,0,0,0,0,0,0,0,0,0,0,0,0,0,0,0,0,0,0,1,0
00373233.png,10,0,0,0,0,0,0,0,0,0,0,0,0,0,0,0,0,0,0,1,0
00373417.png,10,0,0,0,0,0,0,0,0,0,0,0,0,0,0,0,0,0,0,1,0
00373495.png,0,0,0,0,0,0,0,0,0,0,0,0,0,0,0,0,0,0,0,1,0
00373502.png,10,1,0,0,0,0,0,0,0,0,0,0,0,0,0,0,0,0,0,0,0
00373649.png,0,0,0,0,0,0,0,0,0,0,0,0,0,0,0,0,0,0,0,1,0
00373717.png,10,0,0,0,0,0,0,0,0,0,0,0,0,0,0,0,0,0,0,1,0
00373800.png,10,0,0,0,0,0,0,0,0,0,0,0,0,0,0,0,0,0,0,1,0
00373914.png,10,0,0,0,0,0,0,0,0,0,0,0,0,0,0,0,0,0,0,1,0
00373946.png,10,0,0,0,0,0,0,0,0,0,0,0,0,0,0,0,0,0,0,1,0
00373963.png,10,0,0,0,0,0,0,0,0,0,0,0,0,0,0,0,0,0,0,1,0
00374024.png,0,0,0,0,0,0,0,0,0,0,0,0,0,0,0,0,0,0,0,1,0
00374093.png,10,0,0,0,0,0,0,0,0,0,0,0,0,0,0,0,0,0,0,1,0
00374192.png,5,0,0,0,0,0,0,0,0,0,0,0,0,0,0,0,0,0,0,1,0
00374373.png,10,0,0,0,0,0,0,0,0,0,0,0,0,0,0,0,0,0,0,1,0
00374555.png,10,0,0,0,0,0,0,0,0,0,0,0,0,0,0,0,0,0,0,1,0
00374801.png,10,0,0,0,0,0,0,0,0,0,0,0,0,0,0,0,0,0,0,1,0
00374823.png,10,0,0,0,0,0,0,0,0,0,0,0,0,0,0,0,0,1,0,0,1
00374872.png,0,0,0,0,0,0,0,0,0,0,0,0,0,0,0,0,0,0,0,1,0
00374933.png,0,0,0,0,0,0,0,0,0,0,0,0,0,0,0,0,0,0,0,1,0
00375067.png,0,0,0,0,0,0,0,0,0,0,0,0,0,0,0,0,0,0,0,1,0
00375270.png,0,0,0,0,0,0,0,0,0,0,0,0,0,0,0,0,0,0,0,1,0
00375271.png,0,0,0,0,0,0,0,0,0,0,0,0,0,0,0,0,0,0,0,1,0
00375364.png,20,0,0,0,0,0,0,0,0,0,0,0,0,0,0,0,0,0,0,1,0
00375458.png,20,0,0,0,0,0,0,0,0,0,0,0,0,0,0,0,0,0,0,1,0
00375672.png,0,0,0,0,0,0,0,0,0,0,0,0,0,0,0,0,0,0,0,1,0
00375680.png,0,0,0,0,0,0,0,0,0,0,0,0,0,0,0,0,0,0,0,1,0
00375682.png,0,0,0,0,0,0,0,0,0,0,0,0,0,0,0,0,0,0,0,1,0
00375857.png,5,0,0,0,0,0,0,0,0,0,0,0,0,0,0,0,0,0,0,1,0
00376322.png,20,0,0,0,0,0,0,0,0,0,0,0,0,0,0,0,0,0,0,1,0
00376577.png,0,0,0,0,0,0,0,0,0,0,0,0,0,0,0,0,0,0,0,1,0
00376800.png,0,0,0,0,0,0,0,0,0,0,0,0,0,0,0,0,0,0,0,1,0
00376908.png,0,0,0,0,0,0,0,0,0,0,0,0,0,0,0,0,0,0,0,1,0
00376910.png,0,0,0,0,0,0,0,0,0,0,0,0,0,0,0,0,0,0,0,1,0
00376971.png,0,0,0,0,0,0,0,0,0,0,0,0,0,0,0,0,0,0,0,1,0
00377246.png,0,1,0,0,0,0,0,0,0,0,0,1,0,0,0,0,0,0,1,0,1
00377497.png,0,0,0,0,0,0,0,0,0,0,0,0,0,0,0,0,0,0,0,1,0
00377748.png,10,0,0,0,0,0,0,0,0,0,0,0,0,0,0,0,0,0,0,1,0
00377967.png,10,0,0,0,0,0,0,0,0,0,0,0,0,0,0,0,0,0,0,1,0
00377976.png,10,1,0,0,0,0,0,0,0,0,0,0,0,0,0,0,0,0,0,0,0
00378208.png,10,0,0,0,0,0,0,0,0,0,0,0,0,0,0,0,0,0,0,1,0
00378452.png,0,0,0,0,0,0,0,0,0,0,0,0,0,0,0,0,0,0,0,1,0
00378461.png,0,1,0,0,0,0,0,0,0,0,0,0,0,0,0,0,0,0,0,0,0
00378588.png,0,0,0,0,0,0,0,0,0,0,0,0,0,0,0,0,0,0,0,1,0
00378646.png,0,0,0,0,0,0,0,0,0,0,0,0,0,0,0,0,0,0,0,1,0
00378788.png,0,0,0,0,0,0,0,0,0,0,0,0,0,0,0,0,0,0,0,1,0
00378804.png,0,0,0,0,0,0,0,0,0,0,0,0,0,0,0,0,0,0,1,0,1
00378815.png,0,0,0,0,0,0,0,0,0,0,0,0,0,0,0,0,0,0,0,1,0
00379097.png,0,0,0,0,0,0,0,0,0,0,0,0,0,0,0,0,0,0,0,1,0
00379162.png,0,0,0,0,0,0,0,0,0,0,0,0,0,0,0,0,0,0,1,0,1
00379277.png,0,0,0,0,0,0,0,0,0,0,0,0,0,0,0,0,0,0,0,1,0
00379533.png,0,0,0,0,0,0,0,0,0,0,0,0,0,0,0,0,0,0,0,1,0
00379598.png,0,0,0,0,0,0,0,0,0,0,0,0,0,0,0,0,0,0,0,1,0
00379634.png,0,0,0,0,0,0,0,0,0,0,0,0,0,0,0,0,0,0,0,1,0
00379896.png,0,0,0,0,0,0,0,0,0,0,0,0,0,0,0,0,0,0,0,1,0
00380315.png,0,1,0,0,0,0,0,0,0,0,0,0,0,0,0,0,0,0,0,0,0
00380382.png,10,0,0,0,0,0,0,0,0,0,1,0,0,0,0,0,0,0,1,0,1
00380403.png,0,1,0,0,0,0,0,0,0,0,0,0,0,0,0,0,0,0,1,0,1
00380418.png,10,0,0,1,0,0,1,0,0,0,0,1,0,0,0,0,0,0,0,0,1
00380605.png,0,0,0,0,0,0,0,0,0,0,0,0,0,0,0,0,0,0,0,1,0
00380777.png,0,1,1,0,0,0,1,0,0,0,0,0,0,0,0,0,0,0,1,0,1
00380867.png,0,0,0,0,0,0,0,0,0,0,0,0,0,0,0,0,0,0,0,1,0
00380935.png,0,1,0,0,0,0,0,0,0,0,1,0,0,0,0,0,0,0,1,0,1
00380961.png,10,0,0,0,0,0,0,0,0,0,0,0,0,0,0,0,0,0,0,1,0
00381157.png,10,0,0,0,0,0,0,0,0,0,0,0,0,0,0,0,0,0,0,1,0
00381257.png,10,0,0,0,0,1,1,0,0,0,0,0,0,0,0,0,0,0,0,0,1
00381309.png,20,1,0,0,0,0,0,0,0,0,0,0,0,0,0,0,0,0,1,0,1
00381355.png,20,1,0,0,0,0,0,0,0,0,0,0,0,0,0,0,0,0,0,0,0
00381837.png,10,0,0,1,0,0,1,0,0,0,0,0,0,1,0,0,0,0,0,0,1
00381875.png,0,0,0,0,0,0,0,0,0,0,1,0,0,0,0,0,0,0,0,0,1
00381965.png,0,1,0,1,0,0,1,0,0,0,0,0,0,0,0,0,0,0,0,0,1
00381998.png,0,1,0,0,0,0,0,0,0,0,0,0,0,0,0,0,0,0,0,0,0
00382095.png,10,0,0,1,0,0,1,0,0,0,0,1,0,1,0,0,0,0,0,0,1
00382178.png,10,0,0,1,0,0,1,0,0,0,0,0,0,1,0,0,0,0,0,0,1
00382179.png,20,1,0,1,0,0,1,0,0,0,0,0,0,1,0,0,0,0,1,0,1
00382382.png,20,0,0,1,0,0,1,0,0,0,0,0,0,1,0,0,0,0,0,0,1
00382392.png,10,0,1,1,0,0,1,0,0,0,0,0,0,1,0,0,0,0,0,0,1
00382415.png,0,0,0,1,0,0,0,0,1,0,0,0,0,0,0,0,0,0,0,0,1
00382575.png,0,1,0,0,0,0,0,0,0,0,0,0,0,0,0,0,0,0,1,0,1
00382885.png,10,0,0,1,0,0,1,0,0,0,0,0,0,1,0,0,0,0,0,0,1
00383004.png,10,0,1,1,0,0,1,0,0,0,0,0,0,0,1,0,0,0,0,0,1
00383118.png,0,1,0,1,0,0,1,0,0,0,0,1,0,0,0,0,0,0,0,0,1
00383331.png,40,0,0,0,0,0,0,0,0,0,0,0,0,0,0,0,0,0,0,1,0
00383567.png,20,0,0,0,0,0,0,0,0,0,0,0,0,0,0,0,0,0,0,1,0
00383690.png,10,0,0,0,0,0,0,0,0,0,0,0,0,0,0,0,0,0,0,1,0
00383748.png,10,0,1,1,0,0,1,0,0,0,0,1,0,0,0,0,0,0,0,0,1
00383753.png,20,0,0,1,0,0,1,0,0,1,0,1,0,0,0,0,0,0,0,0,1
00383893.png,0,0,0,0,0,0,1,0,0,0,0,0,0,0,0,0,0,0,0,0,1
00383944.png,0,0,1,0,0,0,0,0,0,0,1,0,0,0,0,0,0,0,1,0,1
00383967.png,10,1,0,0,0,0,1,0,0,0,0,1,0,0,0,0,0,0,0,0,1
00383983.png,0,1,0,0,0,0,1,0,0,0,0,0,0,0,0,0,0,0,0,0,1
00384178.png,10,0,0,0,0,0,1,0,0,0,0,1,0,0,0,0,0,0,0,0,1
00384255.png,10,1,0,0,0,0,0,0,0,0,0,0,0,0,0,0,0,0,0,0,0
00384274.png,0,1,0,0,0,0,0,0,0,0,0,0,0,0,0,0,0,0,1,0,1
00384278.png,0,1,0,0,0,0,0,0,0,0,0,0,0,0,0,0,0,0,1,0,1
00384280.png,0,1,0,0,0,0,0,0,0,0,0,0,0,0,0,0,0,0,1,0,1
00384381.png,10,1,0,0,0,0,0,0,0,0,0,0,0,0,0,0,0,0,0,0,0
00384491.png,0,0,0,0,0,0,0,0,0,0,0,0,0,0,0,0,0,0,0,1,0
00384686.png,10,1,0,1,0,0,1,0,0,0,0,0,0,1,0,0,0,0,0,0,1
00384749.png,10,1,0,0,0,0,0,0,0,0,0,0,0,0,0,0,0,0,0,0,0
00384864.png,10,0,0,0,0,0,1,0,0,0,0,0,0,0,0,0,0,0,0,0,1
00385286.png,10,1,0,0,0,0,1,0,0,0,0,0,0,0,0,0,0,0,1,0,1
00385325.png,0,1,0,0,0,0,0,0,0,0,0,0,0,0,0,0,0,0,0,0,0
00385446.png,0,0,1,0,0,0,1,0,0,0,0,0,0,0,0,0,0,0,0,0,1
00385507.png,10,1,0,0,0,0,0,0,0,0,0,0,0,0,0,0,0,0,0,0,0
00385544.png,10,1,0,0,0,0,0,0,0,0,0,0,0,0,0,0,0,0,0,0,0
00385549.png,10,0,0,0,0,0,0,0,0,0,0,0,0,0,0,0,0,0,0,1,0
00385838.png,10,0,1,1,0,0,1,0,0,0,0,1,0,0,0,0,0,0,0,0,1
00386036.png,0,0,0,0,0,0,0,0,0,0,0,0,0,0,0,0,0,0,0,1,0
00386049.png,0,1,0,1,0,0,1,0,0,0,0,0,0,0,0,0,0,0,1,0,1
00386221.png,0,0,0,0,0,0,1,0,0,0,0,0,0,0,0,0,0,0,0,0,1
00386265.png,10,1,0,0,0,0,0,0,0,0,0,0,0,0,0,0,0,0,1,0,1
00386293.png,10,0,0,1,0,0,1,0,0,0,0,0,0,1,0,0,0,0,0,0,1
00386443.png,0,1,1,1,0,0,1,0,0,0,0,0,0,0,0,0,0,0,1,0,1
00386457.png,10,0,0,0,0,0,0,0,0,0,0,0,0,0,0,0,0,0,0,1,0
00386563.png,20,0,0,0,0,0,0,0,0,0,0,0,0,0,0,0,0,0,0,1,0
00386678.png,10,0,0,1,0,0,1,0,0,0,0,0,0,0,0,0,0,0,0,0,1
00386737.png,0,0,0,0,0,0,1,0,0,0,0,0,0,0,0,0,0,0,0,0,1
00386739.png,0,0,0,0,0,0,1,0,1,0,0,0,0,0,0,0,0,0,0,0,1
00386907.png,10,0,0,0,0,0,0,0,0,0,0,0,0,0,0,0,0,0,0,1,0
00386916.png,10,0,0,0,0,0,0,0,0,0,0,0,0,0,0,0,0,0,0,1,0
00387227.png,10,0,0,1,0,0,1,0,0,0,0,0,0,0,1,0,0,0,0,0,1
00387387.png,0,0,0,1,0,0,1,0,0,0,0,0,0,0,0,0,0,0,1,0,1
00387432.png,10,0,1,1,0,0,1,0,0,0,0,1,0,0,0,0,0,0,0,0,1
00387667.png,10,0,0,1,0,0,1,0,0,1,0,1,0,0,0,0,0,0,0,0,1
00388080.png,10,0,0,0,0,0,0,0,0,0,0,0,0,0,0,0,0,0,0,1,0
00388130.png,10,0,0,0,0,0,0,0,0,0,0,0,0,0,0,0,0,0,0,1,0
00388174.png,0,1,0,0,0,0,0,0,0,0,0,0,0,0,0,0,0,0,1,0,1
00388212.png,10,0,0,0,0,0,0,0,0,0,0,0,0,0,0,0,0,0,0,1,0
00388340.png,10,0,0,0,0,0,0,0,0,0,0,0,0,0,0,0,0,0,0,1,0
00388579.png,10,0,0,0,0,0,0,0,0,0,0,0,0,0,0,0,0,0,0,1,0
00388628.png,10,1,0,0,0,0,0,0,0,0,0,0,0,0,0,0,0,0,0,0,0
00388631.png,0,0,0,0,0,0,1,0,0,0,1,0,0,0,0,0,0,0,1,0,1
00388814.png,10,0,0,0,0,0,0,0,0,0,0,0,0,0,0,0,0,0,0,1,0
00388954.png,10,0,0,0,0,0,0,0,0,0,0,0,0,0,0,0,0,0,0,1,0
00388957.png,10,0,0,0,0,0,0,0,0,0,0,0,0,0,0,0,1,0,0,0,1
00389007.png,0,1,0,0,0,0,0,0,0,0,0,0,0,0,0,0,0,0,0,0,0
00389497.png,0,0,0,1,0,0,1,0,1,0,0,0,0,0,0,0,0,0,0,0,1
00389594.png,0,1,0,0,0,0,0,0,0,0,1,0,0,0,0,0,0,0,0,0,1
00389800.png,10,0,0,0,0,0,0,0,0,0,0,0,0,0,0,0,0,0,0,1,0
00390031.png,10,0,0,0,0,0,0,0,0,0,0,0,0,1,0,0,0,0,0,0,1
00390422.png,10,0,0,0,0,0,0,0,0,0,0,0,0,0,0,0,0,0,0,1,0
00390431.png,10,0,0,0,0,0,0,0,0,0,0,0,0,0,0,0,0,0,0,1,0
00390673.png,0,0,0,1,0,0,1,0,0,0,0,0,0,0,0,0,0,0,0,0,1
00390807.png,10,0,1,1,0,0,1,0,0,0,0,0,0,1,0,0,0,0,0,0,1
00390984.png,10,0,0,1,0,0,1,0,0,0,0,0,0,0,0,0,0,0,0,0,1
00391487.png,20,1,0,1,0,0,1,0,0,0,0,0,0,0,0,0,0,0,0,0,1
00391504.png,10,0,0,1,0,0,1,0,0,0,0,0,0,1,0,0,0,0,0,0,1
00391655.png,10,0,0,1,0,0,1,0,0,0,0,1,0,0,0,0,0,0,0,0,1
00391832.png,10,1,0,0,0,0,0,0,0,0,0,0,0,0,0,0,0,0,0,0,0
00391863.png,10,0,0,0,0,0,0,0,0,0,0,0,0,0,0,0,0,0,0,1,0
00391995.png,10,0,0,0,0,0,0,0,0,0,0,0,0,0,0,0,0,0,0,1,0
00392022.png,0,1,0,0,0,0,0,0,0,0,1,0,0,0,0,0,0,0,1,0,1
00392130.png,0,1,0,0,0,0,1,0,0,0,0,0,0,0,0,0,0,0,1,0,1
00392175.png,0,1,0,0,0,0,1,0,0,0,0,0,0,0,0,0,0,0,1,0,1
00392214.png,10,0,0,0,0,0,0,0,0,0,0,0,0,1,0,0,0,0,0,0,1
00392284.png,0,1,0,0,0,0,1,0,0,0,1,0,0,0,0,0,0,0,1,0,1
00392504.png,10,1,0,0,0,0,0,0,0,0,0,0,0,0,0,0,0,0,0,0,0
00392717.png,0,1,0,0,0,0,1,0,0,0,0,0,0,0,0,0,0,0,1,0,1
00393157.png,10,0,0,0,0,0,0,0,0,0,0,0,0,0,0,0,0,0,0,1,0
00393521.png,20,1,0,1,0,0,0,0,0,0,0,0,0,0,0,0,0,0,0,0,1
00393540.png,20,1,0,0,0,0,0,0,0,0,0,0,0,0,0,0,0,0,0,0,0
00393665.png,0,0,0,0,0,0,1,0,0,0,0,0,0,0,0,0,0,0,0,0,1
00393897.png,0,1,0,0,0,0,1,0,0,0,0,0,0,0,0,0,0,0,0,0,1
00394020.png,20,1,0,1,0,0,1,0,0,0,0,0,0,1,0,0,0,0,0,0,1
00394101.png,20,0,0,0,0,0,0,0,0,0,0,0,0,0,0,0,0,0,0,1,0
00394108.png,20,0,0,0,0,0,0,0,0,0,0,0,0,0,0,0,0,0,0,1,0
00394254.png,10,1,0,0,0,0,0,0,0,0,0,0,0,0,0,0,0,0,0,0,0
00394329.png,10,0,0,0,0,0,0,0,0,0,0,0,0,0,0,0,0,0,0,1,0
00394355.png,10,0,0,0,0,0,0,0,0,0,0,0,0,0,0,0,0,0,0,1,0
00394515.png,0,0,0,0,0,0,0,0,0,0,0,0,0,0,0,0,0,0,0,1,0
00394764.png,10,1,0,0,0,0,1,0,0,0,0,0,0,0,0,0,0,0,0,0,1
00394814.png,10,0,0,0,1,0,0,0,0,0,0,0,0,0,0,1,0,0,0,0,1
00394846.png,10,0,0,0,0,0,0,0,0,0,0,0,0,0,0,0,0,0,0,1,0
00394869.png,10,0,0,0,0,0,0,0,0,0,0,0,0,0,0,0,0,0,0,1,0
00395295.png,0,1,0,0,0,0,1,0,0,0,0,0,0,0,0,0,0,0,1,0,1
00395391.png,0,1,0,0,0,0,1,0,0,0,0,0,0,0,0,0,0,0,0,0,1
00395779.png,10,0,0,0,0,0,1,0,0,0,0,0,0,0,0,0,0,0,0,0,1
00395982.png,0,1,0,0,0,0,0,0,0,0,0,0,0,0,0,0,0,0,1,0,1
00396017.png,0,0,0,1,0,0,1,0,0,0,0,0,0,0,0,0,0,0,0,0,1
00396160.png,0,1,0,0,0,0,0,0,0,0,0,0,0,0,0,0,0,0,1,0,1
00396178.png,10,0,0,1,0,0,1,0,0,0,0,0,0,0,0,0,0,0,0,0,1
00396304.png,0,0,1,0,0,0,1,0,0,0,0,0,0,1,0,0,0,0,0,0,1
00396370.png,0,0,0,1,0,0,0,0,0,0,0,1,0,0,0,0,0,0,1,0,1
00396573.png,10,0,0,0,0,0,0,0,0,0,0,0,0,0,0,0,0,0,0,1,0
00397151.png,0,0,0,0,0,0,0,0,0,0,0,0,0,0,0,0,0,0,0,1,0
00397271.png,10,0,0,0,0,0,0,0,0,0,0,0,0,0,0,0,0,0,0,1,0
00397343.png,20,0,0,0,0,0,1,0,0,0,0,0,0,0,1,0,0,0,0,0,1
00397579.png,0,1,0,1,0,0,0,0,0,0,0,1,0,0,0,0,0,0,0,0,1
00397618.png,10,0,1,0,0,0,0,0,0,0,0,0,0,0,0,0,0,0,0,0,1
00397910.png,10,0,0,0,0,0,1,0,0,0,0,0,0,1,0,0,0,0,0,0,1
00398586.png,0,1,0,0,0,0,0,0,0,0,0,0,0,0,0,0,0,0,1,0,1
00398670.png,10,0,0,1,0,0,1,0,0,0,0,0,0,0,0,0,0,0,0,0,1
00398918.png,10,0,0,1,0,0,1,0,0,0,0,0,0,0,0,0,0,0,0,0,1
00398925.png,0,1,0,0,0,0,0,0,0,0,0,0,0,0,0,0,0,0,0,0,0
00399051.png,0,1,1,0,0,0,1,0,0,0,0,0,0,0,0,0,0,0,0,0,1
00399087.png,10,0,0,0,0,0,0,0,0,0,0,0,0,0,0,0,0,0,0,1,0
00399212.png,0,0,0,0,0,0,0,0,0,0,0,0,0,0,0,0,0,0,0,1,0
00399293.png,10,1,0,0,0,0,0,0,0,0,1,0,0,0,0,0,0,0,1,0,1
00399335.png,0,1,0,0,0,0,1,0,0,0,0,0,0,0,0,0,0,0,1,0,1
00399583.png,0,1,0,0,0,0,0,0,0,0,0,0,0,0,0,0,0,0,1,0,1
00399690.png,0,1,0,0,0,0,0,0,0,0,0,0,0,0,0,0,0,0,1,0,1
00399772.png,0,0,0,0,0,0,0,0,0,0,1,0,0,1,0,0,0,0,0,0,1
00399817.png,0,1,0,1,0,0,1,0,0,0,0,0,0,0,0,0,0,0,0,0,1
00399884.png,0,0,0,0,0,0,0,0,0,0,0,0,0,0,1,0,0,0,0,0,1
00400034.png,5,1,0,1,0,0,1,0,0,0,1,0,0,0,0,0,0,0,0,0,1
00400090.png,0,0,0,1,0,0,1,0,0,1,0,0,0,0,0,0,0,0,0,0,1
00400213.png,0,0,1,1,0,0,0,0,0,1,0,0,0,0,0,0,0,0,0,0,1
00400244.png,0,0,0,0,0,0,0,0,0,0,0,0,0,0,0,0,0,0,0,1,0
00400324.png,0,1,0,0,0,0,1,0,0,0,0,0,0,0,0,0,0,0,1,0,1
00400384.png,10,0,0,1,0,0,1,0,0,0,0,0,0,0,1,0,0,0,0,0,1
00400617.png,10,1,1,0,0,0,1,0,0,0,0,0,0,0,0,0,0,0,0,0,1
00400836.png,0,0,0,0,0,0,1,0,0,0,0,0,0,0,0,0,0,0,1,0,1
00401021.png,20,1,0,1,0,0,1,0,0,0,0,0,0,0,0,0,0,0,0,0,1
00401080.png,10,1,0,0,0,0,0,0,0,0,0,0,0,0,0,0,0,0,0,0,0
00401380.png,20,0,0,0,0,0,0,0,0,0,0,0,0,0,0,1,0,0,0,0,1
00401457.png,0,1,0,0,0,0,0,0,0,0,0,0,0,0,0,0,0,0,0,0,0
00401913.png,10,1,0,1,0,0,0,0,0,0,0,0,0,0,0,0,0,0,0,0,1
00402019.png,10,1,0,0,0,0,0,0,0,0,0,0,0,0,0,0,0,0,0,0,0
00402443.png,0,0,0,0,0,0,1,0,0,0,0,0,0,0,0,0,0,0,1,0,1
00402581.png,10,1,0,0,0,0,1,0,0,0,0,0,0,0,0,0,0,0,0,0,1
00402826.png,0,1,1,0,0,0,1,0,0,0,0,0,0,0,0,0,0,0,1,0,1
00402864.png,10,1,0,0,0,0,0,0,0,0,0,0,0,0,0,0,0,0,0,0,0
00402916.png,0,1,0,1,0,0,1,0,0,0,0,0,0,0,0,0,0,0,0,0,1
00403204.png,20,0,0,0,0,0,0,0,0,0,0,0,0,0,0,0,0,0,0,1,0
00403385.png,0,0,0,1,0,0,0,0,0,0,0,0,0,0,0,0,0,0,0,0,1
00403393.png,0,1,0,0,0,0,0,0,0,0,0,0,0,0,0,0,0,0,0,0,0
00403546.png,10,1,0,0,0,0,0,0,0,0,0,0,0,0,0,0,0,0,0,0,0
00403568.png,10,0,0,0,0,0,0,0,0,0,0,0,0,0,0,0,0,0,0,1,0
00403645.png,10,0,0,0,0,0,0,0,0,0,0,0,0,0,0,0,0,0,0,1,0
00403838.png,0,1,0,0,0,0,1,0,0,0,0,0,0,0,0,0,0,0,1,0,1
00404102.png,0,0,0,0,0,0,0,0,0,0,0,0,0,0,0,0,0,0,0,1,0
00404243.png,10,1,1,0,0,0,1,0,0,0,1,0,0,1,0,0,0,0,0,0,1
00404258.png,20,0,0,1,0,0,1,0,0,0,0,0,0,0,0,0,0,0,0,0,1
00404592.png,0,1,0,0,0,0,0,0,0,0,0,0,0,0,0,0,0,0,1,0,1
00404726.png,5,0,0,0,0,0,0,0,0,0,0,0,0,0,0,0,0,0,0,1,0
00405039.png,0,0,0,0,0,0,0,0,0,0,0,0,0,0,0,0,0,0,0,1,0
00405162.png,0,0,0,0,0,0,0,0,0,0,0,0,0,0,0,0,0,0,0,1,0
00405463.png,5,0,0,0,0,0,0,0,0,0,0,0,0,0,0,0,0,0,0,1,0
00405875.png,20,1,0,0,0,0,0,0,0,0,0,0,0,0,0,0,0,0,0,0,0
00406041.png,10,0,0,0,0,0,0,0,0,0,0,0,0,0,0,0,0,0,0,1,0
00406067.png,10,0,0,1,0,0,1,0,0,0,0,0,0,0,0,0,0,0,0,0,1
00406198.png,0,0,0,1,0,0,0,0,0,0,0,1,0,0,0,0,0,0,0,0,1
00406401.png,10,1,0,1,0,0,1,0,0,0,1,0,0,0,0,0,0,0,0,0,1
00406560.png,0,1,0,0,0,0,0,0,0,0,0,0,0,0,0,0,0,0,0,0,0
00406567.png,0,0,0,1,0,0,1,0,0,0,0,0,0,0,0,0,0,0,0,0,1
00406569.png,0,0,0,1,0,0,1,0,0,0,0,0,0,0,0,0,0,0,0,0,1
00406769.png,0,0,0,0,0,0,0,0,0,0,0,0,0,1,0,0,0,0,1,0,1
00406967.png,10,1,0,0,0,0,0,0,0,0,0,0,0,0,0,0,0,0,0,0,0
00407107.png,0,0,0,0,0,0,0,0,0,0,0,0,0,0,0,0,0,0,0,1,0
00407582.png,10,1,0,1,0,0,0,0,0,1,0,1,0,0,0,0,0,0,0,0,1
00408052.png,0,1,0,1,0,0,1,0,0,0,0,0,0,0,0,0,0,0,1,0,1
00408307.png,30,1,0,0,0,0,0,0,0,0,0,0,0,0,0,0,0,0,0,0,0
00408316.png,10,0,1,1,0,0,1,0,0,0,0,0,0,0,0,0,0,0,0,0,1
00408416.png,10,1,0,1,0,0,0,0,0,1,0,1,0,0,0,0,0,0,0,0,1
00408465.png,10,0,0,0,0,0,0,0,0,0,0,0,0,0,0,0,0,0,0,1,0
00408721.png,5,0,0,1,0,0,1,0,0,0,0,0,0,0,0,0,0,0,1,0,1
00408734.png,5,1,0,1,0,0,0,0,0,0,0,0,0,0,0,0,0,0,0,0,1
00408824.png,20,1,1,1,0,0,0,0,0,0,0,0,0,0,0,0,0,0,0,0,1
00409012.png,10,1,0,0,0,0,0,0,0,0,0,0,0,0,0,0,0,0,0,0,0
00409035.png,0,0,0,0,0,0,0,0,0,0,0,0,0,0,0,0,0,0,0,1,0
00409136.png,0,1,0,0,0,0,1,0,0,0,1,0,0,0,0,0,0,0,0,0,1
00409445.png,0,1,0,0,0,0,1,0,0,0,1,0,0,0,0,0,0,0,0,0,1
00409712.png,5,0,0,1,0,0,1,0,1,0,0,0,0,0,0,0,0,0,1,0,1
00409839.png,10,1,0,0,0,0,0,0,0,0,0,0,0,0,0,0,0,0,0,0,0
00409841.png,10,0,0,0,0,0,0,0,0,0,0,0,0,0,0,0,0,0,0,1,0
00409918.png,0,0,0,0,0,0,0,0,0,0,0,0,0,0,0,0,0,0,0,1,0
00410086.png,0,0,0,0,0,0,0,0,0,0,0,0,0,0,0,0,0,0,0,1,0
00410105.png,0,0,0,0,0,0,0,0,0,0,0,0,0,0,0,0,0,0,0,1,0
00410170.png,0,0,0,0,0,0,0,0,0,0,0,0,0,0,0,0,0,0,0,1,0
00410180.png,0,0,0,0,0,0,0,0,0,0,0,0,0,0,0,0,0,0,0,1,0
00410196.png,0,0,0,0,0,0,0,0,0,0,0,0,0,0,0,0,0,0,0,1,0
00410199.png,0,0,0,0,0,0,0,0,0,0,0,0,0,0,0,0,0,0,0,1,0
00410380.png,0,0,0,0,0,0,0,0,0,0,0,0,0,0,0,0,0,0,0,1,0
00410483.png,0,0,0,0,0,0,0,0,0,0,0,0,0,0,0,0,0,0,1,0,1
00410673.png,0,0,0,0,0,0,0,0,0,0,0,0,0,0,0,0,0,0,0,1,0
00410711.png,0,0,0,0,0,0,0,0,0,0,0,0,0,0,0,0,0,0,0,1,0
00410787.png,0,0,0,0,0,0,0,0,0,0,0,0,0,0,0,0,0,0,0,1,0
00410809.png,0,0,0,0,0,0,0,0,0,0,0,0,0,0,0,0,0,0,0,1,0
00410857.png,0,0,0,0,0,0,0,0,0,0,0,0,0,0,0,0,0,0,0,1,0
00410935.png,0,0,0,0,0,0,0,0,0,0,0,0,0,0,0,0,0,0,1,0,1
00410947.png,0,0,0,0,0,0,0,0,0,0,0,0,0,0,0,0,0,0,0,1,0
00411121.png,0,0,0,0,0,0,0,0,0,0,0,0,0,0,0,0,0,0,0,1,0
00411221.png,0,1,0,0,0,0,0,0,0,0,0,0,0,0,0,0,0,0,0,0,0
00411235.png,0,0,0,0,0,0,0,0,0,0,0,0,0,0,0,0,0,0,0,1,0
00411244.png,0,0,0,0,0,0,0,0,0,0,0,0,0,0,0,0,0,0,0,1,0
00411593.png,0,0,0,0,0,0,0,0,0,0,0,0,0,0,0,0,0,0,0,1,0
00411615.png,0,0,0,0,0,0,0,0,0,0,0,0,0,0,0,0,0,0,0,1,0
00411656.png,0,0,0,0,0,0,0,0,0,0,0,0,0,0,0,0,0,0,0,1,0
00412504.png,0,0,0,0,0,0,0,0,0,0,0,0,0,0,0,0,0,0,0,1,0
00412557.png,0,0,0,0,0,0,0,0,0,0,0,0,0,0,0,0,0,0,0,1,0
00412605.png,0,0,0,0,0,0,0,0,0,0,0,0,0,0,0,0,0,0,0,1,0
00412639.png,0,0,0,0,0,0,0,0,0,0,0,0,0,0,0,0,0,0,0,1,0
00412653.png,0,0,0,0,0,0,0,0,0,0,0,0,0,0,0,0,0,0,0,1,0
00412722.png,0,0,0,0,0,0,0,0,0,0,0,0,0,0,0,0,0,0,0,1,0
00412755.png,0,0,0,0,0,0,0,0,0,0,0,0,0,0,0,0,0,0,0,1,0
00412790.png,0,0,0,0,0,0,0,0,0,0,0,0,0,0,0,0,0,0,0,1,0
00413220.png,0,0,0,0,0,0,0,0,0,0,0,0,0,0,0,0,0,0,0,1,0
00413288.png,10,1,0,0,0,0,0,0,0,0,0,0,0,0,0,0,0,0,1,0,1
00413350.png,10,0,0,0,0,0,0,0,0,0,0,0,0,0,0,0,0,0,0,1,0
00413745.png,10,1,0,0,0,0,0,0,0,0,0,0,0,0,0,0,0,0,1,0,1
00413768.png,0,1,0,0,0,0,0,0,0,0,0,0,0,0,0,0,0,0,1,0,1
00413792.png,0,0,0,0,0,0,0,0,0,0,0,0,0,0,0,0,0,0,0,1,0
00413885.png,0,1,0,0,0,0,0,0,0,0,0,0,0,0,0,0,0,0,1,0,1
00413889.png,0,1,0,0,0,0,0,0,0,0,0,0,0,0,0,0,0,0,1,0,1
00414234.png,0,1,0,0,0,0,0,0,0,0,0,0,0,0,0,0,0,0,0,0,0
00414301.png,10,0,0,0,0,0,0,0,0,0,0,0,0,0,0,0,0,1,0,0,1
00414720.png,10,1,1,0,0,0,0,0,0,0,0,0,0,0,0,0,0,0,0,0,1
00414772.png,0,0,0,0,0,0,0,0,0,0,0,0,0,0,0,0,0,0,0,1,0
00414879.png,5,0,0,0,0,0,0,0,0,0,0,0,0,0,0,0,0,0,0,1,0
00415107.png,5,0,0,0,0,0,0,0,0,0,0,0,0,0,0,0,0,0,0,1,0
00415330.png,5,0,0,0,0,0,1,0,0,0,0,1,0,0,0,0,0,0,0,0,1
00415404.png,2,0,0,0,0,0,0,0,0,0,0,0,0,0,0,0,0,0,0,1,0
00415545.png,2,0,0,1,0,0,1,0,0,0,1,0,0,0,0,0,0,0,0,0,1
00415637.png,5,0,0,0,0,0,0,0,0,0,0,0,0,0,0,0,0,0,0,1,0
00415759.png,5,0,0,0,0,0,0,0,0,0,0,0,0,0,0,0,0,0,0,1,0
00415786.png,5,0,0,0,0,0,0,0,0,0,0,0,0,0,0,0,1,0,0,0,1
00415928.png,10,0,0,0,0,0,0,0,0,0,0,0,0,0,0,0,0,0,1,0,1
00415956.png,0,1,0,1,0,0,0,0,0,0,0,0,0,0,0,0,0,0,1,0,1
00416052.png,2,0,0,0,0,0,0,0,0,0,0,0,0,0,0,0,0,0,0,1,0
00416137.png,5,0,0,0,0,0,1,0,0,0,0,1,0,0,1,0,0,0,0,0,1
00416145.png,5,0,0,0,0,0,1,0,0,1,0,1,0,0,0,0,0,0,0,0,1
00416187.png,0,1,0,1,0,0,0,0,0,0,1,1,0,0,0,0,0,0,0,0,1
00416297.png,0,0,0,0,0,0,0,0,0,0,0,0,0,0,0,0,0,0,0,1,0
00416411.png,10,0,1,1,0,0,0,0,0,0,0,0,0,0,0,0,0,0,0,0,1
00416444.png,5,0,0,1,0,0,0,0,0,0,0,1,0,1,0,0,0,0,0,0,1
00416541.png,0,1,0,0,0,0,1,0,0,0,0,0,0,0,0,0,0,0,1,0,1
00416701.png,0,0,0,0,0,0,0,0,0,0,0,0,0,0,0,0,0,0,0,1,0
00416780.png,5,0,0,0,0,0,0,0,0,0,0,0,0,0,0,0,0,0,0,1,0
00416932.png,0,1,0,0,0,0,0,0,0,0,0,0,0,0,0,0,0,0,0,0,0
00416971.png,2,0,0,0,0,0,0,0,0,0,0,0,0,0,1,0,0,0,0,0,1
00417164.png,5,0,0,0,0,0,1,0,0,0,0,0,0,1,0,0,0,0,0,0,1
00417166.png,5,0,0,0,0,0,1,0,0,0,0,0,0,0,0,0,0,0,0,0,1
00417333.png,0,1,0,0,0,0,0,0,0,0,1,0,1,0,0,0,0,0,0,0,1
00417385.png,0,1,1,1,0,0,1,0,0,0,1,0,0,0,0,0,0,0,0,0,1
00417443.png,5,0,0,0,0,0,0,0,0,0,0,1,0,0,0,0,0,0,0,0,1
00417458.png,10,1,1,1,0,0,1,0,0,0,0,0,0,0,0,0,0,0,0,0,1
00417473.png,2,0,0,1,0,0,1,0,0,0,0,0,0,0,0,0,0,0,0,0,1
00417493.png,2,0,0,1,0,0,0,0,0,0,0,0,0,1,0,0,0,0,1,0,1
00417767.png,5,0,0,0,0,0,0,0,0,0,0,0,0,0,0,0,0,0,0,1,0
00417823.png,5,1,0,0,0,0,0,0,0,0,0,0,0,0,0,0,0,0,0,0,0
00418091.png,10,0,1,0,0,0,0,0,0,0,0,0,0,0,1,0,0,0,0,0,1
00418096.png,10,0,0,0,0,0,0,0,0,0,0,0,0,0,0,0,0,0,0,1,0
00418606.png,5,0,0,1,0,0,1,0,0,0,0,0,0,1,0,0,0,0,0,0,1
00419033.png,2,1,0,0,0,0,0,0,0,0,0,0,0,0,0,0,0,0,0,0,0
00419312.png,0,0,0,0,0,0,0,0,0,0,0,0,0,0,0,0,0,0,0,1,0
00419449.png,5,0,0,1,0,0,0,0,0,1,0,1,0,0,0,0,0,0,0,0,1
00419839.png,5,0,0,1,0,0,1,0,0,0,0,0,0,1,0,0,0,0,0,0,1
00419903.png,10,0,0,1,0,0,1,0,0,0,0,1,0,0,0,0,0,0,0,0,1
00419934.png,5,0,0,0,0,0,0,0,0,0,0,0,0,0,0,0,0,0,1,0,1
00420152.png,5,0,1,1,0,0,0,0,0,0,0,1,0,0,0,0,0,0,0,0,1
00420324.png,2,1,0,0,0,0,0,0,0,0,0,0,0,0,0,0,0,0,0,0,0
00420580.png,0,0,0,1,0,0,0,0,0,0,0,0,0,0,0,0,0,0,0,0,1
00420746.png,5,0,1,1,0,0,0,0,0,0,0,0,0,0,1,0,0,0,0,0,1
00420763.png,0,0,0,0,0,0,1,0,0,0,1,0,0,0,0,0,0,0,0,0,1
00420907.png,10,0,0,0,0,1,0,0,0,0,0,0,0,0,0,0,0,1,0,0,1
00421022.png,10,0,0,1,0,0,1,0,0,0,1,0,0,1,0,0,0,0,0,0,1
00421071.png,10,0,0,0,0,0,0,0,0,0,0,0,0,0,0,0,0,0,0,1,0
00421268.png,5,0,0,0,0,0,0,0,0,0,0,0,0,0,0,0,0,0,0,1,0
00421377.png,2,1,0,0,0,0,0,0,0,0,0,0,0,0,0,0,0,0,0,0,0
00421543.png,5,0,0,0,0,0,1,0,0,0,0,0,0,0,0,0,0,0,0,0,1
00421718.png,5,0,0,1,0,0,1,0,0,0,0,0,0,0,0,0,0,0,0,0,1
00421827.png,5,0,1,1,0,0,1,0,1,0,0,0,0,0,0,0,0,0,0,0,1
00421832.png,5,0,1,1,0,0,0,0,1,0,0,0,0,0,0,0,0,0,0,0,1
00421893.png,5,0,0,0,0,0,0,0,0,0,0,0,0,0,0,0,0,0,0,1,0
00422011.png,0,1,1,0,0,0,0,0,0,0,1,0,0,0,0,0,0,0,1,0,1
00422200.png,0,0,0,1,0,0,1,0,0,0,1,0,0,0,0,0,0,0,0,0,1
00422220.png,0,1,0,0,0,0,1,0,0,0,1,0,0,0,0,0,0,0,1,0,1
00422396.png,5,0,0,0,0,0,1,0,0,0,0,1,0,0,0,0,0,0,0,0,1
00422399.png,5,0,0,0,0,0,1,0,0,0,0,1,0,0,0,0,0,0,0,0,1
00422604.png,2,1,0,0,0,0,0,0,0,0,0,0,0,0,0,0,0,0,0,0,0
00422807.png,10,1,1,0,1,1,0,0,0,0,1,0,0,0,0,0,0,0,1,0,1
00423267.png,2,0,0,1,0,0,1,0,0,0,0,0,0,0,0,0,0,0,0,0,1
00423280.png,0,0,0,1,0,0,1,0,0,0,0,0,0,1,0,0,0,0,0,0,1
00423367.png,2,0,0,1,0,0,1,0,0,0,0,0,0,1,0,0,0,0,0,0,1
00423839.png,0,1,0,0,0,0,0,0,0,0,0,0,0,0,0,0,0,0,1,0,1
00423841.png,0,0,0,0,0,0,0,0,0,0,0,0,0,0,0,0,0,0,1,0,1
00423868.png,0,0,0,0,0,0,0,0,0,0,0,0,0,0,0,0,0,0,0,1,0
00423905.png,0,0,0,0,0,0,0,0,0,0,0,0,0,0,0,0,0,0,0,1,0
00423974.png,0,1,0,0,0,0,0,0,0,0,0,0,0,0,0,0,0,0,0,0,0
00424478.png,0,1,0,0,0,0,0,0,0,0,0,0,0,0,0,0,0,0,1,0,1
00424624.png,10,0,0,0,0,0,0,0,0,0,0,0,0,0,0,0,0,0,0,1,0
00424799.png,0,0,0,0,0,0,0,0,0,0,0,0,0,0,0,0,0,0,0,1,0
00424881.png,0,1,0,0,0,0,0,0,0,0,0,0,0,0,0,0,0,0,1,0,1
00424952.png,0,1,0,0,0,0,1,0,0,0,1,0,0,0,0,0,0,0,0,0,1
00425249.png,0,1,0,0,0,0,0,0,0,0,0,0,0,0,0,0,0,0,0,0,0
00425270.png,0,0,0,0,0,0,0,0,0,0,0,0,0,0,0,0,0,0,0,1,0
00425289.png,0,0,0,0,0,0,0,0,0,0,0,0,0,0,0,0,0,0,0,1,0
00425758.png,0,1,0,0,0,0,0,0,0,0,0,0,0,0,0,0,0,0,0,0,0
00425814.png,0,0,0,0,0,0,1,0,0,0,0,0,0,0,0,0,0,0,1,0,1
00426090.png,0,1,0,0,0,0,0,0,0,0,0,0,0,0,0,0,0,0,1,0,1
00426278.png,0,1,0,0,0,0,1,0,0,0,0,1,0,0,0,0,0,0,0,0,1
00426304.png,0,1,1,1,0,0,1,0,0,0,1,0,0,0,0,0,0,0,1,0,1
00426313.png,0,1,0,1,0,0,1,0,0,0,0,0,0,0,0,0,0,0,1,0,1
00426634.png,0,1,0,0,0,0,1,0,0,0,0,0,0,0,0,0,0,0,1,0,1
00426717.png,0,0,0,1,0,0,1,0,0,0,0,1,0,0,0,0,0,0,0,0,1
00426782.png,0,1,0,1,0,0,1,0,0,0,0,0,0,0,0,0,0,0,0,0,1
00426860.png,0,1,0,0,0,0,1,0,1,0,0,0,0,0,0,0,0,0,0,0,1
00427141.png,0,0,0,0,0,0,1,0,0,0,0,0,0,0,0,0,0,0,1,0,1
00427150.png,0,0,0,1,0,0,1,0,0,0,0,0,0,0,0,0,0,0,0,0,1
00427342.png,0,0,0,0,0,0,0,0,0,0,0,0,0,0,0,0,1,0,0,0,1
00427370.png,0,1,0,0,0,0,1,0,0,0,1,0,0,0,0,0,0,0,0,0,1
00427418.png,0,1,0,0,0,0,0,0,0,0,0,0,0,0,0,0,0,0,1,0,1
00427583.png,5,1,0,0,0,0,1,0,1,0,0,0,0,0,0,0,0,0,0,0,1
00427843.png,0,1,0,0,0,0,0,0,0,0,0,0,0,0,0,0,0,0,1,0,1
00427862.png,0,1,0,1,0,0,1,0,0,1,1,1,0,0,0,0,0,0,1,0,1
00428503.png,10,1,0,0,1,1,0,0,0,0,0,0,0,0,0,0,0,0,1,0,1
00428610.png,10,1,0,1,0,0,0,0,0,0,0,0,0,0,0,0,0,0,0,0,1
00428764.png,10,0,0,1,0,0,1,0,0,0,0,1,0,0,0,0,0,0,1,0,1
00428967.png,10,0,0,0,0,0,0,0,0,0,0,0,0,1,0,0,0,0,1,0,1
00428984.png,10,0,0,0,0,0,0,0,0,0,0,0,0,0,0,0,0,0,0,1,0
00429118.png,0,1,1,1,0,0,1,0,0,0,0,0,0,0,0,0,0,0,1,0,1
00429121.png,0,1,0,0,0,0,1,0,0,0,0,0,0,0,0,0,0,0,1,0,1
00429141.png,10,0,0,0,0,0,0,0,0,0,0,0,0,0,0,0,0,0,0,1,0
00429242.png,10,0,0,0,0,0,0,0,0,0,0,0,0,0,0,0,0,0,0,1,0
00429332.png,10,1,0,0,0,0,0,0,0,0,0,0,0,0,0,0,0,0,0,0,0
00429452.png,10,1,0,0,0,0,0,0,0,0,0,0,0,0,0,0,0,0,0,0,0
00429617.png,0,1,0,1,0,0,1,0,0,0,0,0,0,0,0,0,0,0,1,0,1
00429711.png,10,0,1,0,0,0,1,0,0,0,0,0,0,0,1,0,0,0,0,0,1
00429899.png,10,1,0,0,0,0,0,0,0,0,0,0,0,0,0,0,0,0,1,0,1
00429980.png,10,0,1,0,0,0,1,0,1,0,0,0,0,0,0,0,0,0,0,0,1
00430038.png,10,0,0,0,0,0,0,0,0,0,0,0,0,0,0,0,0,0,0,1,0
00430361.png,10,1,0,0,0,0,0,0,0,0,0,0,0,0,0,0,0,0,0,0,0
00430441.png,0,1,0,1,0,0,1,0,1,0,0,0,0,0,0,0,0,0,0,0,1
00430556.png,10,1,0,1,0,0,1,0,0,0,0,0,0,0,0,0,0,0,1,0,1
00430709.png,10,0,0,0,0,0,0,0,0,0,0,0,0,0,0,0,0,0,0,1,0
00430738.png,0,0,0,0,0,0,1,0,0,0,0,0,0,0,0,0,0,0,0,0,1
00430922.png,10,0,0,1,0,0,1,0,0,0,0,0,0,0,0,0,0,0,0,0,1
00431008.png,10,0,0,0,0,0,0,0,0,0,0,0,0,0,0,0,0,0,0,1,0
00431086.png,0,0,0,0,0,0,0,0,0,0,0,0,0,0,0,0,0,0,1,0,1
00431220.png,0,0,1,1,0,0,1,0,0,0,0,0,0,0,1,0,0,0,0,0,1
00431223.png,0,0,0,1,0,0,1,0,0,0,0,0,0,0,0,0,0,0,1,0,1
00431358.png,0,0,1,0,0,0,1,0,0,0,0,0,0,0,0,0,0,0,1,0,1
00431608.png,0,0,0,1,0,0,1,0,0,0,0,0,0,0,0,0,0,0,1,0,1
00431780.png,0,0,1,1,0,0,1,0,0,0,0,1,0,0,1,0,0,0,0,0,1
00431801.png,10,1,1,0,0,0,0,0,0,0,0,0,0,0,0,0,0,0,1,0,1
00431843.png,20,1,0,1,0,0,1,0,0,0,0,0,0,0,0,0,0,0,0,0,1
00432021.png,10,1,1,1,0,0,1,0,0,0,0,0,0,0,0,0,0,0,0,0,1
00432118.png,10,0,0,0,0,0,1,0,0,0,0,0,0,1,0,0,0,0,0,0,1
00432122.png,10,0,0,1,0,0,1,0,0,0,0,0,0,1,0,0,0,0,0,0,1
00432249.png,10,1,0,0,0,0,1,0,0,0,0,0,0,0,0,0,0,0,1,0,1
00432346.png,10,1,0,0,0,0,1,0,0,0,0,0,0,0,0,0,0,0,1,0,1
00432565.png,0,0,0,1,0,0,1,0,0,0,0,0,0,0,0,0,0,0,1,0,1
00432830.png,0,1,0,1,0,0,1,0,0,0,0,0,0,0,0,0,0,0,1,0,1
00432834.png,0,1,0,0,0,0,0,0,0,0,0,0,0,0,0,0,0,0,0,0,0
00432884.png,10,1,0,0,0,0,0,0,0,0,0,0,0,0,0,0,0,0,0,0,0
00432962.png,0,1,0,0,0,0,0,0,1,0,0,0,0,0,0,0,0,0,0,0,1
00433003.png,20,0,0,1,0,0,1,0,0,0,0,0,0,0,1,0,0,0,0,0,1
00433052.png,0,0,1,0,0,0,1,0,0,0,0,0,0,0,0,0,0,0,1,0,1
00433068.png,0,1,0,0,0,0,0,0,0,0,1,0,0,0,0,0,0,0,0,0,1
00433408.png,0,1,0,0,0,0,1,0,1,0,1,0,0,0,0,0,0,0,0,0,1
00433506.png,0,0,0,1,0,0,1,0,0,0,1,0,0,0,0,0,0,0,1,0,1
00433998.png,50,1,0,1,0,0,1,0,0,0,0,0,0,0,0,0,0,0,0,0,1
00434184.png,10,0,0,1,0,0,1,0,0,0,0,0,0,0,0,0,0,0,0,0,1
00434435.png,10,0,0,1,0,0,1,0,0,0,0,0,0,1,0,0,0,0,0,0,1
00434455.png,60,1,0,1,0,0,1,0,0,0,0,1,0,0,0,0,0,0,0,0,1
00434662.png,10,0,1,0,0,0,1,0,0,0,0,0,0,1,0,0,0,0,0,0,1
00434778.png,10,0,0,0,0,0,1,0,0,0,1,0,0,0,0,0,0,0,0,0,1
00434815.png,0,1,0,1,0,0,1,0,0,0,1,0,0,0,0,0,0,0,0,0,1
00434941.png,10,1,1,1,0,0,1,0,0,0,0,1,0,0,0,0,0,0,0,0,1
00434961.png,0,1,0,0,0,0,1,0,0,0,0,0,0,0,0,0,0,0,0,0,1
00435325.png,0,1,0,0,0,0,1,0,0,0,0,0,1,0,0,0,0,0,0,0,1
00435439.png,0,0,1,0,0,0,1,0,0,0,0,1,0,0,0,0,0,0,0,0,1
00435620.png,10,1,0,0,0,0,0,0,0,0,0,0,0,0,0,0,0,0,1,0,1
00435632.png,10,0,0,0,0,0,0,0,0,0,0,0,0,0,0,0,0,0,0,1,0
00435962.png,0,0,0,0,0,0,1,0,0,0,0,0,0,1,0,0,0,0,0,0,1
00436070.png,10,0,0,1,0,0,1,0,0,0,0,0,0,0,0,0,0,0,1,0,1
00436075.png,10,0,0,1,0,0,1,0,0,0,0,0,0,0,0,0,0,0,0,0,1
00436147.png,0,0,0,0,0,0,0,0,0,0,0,0,0,0,0,0,0,0,0,1,0
00436162.png,10,1,0,0,0,0,0,0,0,0,0,0,0,0,0,0,0,0,1,0,1
00436167.png,20,0,0,1,0,0,1,0,0,0,0,0,0,0,0,0,0,0,1,0,1
00436399.png,0,0,0,0,0,0,0,0,0,0,0,0,0,0,0,0,0,0,0,1,0
00436478.png,0,1,0,0,0,0,1,0,0,0,0,0,0,0,0,0,0,0,1,0,1
00436481.png,0,1,0,1,0,0,1,0,0,0,0,0,0,0,0,0,0,0,1,0,1
00436867.png,10,0,1,0,0,0,1,0,0,0,1,0,1,0,0,0,0,0,0,0,1
00436889.png,10,0,0,1,0,0,0,0,0,0,0,0,0,0,0,0,0,0,0,0,1
00437015.png,0,0,0,0,0,0,1,0,0,0,0,0,0,0,0,0,0,0,0,0,1
00437315.png,10,0,0,1,0,0,0,0,0,0,0,0,0,0,0,0,0,0,0,0,1
00437471.png,0,1,0,0,0,0,0,0,0,0,1,0,0,0,0,0,0,0,1,0,1
00437480.png,0,0,0,0,0,0,0,0,0,0,0,0,0,1,0,0,0,0,0,0,1
00437552.png,0,0,0,0,0,0,0,0,0,0,0,0,0,0,0,0,0,0,0,1,0
00437568.png,0,1,0,0,0,0,1,0,0,0,1,0,0,0,0,0,0,0,0,0,1
00437576.png,10,0,0,1,0,0,1,0,0,0,0,0,0,0,0,0,0,0,0,0,1
00438073.png,10,0,0,1,0,0,1,0,0,0,0,0,0,0,0,0,0,0,1,0,1
00438239.png,0,0,0,0,0,0,0,0,0,0,0,0,0,0,0,0,0,0,0,1,0
00438275.png,0,1,0,0,0,0,1,0,0,0,0,0,0,0,0,0,0,0,0,0,1
00438379.png,10,0,0,1,0,0,0,0,0,1,0,1,0,0,0,0,0,0,0,0,1
00438672.png,0,1,0,0,0,0,0,0,0,0,1,0,0,0,0,0,0,0,1,0,1
00438699.png,0,1,0,1,0,0,1,0,0,0,0,0,0,1,0,0,0,0,0,0,1
00438768.png,5,0,1,1,0,0,1,0,0,0,0,0,0,1,0,0,0,0,0,0,1
00439182.png,10,0,0,1,0,0,0,0,0,0,0,0,0,1,0,0,0,0,0,0,1
00439601.png,10,0,0,0,0,0,1,0,0,0,0,0,0,0,0,0,0,0,0,0,1
00439772.png,10,1,0,0,0,0,0,0,0,0,0,0,1,0,0,0,0,0,0,0,1
00439908.png,10,0,0,1,0,0,1,0,0,0,0,0,0,0,0,0,0,0,0,0,1
00439951.png,20,1,1,0,0,0,0,0,0,0,0,0,1,0,0,0,0,0,0,0,1
00440162.png,0,0,0,1,0,0,1,0,0,0,0,0,0,0,0,0,0,0,0,0,1
00440192.png,0,0,0,1,0,0,1,0,0,0,0,0,0,0,1,0,0,0,0,0,1
00440261.png,0,0,0,0,0,0,1,0,0,0,0,0,0,0,1,0,0,0,0,0,1
00440262.png,0,0,0,0,0,0,1,0,0,0,0,0,0,0,0,0,0,0,0,0,1
00440313.png,2,0,0,1,0,0,1,0,0,0,0,0,0,0,0,0,0,0,0,0,1
00440373.png,0,1,0,1,0,0,1,0,0,0,0,0,0,0,0,0,0,0,0,0,1
00440479.png,10,0,0,0,0,0,0,0,0,0,0,0,0,0,0,0,0,0,0,1,0
00440648.png,0,0,0,0,0,0,0,0,0,0,0,0,0,0,0,0,0,0,1,0,1
00440694.png,20,0,0,0,0,0,1,0,0,0,0,0,0,1,0,0,0,0,0,0,1
00440820.png,10,0,1,1,0,0,1,0,0,0,0,0,0,0,0,0,0,0,0,0,1
00440997.png,0,0,0,0,0,0,1,0,0,0,0,0,0,0,1,0,0,0,0,0,1
00441013.png,2,0,0,0,0,0,1,0,0,0,0,0,0,0,0,0,0,0,0,0,1
00441456.png,0,0,0,0,0,0,1,1,0,0,0,0,0,0,0,0,0,0,1,0,1
00441582.png,0,0,1,0,0,0,1,0,0,0,0,0,0,0,0,0,0,0,0,0,1
00441625.png,0,1,1,0,0,0,1,0,0,0,0,0,0,0,0,0,0,0,0,0,1
00441643.png,10,0,0,0,0,0,1,0,0,0,0,0,0,0,0,0,0,0,0,0,1
00441658.png,0,1,0,0,0,0,0,0,0,0,0,0,0,0,0,0,0,0,1,0,1
00441739.png,10,0,0,0,0,0,1,0,0,0,0,0,0,0,0,0,0,0,0,0,1
00441795.png,10,1,0,0,0,0,1,0,0,0,0,0,0,0,0,0,0,0,0,0,1
00441913.png,0,0,0,1,0,0,1,0,0,0,0,0,0,0,0,0,0,0,0,0,1
00441923.png,0,1,0,0,0,0,1,0,0,0,1,0,0,0,0,0,0,0,1,0,1
00442117.png,0,0,1,1,0,0,1,0,0,0,0,0,0,0,0,0,0,0,0,0,1
00442504.png,20,0,0,0,0,0,1,0,0,0,0,0,0,0,1,0,0,0,0,0,1
00442657.png,0,0,0,1,0,0,1,0,0,0,0,0,0,0,0,0,0,0,1,0,1
00442699.png,0,1,1,1,0,0,1,0,1,0,1,0,0,0,0,0,0,0,1,0,1
00442791.png,20,1,0,0,0,0,1,0,0,0,0,0,0,0,0,0,0,0,0,0,1
00442879.png,0,1,0,0,0,0,0,0,0,0,0,0,0,0,0,0,0,0,0,0,0
00443020.png,0,1,0,0,0,0,0,0,0,0,0,0,0,0,0,0,0,0,1,0,1
00443449.png,0,0,0,0,0,0,0,0,0,0,0,0,0,0,0,0,0,0,0,1,0
00443451.png,0,0,0,0,0,0,0,0,0,0,0,0,0,0,0,0,0,0,0,1,0
00443477.png,0,1,0,0,0,0,0,0,0,0,0,0,0,0,0,0,0,0,0,0,0
00443513.png,0,0,0,0,0,0,0,0,0,0,0,0,0,1,0,0,0,0,0,0,1
00443531.png,20,1,0,0,0,0,0,0,0,0,0,0,0,0,0,0,0,0,0,0,0
00443619.png,20,0,0,0,0,0,0,0,0,0,0,0,0,0,0,0,0,0,0,1,0
00443673.png,0,1,0,0,0,0,0,0,0,0,0,0,0,0,0,0,0,0,0,0,0
00443825.png,0,1,0,0,0,0,1,0,0,0,0,0,0,0,0,0,0,0,1,0,1
00443826.png,0,1,0,0,0,0,1,0,0,0,0,0,0,0,0,0,0,0,1,0,1
00444024.png,0,1,0,0,0,0,1,0,0,0,1,0,0,0,0,0,0,0,1,0,1
00444072.png,10,0,0,1,0,0,1,0,0,0,0,0,0,0,0,0,0,0,0,0,1
00444396.png,10,1,0,0,0,0,0,0,0,0,0,0,0,0,0,0,0,0,0,0,0
00444448.png,10,0,0,0,0,0,0,0,0,0,0,0,0,0,0,0,0,0,0,1,0
00444637.png,10,0,0,0,0,0,0,0,0,0,0,0,0,0,0,0,0,0,0,1,0
00444656.png,10,0,0,0,0,0,0,0,0,0,0,0,0,0,0,0,0,0,0,1,0
00444683.png,10,1,0,0,0,0,0,0,0,0,0,0,0,0,0,0,0,0,0,0,0
00444702.png,10,0,0,0,0,0,0,0,0,0,0,0,0,0,0,0,0,0,0,1,0
00444934.png,0,0,0,0,0,0,0,0,0,0,0,0,0,0,0,0,0,0,0,1,0
00444936.png,0,0,0,0,0,0,0,0,0,0,0,0,0,0,0,0,0,0,0,1,0
00444955.png,0,0,0,0,0,0,0,0,0,0,0,0,0,0,0,0,0,0,0,1,0
00445173.png,0,0,0,0,0,0,0,0,0,0,0,0,0,0,0,0,0,0,0,1,0
00445190.png,10,0,0,0,0,0,0,0,0,0,0,0,0,0,0,0,0,0,0,1,0
00445219.png,20,1,0,1,0,0,1,0,0,0,0,0,0,0,0,0,0,0,0,0,1
00445231.png,30,1,0,1,0,0,1,0,0,0,0,0,0,0,0,0,0,0,0,0,1
00445415.png,10,0,0,0,0,0,0,0,0,0,0,0,0,0,0,0,0,0,0,1,0
00445595.png,10,0,0,0,0,0,0,0,0,0,0,0,0,0,0,0,0,0,0,1,0
00445658.png,10,0,0,0,0,0,0,0,0,0,0,0,0,0,0,0,0,0,0,1,0
00446241.png,10,0,1,1,0,0,0,0,0,0,1,1,0,0,0,0,0,0,0,0,1
00446701.png,5,1,0,0,0,0,0,0,0,0,0,0,0,0,0,0,0,0,0,0,0
00446720.png,0,0,0,0,0,0,0,0,0,0,0,0,0,0,0,0,0,0,0,1,0
00446806.png,0,0,0,0,0,0,0,0,0,0,0,0,0,0,0,0,0,0,0,1,0
00446872.png,0,0,0,0,0,0,0,0,0,0,0,0,0,0,0,0,0,0,0,1,0
00446874.png,0,0,0,0,0,0,0,0,0,0,0,0,0,0,0,0,0,0,0,1,0
00447068.png,0,0,0,0,0,0,0,0,0,0,0,0,0,0,0,0,0,0,0,1,0
00447108.png,0,0,0,0,0,0,0,0,0,0,0,0,0,0,0,0,0,0,0,1,0
00447195.png,0,0,0,0,0,0,0,0,0,0,0,0,0,0,0,0,0,0,0,1,0
00447269.png,0,1,0,0,0,0,0,0,0,0,0,0,0,0,0,0,0,0,1,0,1
00447500.png,0,0,0,0,0,0,0,0,0,0,0,0,0,0,0,0,0,0,0,1,0
00447620.png,0,0,0,0,0,0,0,0,0,0,0,0,0,0,0,0,0,0,0,1,0
00447699.png,0,1,0,0,0,0,0,0,0,0,0,0,0,0,0,0,0,0,0,0,0
00447804.png,0,1,0,0,0,0,0,0,0,0,0,0,0,0,0,0,0,0,0,0,0
00447813.png,0,0,0,0,0,0,0,0,0,0,0,0,0,0,0,0,0,0,0,1,0
00447920.png,0,0,0,0,0,0,0,0,0,0,0,0,0,0,0,0,0,0,0,1,0
00447937.png,0,0,0,0,0,0,0,0,0,0,0,0,0,0,0,0,0,0,0,1,0
00447961.png,0,0,0,0,0,0,0,0,0,0,0,0,0,0,0,1,0,0,0,0,1
00448160.png,0,1,0,0,0,0,0,0,0,0,0,0,0,0,0,0,0,0,0,0,0
00448170.png,0,1,0,0,0,0,0,0,0,0,0,0,0,0,0,0,0,0,1,0,1
00448252.png,5,1,0,0,0,0,0,0,0,0,0,0,0,0,0,0,0,0,0,0,0
00448357.png,5,1,0,0,0,0,0,0,0,0,0,0,0,0,0,0,0,0,1,0,1
00448419.png,0,0,1,0,0,0,0,1,1,0,0,0,0,0,0,0,0,0,1,0,1
00448424.png,0,0,0,0,0,0,0,0,0,0,0,0,0,0,0,0,0,0,0,1,0
00448441.png,0,0,0,1,0,0,1,0,0,0,0,0,0,0,0,0,0,0,1,0,1
00448607.png,0,0,0,0,0,0,1,0,0,0,0,0,0,0,0,0,0,0,1,0,1
00448697.png,0,0,0,0,0,0,0,0,0,0,0,0,0,0,0,0,0,0,0,1,0
00448875.png,0,1,0,0,0,0,0,0,0,0,0,0,0,0,0,0,0,0,1,0,1
00448897.png,10,1,0,0,0,0,0,0,0,0,0,0,0,0,0,0,0,0,1,0,1
00448913.png,0,0,0,0,0,0,0,0,0,0,0,0,0,0,0,0,0,0,0,1,0
00448926.png,0,1,0,0,0,0,0,0,0,0,0,0,0,0,0,0,0,0,1,0,1
00449078.png,0,0,0,0,0,0,0,0,0,0,0,0,0,0,0,0,0,0,0,1,0
00449193.png,0,0,0,1,0,0,1,0,0,0,0,0,0,0,0,0,0,0,0,0,1
00449350.png,0,1,0,0,0,0,1,0,0,0,0,0,0,0,0,0,0,0,0,0,1
00449482.png,0,1,0,0,0,0,1,0,0,0,0,0,0,0,0,0,0,0,1,0,1
00449485.png,0,1,0,0,0,0,1,0,0,0,0,1,0,0,0,0,0,0,1,0,1
00449525.png,0,1,0,0,0,0,0,0,0,0,0,0,0,0,0,0,0,0,0,0,0
00449644.png,20,0,0,1,0,0,1,0,0,0,0,0,0,0,0,0,0,0,0,0,1
00449669.png,0,0,0,1,0,0,1,0,0,0,0,0,0,0,1,0,0,0,0,0,1
00450005.png,10,0,0,1,0,0,1,0,0,1,0,0,0,1,0,0,0,0,0,0,1
00450122.png,10,0,0,1,0,0,1,0,0,0,0,0,0,0,0,0,0,0,0,0,1
00450209.png,0,0,0,0,0,0,0,0,0,0,0,0,0,1,0,0,0,0,1,0,1
00450251.png,0,1,0,0,0,0,1,0,0,0,0,0,0,0,0,0,0,0,1,0,1
00450255.png,0,1,0,0,0,0,1,0,0,0,0,0,0,0,0,0,0,0,1,0,1
00450262.png,0,1,1,1,0,0,1,0,0,0,0,0,0,0,0,0,0,0,0,0,1
00450362.png,0,0,0,0,0,0,1,0,0,0,0,1,0,0,0,0,0,0,0,0,1
00450464.png,10,1,0,0,0,0,1,0,0,0,0,0,0,0,0,0,0,0,0,0,1
00450477.png,20,1,0,1,0,0,0,0,0,0,1,0,0,0,0,0,0,0,0,0,1
00450749.png,0,0,0,0,0,0,0,0,0,0,0,0,0,0,0,0,0,0,0,1,0
00450917.png,0,1,0,1,0,0,0,0,0,0,0,0,0,0,0,0,0,0,0,0,1
00450965.png,0,0,0,0,0,0,0,0,0,0,0,0,0,0,0,0,0,0,0,1,0
00451017.png,0,0,0,0,0,0,0,0,0,0,0,0,0,0,0,0,0,0,0,1,0
00451154.png,0,0,0,0,0,0,0,0,0,0,0,0,0,0,0,0,0,0,0,1,0
00451183.png,0,1,0,0,0,0,0,0,0,0,0,0,0,0,0,0,0,0,1,0,1
00451207.png,0,1,0,0,0,0,0,0,0,0,0,0,0,0,0,0,0,0,1,0,1
00451221.png,0,0,0,0,0,0,0,0,0,0,0,0,0,0,0,0,0,0,1,0,1
00451311.png,100,1,0,0,0,0,0,0,0,0,0,0,0,0,0,0,0,0,0,0,0
00451348.png,0,1,0,0,0,0,0,0,0,0,0,0,0,0,0,0,0,0,1,0,1
00451357.png,0,1,0,0,0,0,1,0,0,0,0,0,0,0,0,0,0,0,1,0,1
00451366.png,0,1,0,0,0,0,0,0,0,0,0,0,0,0,0,0,0,0,1,0,1
00451432.png,0,1,0,0,0,0,1,0,0,0,0,0,0,0,0,0,0,0,1,0,1
00451484.png,0,0,0,0,0,0,0,0,0,0,0,0,0,0,0,0,0,0,1,0,1
00451524.png,0,1,0,0,0,0,0,0,0,0,0,0,0,0,0,0,0,0,1,0,1
00451637.png,0,0,0,1,0,0,1,0,0,0,0,0,0,0,0,0,0,0,0,0,1
00451659.png,0,1,0,0,0,0,1,0,0,0,0,0,0,1,0,0,0,0,1,0,1
00451670.png,0,0,0,0,0,0,0,0,0,0,0,0,0,0,0,0,0,0,0,1,0
00451784.png,10,1,0,0,0,0,1,0,0,0,0,0,0,0,0,0,0,0,1,0,1
00452375.png,30,0,0,0,0,0,0,0,0,0,0,0,0,0,0,0,0,0,0,1,0
00452562.png,0,0,0,0,0,0,0,0,0,0,0,0,0,0,0,0,0,0,0,1,0
00452702.png,10,0,0,0,0,0,0,0,0,0,0,0,0,0,0,0,0,0,0,1,0
00452710.png,10,0,0,0,0,0,0,0,0,0,0,0,0,0,0,0,0,0,0,1,0
00452719.png,10,1,0,0,0,0,0,0,0,0,0,0,0,0,0,0,0,0,0,0,0
00452830.png,10,0,0,0,0,0,0,0,0,0,0,0,0,0,0,0,0,0,0,1,0
00452891.png,10,0,0,0,0,0,0,0,0,0,0,0,0,0,0,0,0,0,0,1,0
00452967.png,10,0,0,0,0,0,0,0,0,0,0,0,0,0,0,0,0,0,0,1,0
00453209.png,0,0,0,0,0,0,0,0,0,0,0,0,0,0,0,0,0,0,0,1,0
00453414.png,10,0,0,1,0,0,1,0,0,0,0,0,0,1,0,0,0,0,0,0,1
00453707.png,0,0,0,1,0,0,1,0,0,0,0,1,0,0,0,0,0,0,0,0,1
00453954.png,10,1,0,1,0,0,1,0,0,0,0,0,0,0,0,0,0,0,0,0,1
00454030.png,10,1,0,1,0,0,0,0,0,0,0,0,0,0,0,0,0,0,0,0,1
00454242.png,10,1,0,1,0,0,1,0,0,0,0,1,0,0,0,0,0,0,0,0,1
00454350.png,40,1,0,1,0,0,0,0,0,0,0,0,0,0,0,0,0,0,0,0,1
00454394.png,0,0,1,0,0,0,1,0,0,0,0,0,0,0,0,0,0,0,0,0,1
00454436.png,10,0,0,1,0,0,1,0,0,0,0,0,0,1,0,0,0,0,0,0,1
00454571.png,0,0,0,1,0,0,1,0,0,0,0,0,0,1,0,0,0,0,0,0,1
00454588.png,10,1,0,0,0,0,0,0,0,0,0,0,1,0,0,0,0,0,0,0,1
00454612.png,10,0,0,1,0,0,1,0,0,0,0,0,0,0,0,0,0,0,0,0,1
00454690.png,10,0,0,1,0,0,1,0,0,0,0,0,0,1,0,0,0,0,0,0,1
00454773.png,0,1,0,1,0,0,0,0,0,0,0,0,0,0,0,0,0,0,0,0,1
00454786.png,0,1,1,0,0,0,0,0,0,0,0,0,0,0,0,0,0,0,0,0,1
00454859.png,0,0,0,1,0,0,1,0,0,0,0,0,0,1,0,0,0,0,0,0,1
00454901.png,0,0,0,1,0,0,1,0,0,0,0,0,0,0,1,0,0,0,0,0,1
00454961.png,10,1,0,1,0,0,0,0,0,0,0,0,0,0,0,0,0,0,0,0,1
00455110.png,0,0,0,1,0,0,1,1,0,0,0,0,0,0,0,0,0,0,0,0,1
00455377.png,20,1,0,1,0,0,1,0,0,0,0,0,0,0,0,0,0,0,0,0,1
00455663.png,0,0,0,0,1,0,0,0,0,0,0,0,0,1,0,0,0,0,0,0,1
00455828.png,2,1,0,1,0,0,1,0,0,1,0,0,0,0,0,0,0,0,0,0,1
00455830.png,20,1,0,1,0,0,1,0,0,0,0,0,0,0,0,0,0,0,0,0,1
00455876.png,5,0,0,0,0,0,0,0,0,0,0,0,0,0,0,0,0,0,0,1,0
00456000.png,10,0,0,0,0,0,0,0,0,0,0,1,0,0,0,0,0,0,0,0,1
00456085.png,5,0,0,0,0,0,0,0,0,0,0,0,0,0,0,0,0,0,0,1,0
00456265.png,0,0,0,0,0,0,0,0,0,0,0,0,0,1,0,0,0,0,0,0,1
00456514.png,0,0,0,0,0,0,0,0,0,0,0,0,0,0,0,0,0,0,0,1,0
00456627.png,0,0,0,0,0,0,0,0,0,0,0,0,0,0,0,0,0,0,0,1,0
00456804.png,0,0,0,0,0,0,0,0,0,0,0,0,0,0,0,0,0,0,0,1,0
00457130.png,0,0,0,0,0,0,0,0,0,0,0,0,0,1,0,0,0,0,0,0,1
00457132.png,0,0,0,0,0,0,0,0,0,0,0,0,0,0,0,0,0,0,0,1,0
00457337.png,0,0,0,0,0,0,0,0,0,0,0,0,0,0,0,0,0,0,0,1,0
00457346.png,0,0,0,0,0,0,0,0,0,0,0,0,0,0,0,0,0,0,0,1,0
00457565.png,2,1,0,0,0,0,0,0,0,0,0,0,0,0,0,0,0,0,1,0,1
00457589.png,5,0,0,0,0,0,0,0,0,0,0,0,0,0,0,0,0,0,0,1,0
00457686.png,0,1,0,0,0,0,0,0,0,0,0,0,0,0,0,0,0,0,0,0,0
00457728.png,0,1,0,0,0,0,0,0,0,0,0,0,0,0,0,0,0,0,1,0,1
00457834.png,0,0,0,0,0,0,0,0,0,0,0,0,0,0,0,0,0,0,0,1,0
00457944.png,0,1,0,0,0,0,0,0,0,0,0,0,0,0,0,0,0,0,0,0,0
00458294.png,0,1,0,0,0,1,0,0,0,0,0,0,0,0,0,0,0,0,1,0,1
00458351.png,0,1,0,0,0,0,0,0,0,0,0,0,0,0,0,0,0,0,1,0,1
00458521.png,0,0,0,0,0,0,0,0,0,0,0,0,0,0,0,0,0,0,0,1,0
00458631.png,0,0,0,0,0,0,0,0,0,0,0,0,0,1,0,0,0,0,0,0,1
00458634.png,0,0,0,0,0,0,0,0,0,0,0,0,0,0,0,0,0,0,0,1,0
00458855.png,0,0,0,0,0,0,0,0,0,0,0,0,0,0,0,0,0,0,0,1,0
00458960.png,0,0,0,0,0,0,0,0,0,0,0,0,0,0,0,0,0,0,0,1,0
00458982.png,0,1,0,0,0,0,0,0,0,0,0,0,0,0,0,0,0,0,0,0,0
00459033.png,10,0,0,0,0,0,0,0,0,0,0,0,0,0,0,0,0,0,0,1,0
00459270.png,0,0,0,0,0,0,0,0,0,0,0,0,0,0,0,0,0,0,0,1,0
00459329.png,0,1,0,0,0,0,0,0,0,0,0,0,0,0,0,0,0,0,1,0,1
00459604.png,0,0,0,0,0,0,0,0,0,0,0,0,0,0,0,0,0,0,0,1,0
00459655.png,0,0,0,0,0,0,0,0,0,0,0,0,0,0,0,0,0,0,0,1,0
00459770.png,0,0,0,0,0,0,0,0,0,0,0,0,0,1,0,0,0,0,0,0,1
00459990.png,0,0,0,0,0,0,0,0,0,0,0,0,0,0,0,0,0,0,0,1,0
00460061.png,0,1,0,0,0,0,0,0,0,0,0,0,0,0,0,0,0,0,1,0,1
00460131.png,0,0,0,0,0,0,0,0,0,0,0,0,0,0,0,0,0,0,0,1,0
00460228.png,0,1,0,0,0,0,0,0,0,0,0,0,0,0,0,0,0,0,1,0,1
00460380.png,0,1,0,0,0,0,0,0,0,0,0,0,0,0,0,0,0,0,1,0,1
00460386.png,0,0,0,0,0,0,0,0,0,0,0,0,0,0,0,0,0,0,0,1,0
00460716.png,0,0,0,0,0,0,0,0,0,0,0,0,0,0,0,0,0,0,0,1,0
00460931.png,0,0,0,0,0,0,0,0,0,0,0,0,0,1,0,0,0,0,0,0,1
00460939.png,0,0,0,0,0,0,0,0,0,0,0,0,0,0,0,0,0,0,0,1,0
00461148.png,10,0,0,0,0,0,0,0,0,0,0,0,0,0,0,0,0,0,0,1,0
00461171.png,0,1,0,0,0,0,0,0,0,0,0,0,0,0,0,0,0,0,1,0,1
00461214.png,0,1,0,0,0,0,0,0,0,0,1,0,0,0,0,0,0,0,1,0,1
00461444.png,0,0,0,0,0,0,0,0,0,0,0,0,0,0,0,0,0,0,0,1,0
00461618.png,0,0,0,0,0,0,0,0,0,0,0,0,0,0,0,0,0,0,0,1,0
00461658.png,0,1,0,0,0,0,1,0,0,0,0,0,0,0,0,0,0,0,1,0,1
00461971.png,0,0,0,0,0,0,0,0,0,0,0,0,0,1,0,0,0,0,0,0,1
00462062.png,0,0,0,0,0,0,0,0,0,0,0,0,0,1,0,0,0,0,0,0,1
00462153.png,0,1,0,0,0,0,0,0,0,0,0,0,0,0,0,0,0,0,1,0,1
00462583.png,10,0,0,0,0,0,0,0,0,0,0,0,0,0,0,0,0,0,0,1,0
00462652.png,10,0,0,0,1,0,1,0,0,0,0,0,0,0,0,0,0,0,0,0,1
00462729.png,10,1,0,0,0,0,0,0,0,0,0,0,0,0,0,0,0,0,0,0,0
00462734.png,10,0,0,0,0,0,0,0,0,0,0,0,0,0,0,0,0,0,0,1,0
00462990.png,0,0,0,0,0,0,0,0,0,0,0,0,0,0,0,0,0,0,0,1,0
00463017.png,0,0,0,0,0,0,0,0,0,0,0,0,0,0,0,0,0,0,0,1,0
00463316.png,0,0,0,0,0,0,0,0,0,0,0,0,0,0,0,0,0,0,0,1,0
00463330.png,0,0,0,0,0,0,0,0,0,0,0,0,0,0,0,0,0,0,0,1,0
00463904.png,10,0,0,1,0,0,1,0,0,0,0,1,0,0,0,0,0,0,0,0,1
00463917.png,10,1,0,0,0,0,0,0,0,0,0,0,0,0,0,0,0,0,0,0,0
00463953.png,0,1,0,0,0,0,0,0,0,0,0,0,0,0,0,0,0,0,0,0,0
00463990.png,0,0,0,1,0,0,0,0,0,0,0,1,0,0,1,0,0,0,0,0,1
00463996.png,0,0,0,1,0,0,1,0,0,0,0,1,0,0,0,0,0,0,0,0,1
00464109.png,10,0,0,1,0,0,1,0,0,0,0,0,0,0,0,0,0,0,0,0,1
00464204.png,10,1,0,1,0,0,0,0,0,0,0,0,0,0,0,0,0,0,0,0,1
00464252.png,20,1,0,1,0,0,0,0,0,0,0,0,0,0,0,0,0,0,0,0,1
00464292.png,5,0,0,1,0,0,0,0,0,0,0,1,0,1,0,0,0,0,0,0,1
00464309.png,0,1,0,1,0,0,0,0,0,0,0,0,0,0,0,0,0,0,0,0,1
00464321.png,0,0,1,1,0,0,0,0,0,0,0,0,0,0,1,0,0,0,0,0,1
00464399.png,0,0,0,1,0,0,1,0,0,0,0,0,0,1,0,0,0,0,0,0,1
00464559.png,10,1,0,0,0,0,0,0,0,0,0,0,0,0,0,0,0,0,0,0,0
00464628.png,0,0,0,1,0,0,0,0,0,0,0,1,0,0,0,0,0,0,0,0,1
00464629.png,5,1,0,1,0,0,1,0,0,0,0,0,0,0,0,0,0,0,0,0,1
00464749.png,0,1,0,1,0,0,1,0,0,0,1,1,0,0,0,0,0,0,0,0,1
00464772.png,0,1,0,1,0,0,0,0,0,0,0,1,0,0,0,0,0,0,0,0,1
00464795.png,0,0,0,1,0,0,0,0,0,0,1,0,0,1,0,0,0,0,0,0,1
00464931.png,0,0,0,1,0,0,0,0,0,0,0,1,0,1,0,0,0,0,0,0,1
00465348.png,0,0,0,1,0,0,0,0,0,0,0,0,0,1,0,0,0,0,0,0,1
00465480.png,0,0,0,1,0,0,1,0,0,0,1,0,0,0,1,0,0,0,0,0,1
00465541.png,0,0,0,1,0,0,1,0,0,0,0,0,0,1,0,0,0,0,0,0,1
00465598.png,10,1,0,0,0,0,0,0,0,0,0,0,0,0,0,0,0,0,0,0,0
00465642.png,0,0,0,1,0,0,1,0,0,0,0,0,0,1,0,0,0,0,0,0,1
00465734.png,10,1,0,1,0,0,0,0,0,0,0,0,0,0,0,0,0,0,0,0,1
00465853.png,0,0,0,1,0,0,1,0,0,0,0,0,0,0,0,0,0,0,0,0,1
00466155.png,0,0,0,1,0,0,0,0,0,0,0,0,0,1,0,0,0,0,0,0,1
00466169.png,0,0,0,1,0,0,0,0,0,0,0,0,0,0,0,0,0,0,0,0,1
00466205.png,0,0,0,0,0,0,1,0,0,0,0,0,0,0,1,0,0,0,0,0,1
00466270.png,0,0,0,1,0,0,0,0,0,0,0,0,0,1,0,0,0,0,0,0,1
00466620.png,0,0,0,1,0,0,1,0,0,0,0,1,0,0,0,0,0,0,0,0,1
00466756.png,0,0,1,1,0,0,0,0,0,0,0,0,0,0,0,0,0,0,0,0,1
00466846.png,5,1,0,1,0,0,0,0,0,0,0,0,0,1,0,0,0,0,0,0,1
00467192.png,0,1,0,0,0,0,0,0,0,0,0,0,0,0,0,0,0,0,0,0,0
00467357.png,5,1,0,1,0,0,0,0,0,0,0,0,0,0,0,0,0,0,0,0,1
00467408.png,5,0,0,1,0,0,1,0,0,0,0,1,0,0,0,0,0,0,0,0,1
00467488.png,20,1,0,1,0,0,0,0,0,0,0,1,0,0,0,0,0,0,0,0,1
00467587.png,40,1,0,1,0,0,0,0,0,0,0,1,0,0,0,0,0,0,0,0,1
00467645.png,40,0,0,1,0,0,0,0,0,0,1,1,0,0,0,0,0,0,0,0,1
00467798.png,10,0,0,1,0,0,1,0,0,0,0,1,0,0,0,0,0,0,0,0,1
00467825.png,10,0,0,0,0,0,0,0,0,0,0,0,0,0,0,0,0,0,0,1,0
00468080.png,10,0,0,0,0,0,0,0,0,0,0,0,0,0,0,0,0,0,0,1,0
00468289.png,10,0,0,0,0,0,0,0,0,0,0,0,0,0,0,0,0,0,0,1,0
00468388.png,10,0,0,0,0,0,0,0,0,0,0,0,0,0,0,0,0,0,0,1,0
00468484.png,10,0,0,0,0,0,0,0,0,0,0,0,0,0,0,0,0,0,0,1,0
00468651.png,10,0,0,0,0,1,0,0,0,0,0,0,0,0,0,0,0,0,0,0,1
00468689.png,10,0,0,0,0,0,0,0,0,0,0,0,0,0,0,0,0,0,0,1,0
00468695.png,10,0,0,0,0,0,1,0,0,0,0,0,0,0,0,0,0,0,0,0,1
00468786.png,10,0,0,0,0,0,0,0,0,0,0,0,0,0,0,0,0,0,0,1,0
00468811.png,10,0,0,0,0,0,1,0,0,1,0,1,0,0,0,0,0,0,0,0,1
00469306.png,0,0,0,1,0,0,1,0,0,0,1,0,0,0,0,0,0,0,0,0,1
00469340.png,0,1,0,0,0,0,1,0,0,0,1,0,0,0,0,0,0,0,1,0,1
00469374.png,5,1,0,1,0,0,1,0,0,0,0,0,0,0,0,0,0,0,0,0,1
00469692.png,0,1,0,0,0,0,1,0,0,0,0,0,0,0,0,0,0,0,1,0,1
00469885.png,10,1,0,0,0,0,0,0,0,0,0,1,0,0,0,0,0,0,1,0,1
00470280.png,40,1,0,1,0,0,1,0,0,0,0,0,0,0,0,0,0,0,0,0,1
00470586.png,0,1,0,0,0,0,0,0,0,0,0,0,0,0,0,0,0,0,0,0,0
00470642.png,0,0,0,0,0,0,1,0,0,0,0,0,0,1,0,0,0,0,0,0,1
00470662.png,0,1,0,1,0,0,1,0,0,0,0,0,0,0,0,0,0,0,0,0,1
00470665.png,10,0,0,0,0,0,1,0,0,0,0,0,0,1,0,0,0,0,0,0,1
00470673.png,0,0,0,1,0,0,0,0,0,0,0,0,0,1,0,0,0,0,0,0,1
00470758.png,10,0,0,0,0,0,1,0,0,1,0,0,0,0,0,0,0,0,0,0,1
00470825.png,10,0,0,1,0,0,1,0,0,0,1,0,0,0,0,0,0,0,0,0,1
00470909.png,10,0,0,0,0,0,0,0,0,0,0,0,0,0,0,0,0,0,0,1,0
00471137.png,5,0,0,1,0,0,0,0,0,0,0,0,0,0,0,0,0,0,0,0,1
00471355.png,10,0,0,1,0,0,1,0,0,0,0,0,0,0,0,0,0,0,0,0,1
00471365.png,10,1,0,0,0,0,0,0,0,0,0,0,0,0,0,0,0,0,0,0,0
00471547.png,10,1,1,1,0,0,1,0,0,1,0,1,0,0,0,0,0,0,0,0,1
00471780.png,10,0,1,0,0,0,1,0,0,0,0,0,0,0,0,0,0,0,0,0,1
00471825.png,5,1,0,0,0,0,0,0,0,0,0,0,0,0,0,0,0,0,0,0,0
00471942.png,10,1,0,1,0,0,1,0,0,0,0,0,0,0,0,0,0,0,0,0,1
00472582.png,5,1,0,0,0,0,0,0,0,0,0,0,0,0,0,0,0,0,0,0,0
00472920.png,0,1,0,1,0,0,1,0,0,0,0,0,0,0,0,0,0,0,0,0,1
00472924.png,0,0,0,1,0,0,1,0,0,0,0,1,0,0,0,0,0,0,0,0,1
00473018.png,5,1,0,1,0,0,1,0,0,0,0,0,1,0,0,0,0,0,0,0,1
00473222.png,5,1,0,1,0,0,1,0,0,0,0,0,0,0,0,0,0,0,0,0,1
00473425.png,10,0,0,0,0,0,0,0,0,0,0,0,0,0,0,0,0,0,0,1,0
00473433.png,10,0,0,0,0,0,0,0,0,0,0,0,0,1,0,0,0,0,0,0,1
00473502.png,0,1,0,0,0,0,0,0,0,0,0,0,0,0,0,0,0,0,1,0,1
00473508.png,0,1,0,0,0,0,0,0,0,0,0,0,0,0,0,0,0,0,1,0,1
00473522.png,10,1,0,0,0,0,0,0,0,0,0,0,0,0,0,0,0,0,1,0,1
00473538.png,0,0,0,0,0,0,0,0,0,0,0,0,0,0,0,0,0,0,0,1,0
00473907.png,0,1,0,0,0,0,1,0,0,0,0,0,0,0,0,0,0,0,0,0,1
00474142.png,0,1,0,0,0,0,1,0,0,0,1,1,0,0,0,0,0,0,0,0,1
00474149.png,0,0,0,1,0,0,1,0,0,0,1,1,0,1,0,0,0,0,0,0,1
00474522.png,0,1,0,1,0,0,1,0,0,0,0,0,0,0,0,0,0,0,1,0,1
00474733.png,0,0,0,1,0,0,0,0,1,0,0,0,0,0,0,0,0,0,0,0,1
00474781.png,0,0,0,1,0,0,1,0,0,0,0,0,0,1,0,0,0,0,0,0,1
00475129.png,0,0,0,1,0,0,1,0,0,0,0,0,0,0,0,0,0,0,1,0,1
00475341.png,5,1,0,1,0,0,1,0,0,0,0,1,0,0,0,0,0,0,0,0,1
00475686.png,5,0,0,1,0,0,1,0,0,0,1,0,0,0,0,0,0,0,0,0,1
00475691.png,5,0,0,1,0,0,1,0,0,1,1,1,0,1,0,0,0,0,0,0,1
00475820.png,10,0,0,0,0,0,0,0,0,0,0,0,0,0,0,0,0,0,0,1,0
00475901.png,10,0,0,0,0,0,0,0,0,0,0,0,0,0,0,0,0,0,0,1,0
00475953.png,10,0,0,0,0,0,0,0,0,0,0,0,0,0,0,0,0,0,0,1,0
00476177.png,0,0,0,0,0,0,0,0,0,0,0,0,0,0,0,0,0,0,0,1,0
00476310.png,0,0,0,0,0,0,0,0,0,0,0,0,0,0,0,0,0,0,0,1,0
00476422.png,10,0,0,0,0,0,0,0,0,0,0,0,0,0,0,0,0,0,0,1,0
00476679.png,10,1,0,0,0,0,1,0,0,0,0,0,0,0,0,0,0,0,0,0,1
00477072.png,40,0,0,0,0,0,0,0,0,0,0,0,0,0,0,0,0,0,0,1,0
00477166.png,50,1,0,0,0,0,0,0,0,0,0,1,0,0,0,0,0,0,0,0,1
00477190.png,10,0,0,0,0,0,0,0,1,1,0,0,0,0,0,0,0,0,0,0,1
00477297.png,20,0,0,0,0,0,0,0,0,0,0,1,0,0,0,0,0,0,0,0,1
00477330.png,20,0,0,0,0,0,0,0,0,0,0,0,0,0,0,0,0,0,0,1,0
00477522.png,20,0,0,0,0,1,0,0,0,0,0,0,0,0,0,0,0,0,1,0,1
00477579.png,20,0,0,0,0,0,0,0,0,0,0,0,0,0,0,0,0,0,0,1,0
00477623.png,30,1,0,0,0,0,0,0,0,0,0,0,0,0,0,0,0,0,0,0,0
00477915.png,0,0,0,0,0,0,0,0,0,0,0,0,0,0,0,0,0,0,0,1,0
00478271.png,0,0,0,0,0,0,0,0,0,0,0,0,0,0,0,0,0,0,0,1,0
00478332.png,0,0,0,0,0,0,0,0,0,0,0,0,0,1,0,0,0,0,0,0,1
00478386.png,0,0,0,0,0,0,0,0,0,0,0,0,0,0,0,0,0,0,0,1,0
00478547.png,0,0,0,0,0,0,0,0,0,0,0,0,0,0,0,0,0,0,1,0,1
00478574.png,0,0,0,0,0,0,0,0,0,0,0,0,0,1,0,0,0,0,0,0,1
00478577.png,0,0,0,0,0,0,0,0,0,0,0,0,0,0,0,0,0,0,0,1,0
00478629.png,0,0,0,0,0,0,0,0,0,0,0,0,0,0,0,0,0,0,0,1,0
00478636.png,0,0,0,0,0,0,0,0,0,0,0,0,0,0,0,0,0,0,0,1,0
00478664.png,0,1,0,0,0,0,0,0,0,0,0,0,0,0,0,0,0,0,0,0,0
00478688.png,5,0,0,0,0,0,0,0,0,0,0,0,0,0,0,0,0,0,0,1,0
00478759.png,5,0,0,0,0,0,0,0,0,0,0,0,0,1,0,0,0,0,0,0,1
00478908.png,0,0,0,0,0,0,0,0,0,0,0,0,0,1,0,0,0,0,0,0,1
00478947.png,0,0,0,0,0,0,0,0,0,0,0,0,0,0,0,0,0,0,0,1,0
00478958.png,0,0,0,0,0,0,0,0,0,0,0,0,0,0,0,0,0,0,1,0,1
00479012.png,0,1,0,0,0,0,0,0,0,0,1,0,0,0,0,0,0,0,0,0,1
00479030.png,0,0,0,0,0,0,0,0,0,0,0,0,0,0,0,0,0,0,0,1,0
00479034.png,0,0,0,0,0,0,0,0,0,0,0,0,0,0,0,0,0,0,0,1,0
00479246.png,5,0,0,0,0,0,0,0,0,0,0,0,0,0,0,0,0,0,0,1,0
00479318.png,0,0,0,0,0,0,0,0,0,0,0,0,0,0,0,0,0,0,0,1,0
00479388.png,0,0,0,0,0,0,0,0,0,0,0,0,0,0,0,0,0,0,0,1,0
00479407.png,5,0,0,0,0,0,0,0,0,0,0,0,0,0,0,0,0,0,0,1,0
00479466.png,5,0,0,0,0,0,0,0,0,0,0,0,0,0,0,0,0,0,0,1,0
00479483.png,5,1,0,0,0,0,0,0,0,0,0,0,0,0,0,0,0,0,0,0,0
00479601.png,0,0,0,0,0,0,0,0,0,0,0,0,0,1,0,0,0,0,0,0,1
00479640.png,0,0,0,0,0,0,0,0,0,0,0,0,0,1,0,0,0,0,0,0,1
00479763.png,0,0,0,0,0,0,0,0,0,0,0,0,0,0,0,0,0,0,0,1,0
00479803.png,5,0,0,0,0,0,0,0,0,0,0,0,0,0,0,0,0,0,0,1,0
00479843.png,5,0,0,0,0,0,0,0,0,0,0,0,0,0,0,0,0,0,0,1,0
00479878.png,5,0,0,0,0,0,0,0,0,0,0,0,0,0,0,0,0,0,0,1,0
00480006.png,5,0,0,0,0,0,0,0,0,0,0,0,0,0,0,0,0,0,0,1,0
00480030.png,5,0,0,0,0,0,0,0,0,0,0,0,0,0,0,0,0,0,0,1,0
00480199.png,10,0,0,0,0,0,0,0,0,0,0,0,0,0,0,0,0,0,0,1,0
00480324.png,10,0,0,0,0,0,0,0,0,0,0,0,0,0,0,0,0,0,0,1,0
00480490.png,10,0,0,0,0,0,0,0,0,0,0,0,0,0,0,0,0,0,0,1,0
00480556.png,0,0,0,0,0,0,0,0,0,0,0,0,0,1,0,0,0,0,1,0,1
00480611.png,0,0,0,0,0,0,0,0,0,0,0,0,0,0,0,0,0,0,0,1,0
00480616.png,0,0,0,0,0,0,0,0,0,0,0,0,0,0,0,0,0,0,0,1,0
00480798.png,10,1,0,0,0,0,0,0,0,0,0,0,0,0,0,0,0,0,1,0,1
00480852.png,10,0,0,0,0,0,0,0,0,0,0,0,0,0,0,0,0,0,0,1,0
00481100.png,0,1,0,0,0,0,0,0,0,0,0,0,0,0,0,0,0,0,0,0,0
00481124.png,0,1,1,0,0,0,0,0,0,0,1,0,0,0,0,0,0,0,0,0,1
00481154.png,20,0,0,0,0,0,0,0,0,0,0,0,0,0,0,0,0,0,0,1,0
00481258.png,0,0,0,1,0,0,1,0,0,0,1,0,0,0,0,0,0,0,0,0,1
00481296.png,10,0,0,1,0,0,1,0,0,0,0,0,0,0,1,0,0,0,0,0,1
00481769.png,0,0,0,0,0,0,1,0,0,0,0,0,0,0,0,0,0,0,1,0,1
00482013.png,70,0,0,0,0,0,0,0,0,0,0,0,0,0,0,0,0,0,0,1,0
00482221.png,10,0,0,1,0,0,1,0,0,0,0,0,0,0,1,0,0,0,0,0,1
00482256.png,10,0,0,0,0,0,0,0,0,0,0,0,0,0,0,0,0,0,0,1,0
00482293.png,10,0,0,0,0,0,0,0,0,0,0,0,0,0,0,0,0,0,0,1,0
00482437.png,10,0,0,0,0,0,0,0,0,0,0,0,0,0,0,0,0,0,0,1,0
00482480.png,10,0,0,0,0,0,0,0,0,0,0,0,0,0,0,0,0,0,0,1,0
00482523.png,0,1,0,1,0,0,1,0,0,0,0,0,0,0,0,0,0,0,1,0,1
00482562.png,10,1,0,0,0,0,0,0,0,0,0,0,0,0,0,0,0,0,0,0,0
00482815.png,10,1,0,0,0,0,1,0,0,0,0,0,0,1,0,0,0,0,0,0,1
00482846.png,0,1,0,1,0,0,1,0,0,0,0,0,0,0,0,0,0,0,1,0,1
00482853.png,10,0,0,0,0,0,1,0,0,0,0,0,0,0,0,0,0,0,0,0,1
00482895.png,0,0,0,0,0,0,1,0,0,0,0,0,0,0,0,0,0,0,0,0,1
00482897.png,0,0,0,0,0,0,1,0,0,0,0,0,0,0,0,0,0,0,1,0,1
00482948.png,10,1,0,0,0,0,1,0,0,0,0,0,0,0,0,0,0,0,0,0,1
00483177.png,10,0,0,0,0,0,1,0,0,0,0,0,0,0,0,0,0,0,0,0,1
00483327.png,0,0,0,1,0,0,1,0,0,1,0,0,0,0,0,0,0,0,0,0,1
00483357.png,0,0,0,0,0,0,0,0,0,0,0,0,0,0,0,0,0,0,0,1,0
00483461.png,10,0,0,1,0,0,0,0,0,0,0,0,0,0,0,0,0,0,1,0,1
00483556.png,10,0,0,0,0,0,0,0,0,0,0,0,0,0,0,0,0,0,0,1,0
00483568.png,10,0,0,0,0,0,0,0,0,0,0,0,0,0,0,0,0,0,0,1,0
00483589.png,5,0,0,0,0,1,0,0,0,0,1,0,0,0,0,0,0,0,0,0,1
00483619.png,10,0,0,1,0,0,1,0,0,0,1,0,0,0,0,0,0,0,0,0,1
00483768.png,20,0,0,0,0,0,0,0,0,0,0,0,0,0,0,0,0,0,0,1,0
00483797.png,0,1,0,1,0,0,1,0,0,0,0,0,0,0,0,0,0,0,0,0,1
00484136.png,10,1,0,0,0,0,0,0,0,0,0,0,0,0,0,0,0,0,1,0,1
00484384.png,40,0,0,0,0,0,0,0,0,0,0,0,0,0,0,0,0,0,0,1,0
00484403.png,10,0,1,1,0,0,1,0,0,0,0,1,0,0,0,0,0,0,0,0,1
00484750.png,10,1,0,0,0,0,0,0,0,0,0,0,0,0,0,0,0,0,0,0,0
00484804.png,10,1,0,0,0,0,0,0,0,0,0,0,0,0,0,0,0,0,0,0,0
00484861.png,0,0,0,0,0,0,0,0,0,0,0,0,0,1,0,0,0,0,0,0,1
00484920.png,50,1,0,0,0,0,0,0,0,0,0,0,0,0,0,0,0,0,0,0,0
00485045.png,10,0,0,0,0,0,0,0,0,0,0,0,0,0,0,0,0,0,0,1,0
00485073.png,10,0,0,0,0,0,0,0,0,0,0,0,0,0,0,0,0,0,0,1,0
00485092.png,10,0,0,0,0,0,0,0,0,0,0,0,0,0,0,0,0,0,0,1,0
00485258.png,0,1,0,1,0,0,1,1,0,0,0,0,0,0,0,0,0,0,1,0,1
00485283.png,0,0,0,1,0,0,1,0,0,0,0,0,0,1,0,0,0,0,1,0,1
00485599.png,10,1,0,0,0,0,0,0,0,0,0,0,0,0,0,0,0,0,0,0,0
00486065.png,20,0,0,1,0,0,0,0,0,0,0,0,0,0,0,0,0,0,0,0,1
00486260.png,0,1,0,0,0,0,0,0,0,0,0,0,0,0,0,0,0,0,1,0,1
00486290.png,10,1,0,0,0,0,0,0,0,0,0,0,0,0,0,0,0,0,1,0,1
00486326.png,10,0,0,0,0,0,0,0,0,0,0,0,0,0,0,0,0,0,0,1,0
00486327.png,10,0,0,0,0,0,0,0,0,0,0,0,0,0,0,0,0,0,0,1,0
00486347.png,10,0,0,0,0,0,0,0,0,0,0,0,0,0,0,0,0,0,0,1,0
00486372.png,20,0,0,0,0,0,0,0,0,0,0,0,0,0,0,0,0,0,0,1,0
00486655.png,10,0,0,0,0,0,0,0,0,0,0,0,0,0,0,0,0,0,0,1,0
00486656.png,10,0,0,0,0,0,0,0,0,0,0,0,0,0,0,0,0,0,0,1,0
00486733.png,20,0,0,0,0,0,0,0,0,0,0,0,0,0,0,0,0,0,0,1,0
00486859.png,10,0,0,0,0,0,1,0,0,0,0,0,0,0,0,0,0,0,0,0,1
00486900.png,10,0,0,0,0,0,0,0,0,0,0,0,0,0,0,0,0,0,0,1,0
00486945.png,10,0,0,0,0,0,1,0,0,0,0,0,0,0,0,0,0,0,0,0,1
00486952.png,10,0,0,0,0,0,0,0,0,0,0,0,0,0,0,0,0,0,1,0,1
00487075.png,10,1,0,1,0,0,1,0,0,0,0,0,0,0,0,0,0,0,0,0,1
00487096.png,10,1,0,0,0,0,0,0,0,0,0,0,0,0,0,0,0,0,0,0,0
00487116.png,10,0,0,1,0,0,1,1,0,0,0,0,0,0,0,0,0,0,1,0,1
00487157.png,10,0,0,1,0,0,1,0,0,0,0,0,0,0,0,0,0,0,0,0,1
00487557.png,10,0,0,1,0,0,1,0,0,0,0,0,0,0,0,0,0,0,1,0,1
00487615.png,10,1,0,1,0,0,1,0,0,0,0,0,0,0,0,0,0,0,0,0,1
00487656.png,10,0,0,0,0,0,0,0,0,0,0,0,0,0,0,0,0,0,0,1,0
00487816.png,0,1,0,0,0,0,0,0,0,0,0,0,0,0,0,0,0,0,1,0,1
00487966.png,20,1,0,0,0,0,1,0,0,0,1,0,0,0,0,0,0,0,0,0,1
00488021.png,10,1,0,1,0,0,1,0,1,0,0,0,0,0,0,0,0,0,0,0,1
00488052.png,10,0,0,0,0,0,0,0,0,0,0,0,0,0,0,1,0,0,0,0,1
00488211.png,10,0,0,1,0,0,1,0,0,0,0,0,0,0,0,0,0,0,0,0,1
00488220.png,0,1,0,1,0,0,1,0,0,0,0,0,0,0,0,0,0,0,0,0,1
00488335.png,0,1,0,0,0,0,0,0,0,0,0,0,0,0,0,0,0,0,0,0,0
00488376.png,10,0,0,1,0,0,1,0,0,0,0,0,0,0,0,0,0,0,1,0,1
00488388.png,10,1,0,0,0,0,0,0,0,0,0,0,0,0,0,0,0,0,0,0,0
00488862.png,10,1,0,1,0,0,1,0,0,0,0,0,0,0,0,0,0,0,0,0,1
00488869.png,10,0,0,1,0,0,1,0,0,0,0,0,0,0,0,0,0,0,0,0,1
00488872.png,10,1,0,0,0,0,0,0,0,0,0,0,0,0,0,0,0,0,1,0,1
00489088.png,10,0,0,0,0,0,0,0,0,0,0,0,0,0,0,0,0,0,0,1,0
00489193.png,0,1,0,0,0,0,0,0,0,0,0,0,0,0,0,0,0,0,1,0,1
00489226.png,0,0,0,1,0,0,1,0,0,0,0,0,0,0,0,0,0,0,0,0,1
00489263.png,0,0,0,0,0,0,0,0,0,0,0,0,0,1,0,0,0,0,0,0,1
00489624.png,0,1,1,0,0,0,1,0,0,0,0,0,0,0,0,0,0,0,1,0,1
00489683.png,10,0,0,0,0,0,0,0,0,0,0,0,0,0,0,0,0,0,0,1,0
00489849.png,10,1,0,0,0,0,1,0,0,0,0,0,0,0,0,0,0,0,0,0,1
00490102.png,10,1,0,1,0,0,1,0,0,0,0,0,0,0,0,0,0,0,1,0,1
00490209.png,10,0,0,1,0,0,1,0,0,0,0,0,0,0,0,0,0,0,0,0,1
00490227.png,10,1,0,0,0,0,0,0,0,0,0,0,0,0,0,0,0,0,0,0,0
00490552.png,0,1,0,0,0,0,1,0,0,0,0,0,0,0,0,0,0,0,0,0,1
00490562.png,0,1,0,0,0,0,1,0,0,0,0,0,0,0,0,0,0,0,1,0,1
00490646.png,0,1,0,0,0,0,0,0,0,0,0,0,0,0,0,0,0,0,1,0,1
00490652.png,10,0,0,1,0,0,0,0,0,0,0,0,0,0,0,0,0,0,0,0,1
00490756.png,0,0,1,1,0,0,1,0,0,0,1,0,0,0,0,0,0,0,0,0,1
00490923.png,0,0,0,0,0,0,1,0,0,0,0,0,0,0,0,0,0,0,0,0,1
00490948.png,0,1,0,0,0,0,0,0,0,0,0,0,0,0,0,0,0,0,1,0,1
00491003.png,10,1,0,0,0,0,1,1,0,0,0,0,0,0,0,0,0,0,1,0,1
00491231.png,0,0,0,0,0,0,0,0,0,0,0,0,0,0,0,0,0,0,0,1,0
00491283.png,0,1,1,0,0,0,1,0,1,0,0,0,0,0,0,0,0,0,1,0,1
00491351.png,0,1,1,0,0,0,0,0,0,1,0,0,0,0,0,0,0,0,0,0,1
00491364.png,70,1,0,0,0,0,0,0,0,0,0,0,0,0,0,0,0,0,1,0,1
00491419.png,10,0,0,0,0,0,1,0,0,0,0,0,0,0,0,0,0,0,0,0,1
00491502.png,10,0,0,0,0,0,0,0,0,0,0,0,0,0,0,0,0,0,0,1,0
00491916.png,10,0,0,0,0,0,0,0,0,0,0,0,0,0,0,0,0,0,0,1,0
00491953.png,10,0,0,0,0,0,0,0,0,0,0,0,0,0,0,0,0,0,0,1,0
00492031.png,10,1,0,0,0,0,0,0,0,0,0,0,0,1,0,0,0,0,1,0,1
00492229.png,10,0,0,0,0,0,0,0,0,0,0,0,0,0,0,0,0,0,0,1,0
00492248.png,10,0,0,0,0,0,0,0,0,0,0,0,0,0,0,0,0,0,0,1,0
00492420.png,0,1,0,1,0,0,1,0,0,0,0,0,0,0,0,0,0,0,1,0,1
00492624.png,10,1,0,0,0,0,1,0,0,0,0,0,0,0,0,0,0,0,1,0,1
00492710.png,0,1,0,1,0,0,1,0,0,0,0,0,0,0,0,0,0,0,0,0,1
00492969.png,10,0,0,0,0,0,0,0,0,0,0,0,0,0,0,1,0,0,0,0,1
00492989.png,0,1,0,1,0,0,1,0,0,0,1,0,0,0,0,0,0,0,0,0,1
00493315.png,0,0,0,0,0,0,0,0,0,0,0,0,0,0,0,0,0,0,0,1,0
00493418.png,10,0,0,0,0,0,0,0,0,0,0,0,0,0,0,0,0,0,0,1,0
00493440.png,10,0,0,0,0,0,0,0,0,0,0,0,0,0,0,0,0,0,0,1,0
00493569.png,0,0,0,0,0,0,0,0,0,0,0,0,0,0,0,0,0,0,0,1,0
00493582.png,0,0,0,0,0,0,0,0,0,0,0,0,0,0,0,0,0,0,0,1,0
00493748.png,0,1,0,0,0,0,0,0,0,0,0,0,0,0,0,0,0,0,0,0,0
00493800.png,0,0,0,0,0,0,0,0,0,0,0,0,0,0,0,0,0,0,0,1,0
00493970.png,0,0,0,0,0,0,0,0,0,0,0,0,0,1,0,0,0,0,0,0,1
00494124.png,0,1,0,0,0,0,0,0,0,0,1,0,0,0,0,0,0,0,1,0,1
00494210.png,0,1,0,0,0,0,0,0,0,0,0,0,0,0,0,0,0,0,0,0,0
00494213.png,0,0,0,0,0,0,0,0,0,0,0,0,0,0,0,0,0,0,0,1,0
00494842.png,0,0,0,0,0,0,0,0,0,0,0,0,0,0,0,0,0,0,0,1,0
00495075.png,0,0,0,0,0,0,0,0,0,0,0,0,0,0,0,0,0,0,0,1,0
00495126.png,0,0,0,0,0,0,0,0,0,0,0,0,0,0,0,0,0,0,0,1,0
00495158.png,10,0,0,0,0,0,0,0,0,0,0,0,0,0,0,0,0,0,0,1,0
00495248.png,5,0,0,0,0,0,0,0,0,0,0,0,0,0,0,0,0,0,0,1,0
00495544.png,0,1,0,0,0,0,0,0,0,0,0,0,0,0,0,0,0,0,1,0,1
00495725.png,0,0,0,0,0,0,0,0,0,0,0,0,0,1,0,0,0,0,0,0,1
00495752.png,0,1,0,0,0,0,0,0,0,0,0,0,0,0,0,0,0,0,0,0,0
00495979.png,0,0,0,0,0,0,0,0,0,0,0,0,0,0,0,0,0,0,0,1,0
00496014.png,0,0,0,0,0,0,0,0,0,0,0,0,0,0,0,0,0,0,0,1,0
00496149.png,0,0,0,0,0,0,0,0,0,0,0,0,0,0,0,0,0,0,0,1,0
00496343.png,0,0,0,0,0,0,0,0,0,0,0,0,0,0,0,0,0,0,0,1,0
00496345.png,0,1,0,0,0,0,0,0,0,0,0,0,0,0,0,0,0,0,0,0,0
00496641.png,0,0,0,0,0,0,0,0,0,0,0,0,0,0,0,0,0,0,0,1,0
00496839.png,5,0,0,0,0,0,1,0,0,0,1,0,0,0,0,0,0,0,0,0,1
00496978.png,5,0,0,0,0,0,0,0,0,0,0,0,0,0,0,0,0,0,0,1,0
00497017.png,5,0,0,0,0,0,0,0,0,0,0,0,0,0,0,0,0,0,0,1,0
00497385.png,0,0,0,0,0,0,0,0,0,0,0,0,0,0,0,0,0,0,0,1,0
00497468.png,0,0,0,0,0,0,0,0,0,0,0,0,0,1,0,0,0,0,0,0,1
00497579.png,0,0,0,0,0,0,0,0,0,0,0,0,0,0,0,0,0,0,0,1,0
00497704.png,0,0,0,0,0,0,0,0,0,0,0,0,0,0,0,0,0,0,0,1,0
00497734.png,10,1,0,0,0,0,0,0,0,0,0,0,0,0,0,0,0,0,0,0,0
00497918.png,0,0,0,0,0,0,0,0,0,0,0,0,0,0,0,0,0,0,0,1,0
00498224.png,10,1,0,1,0,0,1,0,0,0,0,0,0,0,0,0,0,0,0,0,1
00498342.png,30,0,0,0,0,0,0,0,0,0,0,0,0,0,0,0,0,0,0,1,0
00498378.png,0,0,0,1,0,0,0,0,0,0,0,0,0,0,0,0,0,0,1,0,1
00498405.png,0,0,0,1,0,0,0,0,0,0,1,0,0,0,0,0,0,0,1,0,1
00498450.png,10,0,0,1,0,0,0,0,0,1,0,1,0,0,0,0,0,0,0,0,1
00498568.png,30,0,0,0,0,1,0,0,0,0,0,0,0,0,0,0,0,0,1,0,1
00498762.png,0,1,0,1,0,0,1,0,0,0,0,0,0,0,0,0,0,0,0,0,1
00498777.png,0,1,0,0,0,0,0,0,0,0,0,0,0,0,0,0,0,0,0,0,0
00498914.png,0,0,1,1,0,0,1,0,0,0,0,0,0,0,0,0,0,0,0,0,1
00499027.png,0,0,0,1,0,0,1,0,0,0,1,0,0,0,1,0,0,0,0,0,1
00499084.png,0,0,0,1,0,0,1,0,0,0,0,0,0,1,0,0,0,0,0,0,1
00499099.png,10,1,0,1,0,0,1,0,0,0,0,0,0,0,0,0,0,0,0,0,1
00499111.png,0,0,0,1,0,0,1,0,0,0,0,0,0,0,0,0,0,0,0,0,1
00499555.png,0,0,0,0,0,0,1,0,0,0,0,0,0,0,0,0,0,0,1,0,1
00499701.png,0,1,0,0,0,0,1,0,0,0,0,0,0,0,0,0,0,0,1,0,1
00499819.png,0,1,0,0,0,0,1,0,0,0,0,0,0,0,0,0,0,0,1,0,1
00499869.png,10,0,0,0,0,0,1,0,0,0,0,0,0,0,0,0,0,0,0,0,1
00499886.png,0,0,0,0,0,0,1,0,0,0,0,0,0,0,0,0,0,0,1,0,1
00499939.png,0,0,0,0,0,0,1,0,0,0,0,0,0,0,0,0,0,0,1,0,1
00500079.png,0,0,0,1,0,0,1,0,0,0,0,0,0,0,0,0,0,0,0,0,1
00500115.png,0,0,0,1,0,0,1,0,0,0,0,0,0,0,0,0,0,0,0,0,1
00500280.png,0,0,0,0,0,0,1,0,0,0,0,0,0,0,0,0,0,0,0,0,1
00500343.png,0,0,0,0,0,0,1,0,0,0,0,0,0,0,0,0,0,0,1,0,1
00500356.png,0,0,0,0,0,0,1,0,0,0,0,0,0,0,0,0,0,0,1,0,1
00500554.png,10,0,0,1,0,0,1,0,0,0,0,0,0,0,0,0,0,0,0,0,1
00500989.png,0,0,0,1,0,0,1,0,0,0,0,0,0,1,0,0,0,0,0,0,1
00501082.png,20,1,1,1,0,0,1,0,0,0,0,0,0,0,0,0,0,0,0,0,1
00501187.png,10,1,0,0,0,0,0,0,0,0,0,0,0,0,0,0,0,0,0,0,0
00501210.png,10,0,0,0,0,0,0,0,0,0,0,0,0,0,0,0,0,0,0,1,0
00501378.png,40,1,0,1,0,0,0,0,0,0,0,0,0,0,0,0,0,0,0,0,1
00501617.png,10,0,1,1,0,0,1,0,0,1,0,0,0,0,0,0,0,0,0,0,1
00501818.png,10,0,1,1,0,0,0,0,0,0,0,0,0,0,0,0,0,0,0,0,1
00501919.png,10,0,0,1,0,0,1,0,0,1,0,0,0,0,0,0,0,0,0,0,1
00501927.png,10,0,0,1,0,0,1,0,0,1,0,0,0,0,0,0,0,0,0,0,1
00501965.png,10,0,0,1,0,0,1,0,0,1,0,0,0,0,0,0,0,0,0,0,1
00501991.png,0,0,0,1,0,0,1,0,0,0,0,0,0,0,0,0,0,0,0,0,1
00502026.png,5,1,0,0,0,0,1,0,0,0,0,0,0,0,0,0,0,0,0,0,1
00502065.png,10,0,0,1,0,0,1,0,0,1,0,0,0,0,0,0,0,0,0,0,1
00502130.png,30,1,0,1,0,0,1,0,0,1,0,0,0,0,0,0,0,0,0,0,1
00502182.png,0,0,0,1,0,0,1,0,0,0,0,0,0,0,1,0,0,0,0,0,1
00502244.png,10,1,0,1,0,0,1,0,0,1,0,0,0,0,0,0,0,0,1,0,1
00502376.png,10,1,0,1,0,0,1,0,0,0,0,0,0,0,0,0,0,0,0,0,1
00502464.png,10,0,0,1,0,0,1,0,0,0,0,0,0,0,0,0,0,0,0,0,1
00502639.png,10,0,0,1,0,0,1,0,0,0,0,0,0,0,0,0,0,0,0,0,1
00502918.png,10,1,0,0,0,0,0,0,0,0,0,0,0,0,0,0,0,0,0,0,0
00502921.png,10,0,0,0,0,0,0,0,0,0,0,0,0,0,0,0,0,0,0,1,0
00502932.png,10,0,0,0,0,0,0,0,0,0,0,0,0,0,0,0,0,0,0,1,0
00503052.png,10,0,0,0,0,0,0,0,0,0,0,0,0,0,0,0,0,0,0,1,0
00503064.png,10,0,0,0,0,0,0,0,0,0,0,0,0,0,0,0,0,0,0,1,0
00503275.png,0,0,0,1,0,0,1,0,0,0,0,0,0,0,0,0,0,0,0,0,1
00503368.png,0,0,0,0,0,0,0,0,0,0,0,0,0,0,0,0,0,0,0,1,0
00503705.png,20,0,0,0,0,0,0,0,0,0,0,0,0,0,0,0,0,0,0,1,0
00503897.png,20,0,0,0,0,0,0,0,0,0,0,0,0,0,0,0,0,0,0,1,0
00503941.png,20,0,0,0,0,0,0,0,0,0,0,0,0,0,0,0,0,0,0,1,0
00504377.png,10,0,0,1,0,0,0,0,1,0,0,0,0,0,0,0,0,0,0,0,1
00504672.png,10,0,0,1,0,0,1,0,0,0,0,0,0,0,0,0,0,0,0,0,1
00504772.png,0,1,0,1,0,0,1,0,0,0,0,0,0,0,0,0,0,0,0,0,1
00505003.png,0,0,0,0,0,0,0,0,0,0,0,0,0,0,0,0,0,0,0,1,0
00505221.png,10,1,0,1,0,0,0,0,0,1,1,0,0,0,0,0,0,0,0,0,1
00505588.png,0,0,0,1,0,0,0,0,0,0,0,0,0,0,0,0,0,0,0,0,1
00505606.png,10,1,0,1,0,0,0,0,0,0,0,0,0,0,0,0,0,0,0,0,1
00505875.png,10,0,0,0,0,0,0,0,0,0,0,0,0,0,0,0,0,0,0,1,0
00506251.png,10,1,0,0,0,0,0,0,0,0,0,0,0,0,0,0,0,0,0,0,0
00506257.png,20,0,0,0,0,0,0,0,0,0,0,0,0,0,0,0,0,0,0,1,0
00506407.png,0,0,0,0,0,0,0,0,0,0,0,0,0,0,0,0,0,0,0,1,0
00506492.png,5,0,0,1,0,0,1,0,0,0,0,0,0,0,0,0,0,0,1,0,1
00506683.png,0,1,0,1,0,0,1,0,0,0,1,0,0,0,0,0,0,0,1,0,1
00506803.png,0,0,0,0,0,0,0,0,0,0,0,0,0,0,1,0,0,0,0,0,1
00507019.png,10,0,0,1,0,0,1,0,0,1,0,1,0,0,0,0,0,0,0,0,1
00507140.png,10,0,1,0,0,0,0,0,0,0,0,0,0,0,0,0,0,0,0,0,1
00507311.png,30,1,0,0,0,0,0,0,0,0,0,0,0,0,0,0,0,0,1,0,1
00507323.png,10,0,0,1,0,0,1,0,0,0,1,0,0,1,0,0,0,0,0,0,1
00507384.png,0,1,0,0,0,1,0,0,0,0,0,0,0,0,0,0,0,0,0,0,1
00507386.png,10,0,0,0,0,1,0,0,0,0,0,0,0,0,0,0,0,0,0,0,1
00507404.png,0,1,0,0,1,0,0,0,0,0,0,0,0,0,0,0,0,0,0,0,1
00507495.png,10,1,0,0,0,1,0,0,0,0,0,0,0,0,0,0,0,0,0,0,1
00507558.png,10,1,0,0,0,1,0,0,0,0,0,0,0,0,0,0,0,0,0,0,1
00507637.png,0,1,0,0,0,0,0,0,0,0,0,0,0,0,0,0,0,0,1,0,1
00507642.png,0,0,0,0,0,0,0,0,0,0,0,0,0,0,0,0,0,0,0,1,0
00507716.png,0,0,0,0,0,1,0,0,0,0,0,0,0,0,0,0,0,0,1,0,1
00507823.png,0,1,0,0,0,0,1,0,0,0,1,0,0,0,0,0,0,0,1,0,1
00507840.png,0,0,0,0,0,1,0,0,0,0,0,0,0,0,0,0,0,0,0,0,1
00507883.png,0,1,1,1,0,0,1,0,1,0,0,0,0,0,0,0,0,0,0,0,1
00507908.png,0,1,0,1,0,0,1,0,0,0,0,0,0,0,0,0,0,0,1,0,1
00508115.png,0,0,0,0,0,0,0,0,0,0,0,0,0,0,0,0,0,0,1,0,1
00508214.png,0,0,0,0,1,0,0,0,0,0,0,0,0,0,0,0,0,0,1,0,1
00508260.png,0,1,1,0,0,0,1,0,0,0,1,0,0,0,0,0,0,0,0,0,1
00508268.png,0,1,0,0,1,1,0,0,0,0,0,0,0,0,0,0,0,0,0,0,1
00508323.png,0,1,1,1,0,0,1,0,0,0,0,0,0,0,0,0,0,0,1,0,1
00508653.png,0,1,0,0,0,0,0,0,0,0,0,0,0,0,0,0,0,0,0,0,0
00508676.png,0,0,0,0,0,0,1,0,0,0,0,0,0,0,0,0,0,0,0,0,1
00508701.png,0,1,0,0,0,0,1,0,0,0,0,0,0,0,0,0,0,0,1,0,1
00508703.png,0,0,0,0,0,0,1,0,0,0,0,0,0,0,0,0,0,0,0,0,1
00508839.png,10,0,0,0,0,0,1,0,0,1,0,0,0,0,0,0,0,0,1,0,1
00508933.png,10,0,0,0,0,0,0,0,0,0,0,0,0,0,0,0,0,0,0,1,0
00509008.png,20,0,0,1,0,0,1,0,0,0,0,0,0,0,0,0,0,0,0,0,1
00509025.png,0,0,0,0,0,0,1,0,0,0,0,0,0,0,0,0,0,0,0,0,1
00509028.png,0,0,0,0,0,0,0,0,0,0,0,0,0,0,0,0,0,0,0,1,0
00509179.png,10,0,0,0,0,0,0,0,0,0,0,0,0,0,0,0,0,0,0,1,0
00509235.png,0,0,1,1,0,0,1,0,0,1,0,0,0,0,0,0,0,0,1,0,1
00509658.png,10,0,1,1,0,0,1,0,0,0,1,0,0,0,0,0,0,0,0,0,1
00509691.png,0,1,0,0,0,0,0,0,0,0,0,0,0,0,0,0,0,0,1,0,1
00509809.png,5,0,0,0,0,0,1,0,0,0,0,0,0,0,0,0,0,0,0,0,1
00510066.png,0,1,0,0,0,0,0,0,0,0,0,0,0,0,0,0,0,0,1,0,1
00510102.png,0,0,0,0,0,1,0,0,0,0,0,0,0,0,0,0,0,0,0,0,1
00510352.png,0,0,0,1,0,0,1,0,0,0,0,0,0,0,0,0,0,0,0,0,1
00510434.png,0,1,0,0,0,0,1,0,0,0,0,0,0,0,0,0,0,0,1,0,1
00510472.png,0,1,0,0,0,0,1,0,0,0,1,0,0,0,0,0,0,0,1,0,1
00510983.png,0,0,0,0,0,0,1,0,0,1,0,0,0,1,0,0,0,0,0,0,1
00511209.png,5,0,0,0,0,0,0,0,0,0,0,0,0,0,0,0,0,0,0,1,0
00511258.png,5,0,0,0,0,0,0,0,0,0,0,0,0,0,0,0,0,0,0,1,0
00511386.png,5,0,0,0,0,0,0,0,0,0,0,0,0,0,0,0,0,0,0,1,0
00511409.png,5,0,0,0,0,0,1,0,0,0,0,0,0,0,0,0,0,0,0,0,1
00511515.png,0,0,0,0,0,0,0,0,0,0,0,0,0,0,0,0,0,0,1,0,1
00511853.png,5,0,0,0,0,0,0,0,0,0,0,0,0,0,0,0,0,0,0,1,0
00512128.png,0,1,0,0,0,0,0,0,0,0,0,0,0,0,0,0,0,0,0,0,0
00512161.png,10,1,0,0,0,0,0,0,0,0,0,0,0,1,0,0,0,0,0,0,1
00512217.png,0,0,0,0,0,0,0,0,0,0,0,0,0,0,0,0,0,0,0,1,0
00512673.png,0,0,0,0,0,0,0,0,0,0,0,0,0,0,0,0,0,0,0,1,0
00512746.png,0,0,0,0,0,0,0,0,0,0,0,0,0,0,0,0,0,0,0,1,0
00512754.png,0,0,0,0,0,0,0,0,0,0,0,0,0,0,0,0,0,0,0,1,0
00512755.png,0,0,0,0,0,0,0,0,0,0,0,0,0,0,0,0,0,0,0,1,0
00512835.png,0,0,0,0,0,0,0,0,0,0,0,0,0,0,0,0,0,0,0,1,0
00512878.png,0,0,0,0,0,0,0,0,0,0,0,0,0,1,0,0,0,0,0,0,1
00512888.png,0,0,0,0,0,0,0,0,0,0,0,0,0,0,0,0,0,0,0,1,0
00513074.png,2,0,0,0,0,0,0,0,0,0,0,0,0,1,0,0,0,0,0,0,1
00513395.png,5,0,0,0,0,0,0,0,0,0,0,0,0,0,0,0,0,0,0,1,0
00513467.png,20,1,0,0,0,0,1,0,0,0,0,0,0,0,0,0,0,0,1,0,1
00513477.png,0,1,0,0,0,0,0,0,0,0,0,0,0,0,0,0,0,0,1,0,1
00513605.png,5,1,0,0,0,0,0,0,0,0,0,0,0,0,0,0,0,0,1,0,1
00513696.png,2,0,0,0,0,0,0,0,0,0,1,0,0,1,0,0,0,0,0,0,1
00513726.png,0,0,0,0,0,0,0,0,0,0,0,0,0,0,0,0,0,0,0,1,0
00513771.png,0,1,0,0,0,0,0,0,0,0,0,0,0,0,0,0,0,0,1,0,1
00514246.png,10,0,0,0,0,0,0,0,0,0,0,0,0,0,0,0,0,0,0,1,0
00514247.png,0,1,0,0,0,0,0,0,0,0,0,0,0,0,0,0,0,0,0,0,0
00514259.png,0,0,0,0,0,0,0,0,0,0,0,0,0,0,0,0,0,0,0,1,0
00514335.png,0,0,0,0,0,0,0,0,0,0,0,0,0,0,0,0,0,0,0,1,0
00514505.png,10,0,0,0,0,0,0,0,0,0,0,0,0,0,0,0,0,0,0,1,0
00515195.png,2,0,0,0,0,0,0,0,0,0,0,0,0,0,0,0,0,0,0,1,0
00515710.png,5,0,0,0,0,0,0,0,0,0,0,0,0,0,0,0,0,0,0,1,0
00515809.png,0,0,0,0,0,0,0,0,0,0,0,0,0,0,0,0,0,0,0,1,0
00515906.png,20,0,0,0,0,0,0,0,0,0,0,0,0,0,0,0,0,0,0,1,0
00515928.png,20,0,0,0,0,0,0,0,0,0,0,0,0,0,0,0,0,0,0,1,0
00516001.png,10,0,0,0,0,0,0,0,0,0,0,0,0,0,0,0,0,0,0,1,0
00516316.png,0,1,0,0,0,0,0,0,0,0,0,0,0,1,0,0,0,0,0,0,1
00516611.png,5,0,0,0,0,0,0,0,0,0,0,0,0,0,0,0,0,0,0,1,0
00516744.png,0,0,0,0,0,0,0,0,0,0,0,0,0,0,0,0,0,0,0,1,0
00517025.png,0,0,0,0,0,0,0,0,0,0,0,0,0,0,0,0,0,0,0,1,0
00517150.png,0,0,0,0,0,0,0,0,0,0,0,0,0,0,0,0,0,0,1,0,1
00517165.png,0,0,0,0,0,0,0,0,0,0,0,0,0,0,0,0,0,0,0,1,0
00517169.png,0,0,0,0,0,0,0,0,0,0,1,0,0,0,0,0,0,0,0,0,1
00517173.png,0,0,0,0,0,0,0,0,0,0,0,0,0,0,0,0,0,0,0,1,0
00517279.png,0,0,0,0,0,0,0,0,0,0,0,0,0,0,0,0,0,0,0,1,0
00517365.png,0,0,0,0,0,0,0,0,0,0,0,0,0,0,0,0,0,0,0,1,0
00517410.png,10,0,0,0,0,0,0,0,0,0,0,0,0,0,0,0,0,0,0,1,0
00517596.png,0,0,0,0,0,0,0,0,0,0,0,0,0,0,0,0,0,0,0,1,0
00517767.png,0,0,0,0,0,0,0,0,0,0,0,0,0,0,0,0,0,0,0,1,0
00517805.png,0,0,0,0,0,0,0,0,0,0,0,0,0,0,0,0,0,0,0,1,0
00517810.png,0,0,0,0,0,0,0,0,0,0,0,0,0,0,0,0,0,0,0,1,0
00517849.png,0,0,0,0,0,0,0,0,0,0,0,0,0,0,0,0,0,0,0,1,0
00517915.png,5,0,0,0,0,0,0,0,0,0,0,0,0,0,0,0,0,0,0,1,0
00518090.png,0,0,0,0,0,0,0,0,0,0,0,0,0,0,0,0,0,0,0,1,0
00518101.png,5,1,0,0,0,0,0,0,0,0,0,1,0,0,0,0,0,0,1,0,1
00518253.png,0,0,0,0,0,0,0,0,0,0,0,0,0,0,0,0,0,0,0,1,0
00518619.png,0,0,0,0,0,0,0,0,0,0,0,0,0,0,0,0,0,0,0,1,0
00518654.png,0,0,0,0,0,0,0,0,0,0,0,0,0,0,0,0,0,0,0,1,0
00518705.png,0,0,0,0,0,0,0,0,0,0,0,0,0,0,0,0,0,0,0,1,0
00518806.png,5,0,0,0,0,0,0,0,0,0,0,0,0,0,0,0,0,0,0,1,0
00519172.png,10,1,0,0,0,0,1,0,0,0,0,0,0,0,0,0,0,0,0,0,1
00519181.png,10,1,1,0,0,0,0,0,0,0,1,0,0,0,0,0,0,0,0,0,1
00519297.png,10,0,0,0,0,0,0,0,0,0,0,0,0,0,0,0,0,0,0,1,0
00519334.png,0,0,0,1,0,0,1,0,0,0,0,0,0,0,0,0,0,0,0,0,1
00519464.png,10,0,0,0,0,0,0,0,0,1,0,1,0,0,0,0,0,0,0,0,1
00520055.png,10,0,0,0,0,0,0,0,0,0,0,0,0,0,0,0,0,0,0,1,0
00520065.png,10,0,0,0,0,0,0,0,0,0,0,0,0,0,0,0,0,0,0,1,0
00520236.png,10,0,0,0,0,0,0,0,0,0,0,0,0,0,0,0,0,0,0,1,0
00520611.png,0,0,0,0,0,0,0,0,0,0,0,0,0,1,0,0,0,0,0,0,1
00520774.png,0,1,0,0,0,0,0,0,0,0,1,0,0,0,0,0,0,0,1,0,1
00520891.png,5,0,0,0,0,0,0,0,0,0,0,0,0,0,0,0,0,0,0,1,0
00520893.png,5,0,0,0,0,0,0,0,0,0,0,0,0,0,0,0,0,0,0,1,0
00521271.png,0,1,0,0,0,0,1,0,0,0,0,0,0,0,0,0,0,0,1,0,1
00521273.png,10,1,0,0,0,0,1,0,0,0,0,0,0,0,0,0,0,0,1,0,1
00521500.png,0,1,0,0,0,0,0,0,0,0,0,0,0,0,0,0,0,0,1,0,1
00521581.png,0,1,0,0,0,0,0,0,0,0,0,0,0,0,0,0,0,0,1,0,1
00521664.png,0,0,0,0,0,0,0,0,0,0,0,0,0,1,0,0,0,0,0,0,1
00521729.png,0,1,0,0,0,0,0,0,0,0,0,0,0,0,0,0,0,0,1,0,1
00521890.png,0,1,0,0,0,0,0,0,0,0,0,0,0,0,0,0,0,0,0,0,0
00521962.png,0,1,0,0,0,0,0,0,0,0,0,0,0,0,0,0,0,0,0,0,0
00521972.png,0,0,0,0,0,0,0,0,0,0,0,0,0,0,0,0,0,0,0,1,0
00521985.png,0,0,0,0,0,0,0,0,0,0,0,0,0,0,0,0,0,0,0,1,0
00522090.png,0,0,0,0,0,0,0,0,0,0,0,0,0,1,0,0,0,0,0,0,1
00522277.png,0,1,0,0,0,0,0,0,0,0,0,0,0,0,0,0,0,0,1,0,1
00522384.png,0,0,0,0,0,0,0,0,0,0,0,0,0,0,0,0,0,0,0,1,0
00522816.png,0,0,0,0,0,0,0,0,0,0,0,0,0,0,0,0,0,0,0,1,0
00522843.png,40,0,0,0,0,0,1,0,0,1,0,1,0,0,0,0,0,0,0,0,1
00522851.png,0,1,0,0,0,0,1,0,0,0,0,0,0,1,0,0,0,0,0,0,1
00522868.png,10,1,0,0,0,0,1,0,0,1,0,1,0,0,0,0,0,0,0,0,1
00523058.png,10,0,0,0,0,0,0,0,0,0,0,0,0,0,0,0,0,0,0,1,0
00523074.png,10,0,0,0,0,0,0,0,0,0,0,0,0,0,0,0,0,0,0,1,0
00523152.png,0,0,0,0,0,0,0,0,0,0,0,0,0,0,0,0,0,0,0,1,0
00523277.png,10,0,0,0,0,0,0,0,0,0,0,0,0,0,0,0,0,0,0,1,0
00523329.png,10,0,0,0,0,0,0,0,0,0,0,0,0,0,0,0,0,0,0,1,0
00523731.png,0,0,0,0,0,0,0,0,0,0,0,0,0,0,0,0,0,0,0,1,0
00523867.png,0,0,0,0,0,0,0,0,0,0,0,0,0,0,0,0,0,0,0,1,0
00523943.png,0,0,0,0,0,0,0,0,0,0,0,0,0,0,0,0,0,0,0,1,0
00524040.png,0,0,0,0,0,0,0,0,0,0,0,0,0,0,0,0,0,0,0,1,0
00524088.png,5,0,0,0,0,0,0,0,0,0,0,0,0,0,0,0,0,0,0,1,0
00524336.png,5,0,0,0,0,0,0,0,0,0,0,0,0,0,0,0,0,0,0,1,0
00524486.png,10,0,0,0,0,0,0,0,0,0,0,0,0,0,0,0,0,0,0,1,0
00524505.png,10,0,0,0,0,0,0,0,0,0,0,0,0,0,0,0,0,0,0,1,0
00524623.png,0,0,0,0,0,0,0,0,0,0,0,0,0,0,0,0,0,0,0,1,0
00524764.png,0,0,0,0,0,0,0,0,0,0,0,0,0,0,0,0,0,0,0,1,0
00524809.png,10,0,0,0,0,0,0,0,0,0,0,0,0,0,0,0,0,0,0,1,0
00524823.png,0,0,0,0,0,0,0,0,0,0,0,0,0,1,0,0,0,0,1,0,1
00524915.png,20,1,0,1,0,0,1,0,0,0,0,0,0,0,0,0,0,0,0,0,1
00524945.png,2,1,0,1,0,0,1,0,0,0,1,0,0,0,0,0,0,0,1,0,1
00524974.png,5,0,0,1,0,0,1,0,0,1,1,1,0,0,0,0,0,0,0,0,1
00525218.png,10,0,0,0,0,0,0,0,0,0,0,0,0,0,0,0,0,0,0,1,0
00525459.png,10,1,0,0,0,0,0,0,0,0,0,0,0,0,0,0,0,0,0,0,0
00525507.png,0,0,0,0,0,0,0,0,0,0,0,0,0,0,0,0,0,0,0,1,0
00525636.png,20,0,0,0,0,0,0,0,0,0,0,0,0,0,0,0,0,0,0,1,0
00525677.png,0,1,0,0,1,0,0,0,0,0,0,0,0,0,0,0,0,0,1,0,1
00525710.png,0,1,0,0,1,0,0,0,0,0,0,0,0,0,0,0,0,0,0,0,1
00525735.png,0,1,0,0,1,0,0,0,0,0,0,0,0,0,0,0,0,0,1,0,1
00525829.png,0,1,0,0,0,0,0,0,0,0,0,0,0,0,0,0,0,0,0,0,0
00525861.png,0,0,0,0,0,0,0,0,0,0,0,0,0,0,0,0,0,0,1,0,1
00525881.png,0,1,0,0,0,0,1,0,0,1,0,1,0,0,0,0,0,0,0,0,1
00525916.png,0,0,0,1,0,0,1,0,0,0,0,1,0,0,0,0,0,0,1,0,1
00525925.png,0,0,0,0,0,0,1,0,0,0,0,1,0,0,0,0,0,0,0,0,1
00525996.png,0,0,0,0,0,0,0,0,0,0,0,0,0,0,0,0,0,0,0,1,0
00526031.png,0,1,0,0,1,1,0,0,0,0,0,0,0,0,0,0,0,0,0,0,1
00526038.png,0,0,0,1,0,0,1,0,0,1,0,0,0,0,0,0,0,0,1,0,1
00526068.png,10,0,0,0,0,0,0,0,0,0,0,0,0,0,0,0,0,0,0,1,0
00526181.png,0,1,0,1,0,0,1,0,0,0,1,0,0,0,0,0,0,0,1,0,1
00526862.png,0,0,1,0,0,0,1,0,1,0,1,0,0,0,0,0,0,0,0,0,1
00527148.png,0,0,0,0,0,0,0,0,0,0,0,0,0,0,0,0,0,1,0,0,1
00527153.png,0,0,0,0,0,0,0,0,0,0,0,0,0,0,0,0,0,0,0,1,0
00527221.png,10,0,1,1,0,0,0,0,0,1,0,1,0,0,0,0,0,0,0,0,1
00527435.png,0,0,0,0,0,0,0,0,0,0,0,0,0,0,0,0,0,0,0,1,0
00527466.png,10,0,0,1,0,0,0,0,0,1,0,1,0,0,0,0,0,0,1,0,1
00527572.png,10,0,1,1,0,0,1,0,0,1,0,1,0,0,0,0,0,0,0,0,1
00527583.png,10,1,0,1,0,0,0,0,0,1,0,1,0,0,0,0,0,0,0,0,1
00527704.png,0,1,0,0,0,0,0,0,0,0,0,0,0,0,0,0,0,0,0,0,0
00527743.png,0,1,0,0,0,0,0,0,0,0,0,0,0,1,0,0,0,0,0,0,1
00527781.png,0,1,0,1,0,0,1,0,0,0,0,0,0,0,0,0,0,0,1,0,1
00527803.png,0,0,0,1,0,0,1,0,0,0,0,0,0,0,0,0,0,0,1,0,1
00527928.png,10,0,0,0,0,0,0,0,0,0,0,0,0,0,0,0,0,0,0,1,0
00528045.png,0,1,0,0,0,0,0,0,0,0,0,0,0,0,0,0,0,0,0,0,0
00528339.png,0,0,0,0,0,0,0,0,0,0,0,0,0,0,0,0,0,0,0,1,0
00528550.png,10,0,0,0,0,0,0,0,0,0,0,0,0,0,0,0,0,0,0,1,0
00529042.png,5,0,0,0,0,0,0,0,0,0,0,0,0,0,0,0,0,0,0,1,0
00529046.png,5,0,0,0,0,0,0,0,0,0,0,0,0,1,0,0,0,0,0,0,1
00529105.png,2,0,0,0,0,0,0,0,0,0,0,0,0,0,0,0,0,0,0,1,0
00529142.png,5,0,0,0,0,0,0,0,0,0,0,0,0,0,0,0,0,0,0,1,0
00529147.png,0,0,0,0,0,0,0,0,0,0,0,0,0,0,0,0,0,0,0,1,0
00529151.png,10,0,0,0,0,0,0,0,0,0,0,0,0,0,0,0,0,0,0,1,0
00529422.png,0,0,0,0,0,0,0,0,0,0,0,0,0,1,0,0,0,0,0,0,1
00529442.png,0,0,0,0,0,0,0,0,0,0,0,0,0,0,0,0,0,0,0,1,0
00529536.png,0,0,0,0,0,0,0,0,0,0,0,0,0,0,0,0,0,0,0,1,0
00529612.png,5,0,0,0,0,0,0,0,0,0,0,0,0,0,0,0,0,0,0,1,0
00529636.png,0,0,0,0,0,0,0,0,0,0,0,0,0,0,0,0,0,0,0,1,0
00529675.png,5,0,0,0,0,0,0,0,0,0,0,0,0,0,0,0,0,0,0,1,0
00529723.png,0,0,0,0,0,0,0,0,0,0,0,0,0,0,0,0,0,0,0,1,0
00529919.png,0,0,0,0,0,0,0,0,0,0,0,0,0,0,0,0,0,0,0,1,0
00530149.png,5,0,0,0,0,0,0,0,0,0,0,0,0,0,0,0,0,0,0,1,0
00530151.png,5,0,0,0,0,0,0,0,0,0,0,0,0,0,0,0,0,0,0,1,0
00530198.png,0,0,0,0,0,0,0,0,0,0,0,0,0,0,0,0,0,0,0,1,0
00530379.png,2,0,0,0,0,0,0,0,0,0,0,0,0,0,0,0,0,0,0,1,0
00530496.png,0,1,0,0,0,0,0,0,0,0,0,0,0,0,0,0,0,0,0,0,0
00530791.png,0,0,0,0,0,0,0,0,0,0,0,0,0,0,0,0,0,0,0,1,0
00530805.png,0,0,0,0,0,0,0,0,0,0,0,0,0,0,0,0,0,0,0,1,0
00530822.png,0,0,0,0,0,0,0,0,0,0,0,0,0,0,0,0,0,0,0,1,0
00531102.png,0,0,0,0,0,0,0,0,0,0,0,0,0,0,0,0,0,0,0,1,0
00531152.png,0,0,0,0,0,0,0,0,0,0,0,0,0,0,0,0,0,0,0,1,0
00531213.png,5,0,0,0,0,0,0,0,0,0,0,0,0,0,0,1,0,0,0,0,1
00531272.png,0,0,0,0,0,0,0,0,0,0,0,0,0,0,0,0,0,0,0,1,0
00531296.png,5,1,0,0,0,0,0,0,0,0,0,0,0,0,0,0,0,0,0,0,0
00531355.png,0,0,0,0,0,0,0,0,0,0,0,0,0,0,0,0,0,0,0,1,0
00531562.png,0,0,0,0,0,0,0,0,0,0,0,0,0,0,0,0,0,0,0,1,0
00531679.png,0,0,0,0,0,0,0,0,0,0,0,0,0,0,0,0,0,0,0,1,0
00531734.png,0,1,0,0,0,0,0,0,0,0,0,0,0,0,0,0,0,0,0,0,0
00532019.png,0,1,0,0,0,0,0,0,0,0,0,0,0,0,0,0,0,0,0,0,0
00532243.png,10,0,0,0,0,0,0,0,0,0,0,0,0,0,0,0,0,0,0,1,0
00532248.png,0,0,0,0,0,0,0,0,0,0,0,0,0,0,0,0,0,0,0,1,0
00532295.png,10,0,0,0,0,0,0,0,0,0,0,0,0,0,0,0,0,0,0,1,0
00532355.png,10,0,0,0,0,0,0,0,0,0,0,0,0,0,0,0,0,0,0,1,0
00532479.png,10,0,0,0,0,0,0,0,0,0,0,0,0,0,0,0,0,0,0,1,0
00532587.png,5,0,0,0,0,0,0,0,0,0,0,0,0,0,0,0,0,0,0,1,0
00532719.png,0,0,0,0,0,0,0,0,0,0,0,0,0,0,0,0,0,0,0,1,0
00532978.png,0,0,0,0,0,0,0,0,0,0,0,0,0,0,0,0,0,0,0,1,0
00533500.png,10,0,0,0,0,0,0,0,0,0,0,0,0,0,0,0,0,0,0,1,0
00533502.png,10,0,0,0,0,0,0,0,0,0,0,0,0,0,0,0,0,0,0,1,0
00533643.png,10,0,0,0,0,0,0,0,0,0,0,0,0,0,0,0,0,0,0,1,0
00533873.png,0,0,0,0,0,0,0,0,0,0,0,0,0,0,0,0,0,0,0,1,0
00533980.png,0,0,0,0,0,0,0,0,0,0,0,0,0,0,0,0,0,0,0,1,0
00534052.png,0,0,0,0,0,0,0,0,0,0,0,0,0,0,0,0,0,0,0,1,0
00534054.png,0,0,0,0,0,0,0,0,0,0,0,0,0,0,0,0,0,0,0,1,0
00534112.png,0,0,0,0,0,0,0,0,0,0,0,0,0,0,0,0,0,0,0,1,0
00534147.png,0,0,0,0,0,0,0,0,0,0,0,0,0,0,0,0,0,0,0,1,0
00534312.png,10,0,0,0,0,0,0,0,0,0,0,0,0,0,0,0,0,0,0,1,0
00534441.png,10,0,0,0,0,0,0,0,0,0,0,0,0,0,0,0,0,0,0,1,0
00534450.png,10,0,0,0,0,0,0,0,0,0,0,0,0,0,0,0,0,0,0,1,0
00534654.png,10,0,0,0,0,0,0,0,0,0,0,0,0,0,0,0,0,0,0,1,0
00534698.png,10,0,0,0,0,0,0,0,0,0,0,0,0,0,0,0,0,0,0,1,0
00534940.png,10,0,0,0,0,0,0,0,0,0,0,0,0,0,0,0,0,0,0,1,0
00535083.png,0,0,0,0,0,0,0,0,0,0,0,0,0,0,0,0,0,0,0,1,0
00535144.png,0,0,0,0,0,0,0,0,0,0,0,0,0,0,0,0,0,0,0,1,0
00535171.png,10,0,0,0,0,0,0,0,0,0,0,0,0,0,0,0,0,0,0,1,0
00535187.png,10,0,0,0,0,0,0,0,0,0,0,0,0,0,0,0,0,0,0,1,0
00535279.png,0,0,0,0,0,0,0,0,0,0,0,0,0,0,0,0,0,0,0,1,0
00535332.png,10,0,0,0,0,0,0,0,0,0,0,0,0,0,0,0,0,0,0,1,0
00535637.png,10,0,0,0,0,0,0,0,0,0,0,0,0,0,0,0,0,0,0,1,0
00535678.png,10,0,0,0,0,0,0,0,0,0,0,0,0,0,0,0,0,0,0,1,0
00535849.png,10,1,0,0,0,0,0,0,0,0,0,0,0,0,0,0,0,0,0,0,0
00535995.png,5,1,0,0,1,1,0,0,0,0,0,0,0,0,0,0,0,0,1,0,1
00536025.png,5,1,0,0,0,0,0,0,0,0,0,0,0,0,0,0,0,0,1,0,1
00536266.png,0,0,0,0,0,0,0,0,0,0,0,0,0,0,0,0,0,0,0,1,0
00536535.png,0,0,0,0,0,0,0,0,0,0,0,0,0,0,0,0,0,0,0,1,0
00536583.png,0,1,0,0,0,0,0,0,0,0,0,0,0,0,0,0,0,0,0,0,0
00536643.png,0,0,0,0,0,0,0,0,0,0,0,0,0,0,0,0,0,0,0,1,0
00536694.png,0,0,0,0,0,0,0,0,0,0,0,0,0,0,0,0,0,0,0,1,0
00536772.png,0,0,0,0,0,0,0,0,0,0,0,0,0,0,0,0,0,0,0,1,0
00536775.png,0,0,0,0,0,0,0,0,0,0,0,0,0,0,0,0,0,0,0,1,0
00537012.png,0,0,0,0,0,0,0,0,0,0,0,0,0,0,0,0,0,0,0,1,0
00537095.png,0,0,0,0,0,0,0,0,0,0,0,0,0,0,0,0,0,0,0,1,0
00537365.png,0,1,0,0,0,0,0,0,0,0,0,0,0,1,0,0,0,0,0,0,1
00537423.png,0,0,0,0,0,0,0,0,0,0,0,0,0,0,0,0,0,0,0,1,0
00537635.png,0,0,0,0,0,0,0,0,0,0,0,0,0,0,0,0,0,0,0,1,0
00537664.png,0,0,0,0,0,0,0,0,0,0,0,0,0,0,0,0,0,0,0,1,0
00538006.png,0,0,0,1,0,0,1,0,0,0,1,0,0,1,0,0,0,0,1,0,1
00538007.png,0,0,0,1,0,0,1,0,0,0,1,0,0,1,0,0,0,0,1,0,1
00538025.png,5,1,0,0,0,0,0,0,0,1,1,1,0,0,0,0,0,0,0,0,1
00538326.png,0,1,0,0,0,0,0,0,0,0,0,0,0,0,0,0,0,0,1,0,1
00538484.png,20,0,0,0,0,0,0,0,0,0,0,0,0,0,0,0,0,0,0,1,0
00538521.png,5,0,0,0,0,0,0,0,0,0,0,0,0,0,0,0,0,0,0,1,0
00538727.png,5,0,0,0,0,0,0,0,0,0,0,0,0,0,0,0,0,0,0,1,0
00538795.png,10,0,0,0,0,0,0,0,0,0,0,0,0,0,0,0,0,0,0,1,0
00539264.png,5,0,0,0,0,0,0,0,0,0,0,0,0,0,0,0,0,0,0,1,0
00539306.png,0,1,0,0,1,0,0,0,0,0,0,0,0,0,0,0,0,0,0,0,1
00539557.png,5,1,0,0,0,0,0,0,0,0,0,0,0,0,0,0,0,0,0,0,0
00539602.png,0,0,0,0,0,0,0,0,0,0,0,0,0,0,0,0,0,0,0,1,0
00539642.png,5,0,0,0,0,0,0,0,0,0,0,0,0,0,0,0,0,0,0,1,0
00539742.png,10,0,0,0,0,0,0,0,0,0,0,0,0,0,0,0,0,0,0,1,0
00540240.png,5,0,0,0,0,0,0,0,0,0,0,0,0,0,0,0,0,0,0,1,0
00540532.png,10,0,0,0,0,0,0,0,0,0,0,0,0,0,0,0,0,0,0,1,0
00540568.png,10,0,0,0,0,0,0,0,0,0,0,0,0,0,0,0,0,0,0,1,0
00540620.png,20,0,0,0,0,0,0,0,0,0,0,0,0,0,0,0,0,0,0,1,0
00540664.png,0,0,0,0,0,0,0,0,0,0,0,0,0,0,0,0,0,0,0,1,0
00540704.png,10,0,0,0,0,0,0,0,0,0,0,0,0,0,0,0,0,0,0,1,0
00540743.png,10,0,0,0,0,0,0,0,0,0,0,0,0,0,0,0,0,0,0,1,0
00540752.png,10,1,0,0,0,0,0,0,0,0,0,0,0,0,0,0,0,0,0,0,0
00541273.png,10,0,0,0,0,0,0,0,0,0,0,0,0,0,0,0,0,0,0,1,0
00541401.png,0,1,0,0,0,0,0,0,0,0,0,0,0,0,0,0,0,0,1,0,1
00541450.png,0,0,0,0,0,0,0,0,0,0,0,0,0,0,0,0,0,0,0,1,0
00541533.png,10,0,0,0,0,0,0,0,0,0,0,0,0,0,0,0,0,0,0,1,0
00541682.png,10,0,0,0,0,0,0,0,0,0,0,0,0,0,0,0,0,0,0,1,0
00541712.png,20,0,0,0,0,0,0,0,0,0,0,0,0,0,0,0,0,0,0,1,0
00541754.png,10,0,0,0,0,0,0,0,0,0,0,0,0,0,0,0,0,0,0,1,0
00541848.png,20,1,0,0,0,0,0,0,0,0,0,0,0,0,0,0,0,0,0,0,0
00543033.png,0,1,0,0,1,1,0,0,0,0,0,0,0,0,0,0,0,0,0,0,1
00543107.png,10,0,0,0,0,0,0,0,0,0,0,0,0,0,0,0,0,0,0,1,0
00543224.png,0,0,0,1,0,0,1,0,0,0,0,0,0,0,0,0,0,0,0,0,1
00543393.png,10,0,0,0,0,0,0,0,0,0,0,0,0,0,0,0,0,0,0,1,0
00543419.png,10,0,0,0,0,0,0,0,0,0,0,0,0,0,0,0,0,0,0,1,0
00544080.png,10,0,0,0,0,0,0,0,0,0,0,0,0,0,0,0,0,0,0,1,0
00544146.png,10,1,0,0,0,0,0,0,0,0,1,0,0,0,0,0,0,0,0,0,1
00544156.png,10,0,1,0,0,0,1,0,0,0,1,0,0,0,0,0,0,0,0,0,1
00544910.png,2,0,0,0,0,0,0,0,0,0,0,0,0,0,0,0,0,0,0,1,0
00544922.png,2,0,0,0,0,0,0,0,0,0,0,0,0,0,0,0,0,0,0,1,0
00544925.png,2,0,0,0,0,0,0,0,0,0,0,0,0,0,0,0,0,0,0,1,0
00544931.png,0,1,0,0,0,0,0,0,0,0,0,0,0,0,0,0,0,0,0,0,0
00544943.png,2,0,0,0,0,0,0,0,0,0,0,0,0,0,0,0,0,0,0,1,0
00544962.png,2,0,0,0,0,0,0,0,0,0,0,0,0,0,0,0,0,0,0,1,0
00545014.png,0,0,0,0,0,0,0,0,0,0,0,0,0,0,0,0,0,0,0,1,0
00545277.png,0,0,0,0,0,0,0,0,0,0,0,0,0,0,0,0,0,0,0,1,0
00545284.png,0,0,0,0,0,0,0,0,0,0,0,0,0,0,0,0,0,0,0,1,0
00545703.png,0,1,0,0,0,0,0,0,0,0,0,0,0,0,0,0,0,0,0,0,0
00545728.png,0,0,0,0,0,0,0,0,0,0,0,0,0,0,0,0,0,0,1,0,1
00545842.png,0,0,0,0,0,0,0,0,0,0,0,0,0,0,0,0,0,0,0,1,0
00545960.png,10,0,0,0,0,0,0,0,0,0,0,0,0,0,0,0,0,0,0,1,0
00545961.png,10,0,0,0,0,0,0,0,0,0,0,0,0,0,0,0,0,0,0,1,0
00546093.png,0,0,0,0,0,0,0,0,0,0,0,0,0,0,0,0,0,0,0,1,0
00546284.png,0,0,0,0,0,0,0,0,0,0,0,0,0,0,0,0,0,0,0,1,0
00546415.png,0,0,0,0,0,0,0,0,0,0,0,0,0,0,0,0,0,0,0,1,0
00546417.png,0,0,0,0,0,0,0,0,0,0,0,0,0,0,0,0,0,0,0,1,0
00546433.png,0,0,0,0,0,0,0,0,0,0,0,0,0,0,0,0,0,0,0,1,0
00546521.png,0,1,0,0,0,0,0,0,0,0,0,0,0,0,0,0,0,0,1,0,1
00546601.png,0,0,0,0,0,0,0,0,0,0,0,0,0,0,0,0,0,0,0,1,0
00546786.png,0,0,0,0,0,0,0,0,0,0,0,0,0,0,0,0,0,0,0,1,0
00546787.png,0,0,0,0,0,0,0,0,0,0,0,0,0,0,0,0,0,0,0,1,0
00546788.png,0,0,0,0,0,0,0,0,0,0,0,0,0,0,0,0,0,0,0,1,0
00546811.png,0,1,0,1,0,0,1,0,0,0,0,0,0,0,0,0,0,0,0,0,1
00547016.png,0,1,0,1,0,0,1,0,0,0,0,0,0,0,0,0,0,0,1,0,1
00547224.png,0,1,0,0,0,0,1,0,0,0,0,0,0,0,0,0,0,0,0,0,1
00547327.png,50,1,0,0,0,0,0,0,0,0,0,0,0,0,0,0,0,0,0,0,0
00547378.png,0,0,0,0,0,0,0,0,0,0,0,0,0,0,0,0,0,0,0,1,0
00547703.png,0,1,0,1,0,0,0,0,0,0,0,0,0,0,0,0,0,0,0,0,1
00547820.png,10,0,0,0,0,0,0,0,0,0,0,0,0,0,0,0,0,0,0,1,0
00547902.png,10,0,0,0,0,0,0,0,0,0,0,0,0,0,0,0,0,0,0,1,0
00548128.png,10,1,0,0,0,0,0,0,0,0,0,0,0,0,0,0,0,0,0,0,0
00548192.png,10,1,0,0,0,0,0,0,0,0,0,0,0,0,0,0,0,0,0,0,0
00548202.png,0,0,0,0,0,1,0,0,0,0,0,0,0,0,0,0,0,0,0,0,1
00548320.png,0,1,0,0,0,1,0,0,0,0,0,0,0,0,0,0,0,0,1,0,1
00548390.png,2,1,0,0,0,0,0,0,0,0,0,0,0,0,0,0,0,0,0,0,0
00548408.png,10,0,0,0,0,0,0,0,0,0,0,0,0,0,0,0,0,0,0,1,0
00548450.png,10,0,0,0,0,0,0,0,0,0,0,0,0,0,0,0,0,0,0,1,0
00548695.png,2,0,0,0,0,0,0,0,0,0,0,0,0,0,0,0,0,0,0,1,0
00548697.png,2,0,0,0,0,0,0,0,0,0,0,0,0,0,0,0,0,0,0,1,0
00548730.png,10,0,0,0,0,0,0,0,0,0,0,0,0,0,0,0,0,0,0,1,0
00548877.png,0,1,0,0,0,0,0,0,0,0,0,0,0,0,0,0,0,0,1,0,1
00548881.png,0,0,0,0,0,0,0,0,0,0,1,0,0,0,0,0,0,0,0,0,1
00548999.png,0,0,0,0,0,0,0,0,0,0,0,0,0,0,0,0,0,0,0,1,0
00549133.png,10,0,0,0,0,0,0,0,0,0,0,0,0,0,0,0,0,0,0,1,0
00549590.png,0,0,0,0,0,1,0,0,0,0,0,0,0,0,0,0,0,0,0,0,1
00549679.png,10,0,0,0,0,0,0,0,0,0,0,0,0,0,0,0,1,0,0,0,1
00549806.png,20,0,0,0,0,0,0,0,0,0,0,0,0,0,0,0,0,0,0,1,0
00549872.png,50,1,0,0,0,0,0,0,0,0,0,0,0,0,0,0,0,0,0,0,0
00550022.png,0,0,0,0,0,0,0,0,0,0,0,0,0,0,0,0,0,0,0,1,0
00550614.png,0,0,0,0,0,0,0,0,0,0,0,0,0,0,0,0,0,0,0,1,0
00550617.png,0,1,0,0,0,0,0,0,0,0,0,0,0,0,0,0,0,0,0,0,0
00550642.png,0,0,0,0,0,0,0,0,0,0,0,0,0,0,0,0,0,0,0,1,0
00550711.png,0,0,0,0,0,0,0,0,0,0,0,0,0,0,0,0,0,0,0,1,0
00550977.png,0,0,0,0,0,0,0,0,0,0,0,0,0,0,0,0,0,0,0,1,0
00551009.png,0,0,0,0,0,0,0,0,0,0,0,0,0,0,0,0,0,0,0,1,0
00551088.png,0,0,0,0,0,0,0,0,0,0,0,0,0,0,0,0,0,0,0,1,0
00551285.png,0,0,0,0,0,0,0,0,0,0,0,0,0,0,0,0,0,0,0,1,0
00551411.png,5,1,0,0,0,0,0,0,0,0,0,0,0,1,0,0,0,0,0,0,1
00551460.png,0,0,0,0,0,0,0,0,0,0,0,0,0,0,0,0,0,0,0,1,0
00551615.png,5,0,0,0,0,0,0,0,0,0,0,0,0,0,0,0,0,0,0,1,0
00551647.png,0,0,0,0,0,0,0,0,0,0,0,0,0,0,0,0,0,0,0,1,0
00552128.png,5,0,0,0,0,0,1,0,0,0,0,0,0,0,0,0,0,0,0,0,1
00552142.png,10,0,0,0,0,0,0,0,1,0,0,0,0,0,0,0,0,0,0,0,1
00552252.png,5,1,0,0,0,0,0,0,0,0,0,0,0,0,0,0,0,0,0,0,0
00552340.png,10,0,0,0,0,0,0,0,0,0,0,0,0,0,0,0,0,0,0,1,0
00552620.png,20,0,0,0,0,0,0,0,0,0,0,0,0,0,0,0,0,0,0,1,0
00552701.png,30,0,0,0,0,0,0,0,0,0,0,0,0,0,0,0,0,0,0,1,0
00552852.png,10,0,0,0,0,0,0,0,0,0,0,0,0,0,0,0,0,0,0,1,0
00553080.png,10,0,0,0,0,0,0,0,0,0,0,0,0,0,0,0,0,0,0,1,0
00553086.png,10,0,0,0,0,0,0,0,0,0,0,0,0,0,0,0,0,0,0,1,0
00553122.png,5,0,0,1,0,0,0,0,0,0,0,0,0,0,0,0,0,0,0,0,1
00553313.png,10,0,0,0,0,0,0,0,0,0,0,0,0,0,0,0,0,0,0,1,0
00553365.png,5,1,0,0,0,0,1,0,0,0,0,0,0,0,0,0,0,0,1,0,1
00553379.png,30,1,0,0,1,0,0,0,0,0,0,0,0,0,0,0,0,1,0,0,1
00553598.png,5,1,0,0,0,0,0,0,0,0,1,0,0,0,0,0,0,0,1,0,1
00553632.png,10,0,0,0,0,0,0,0,0,0,0,0,0,0,0,0,0,0,0,1,0
00553666.png,5,0,0,1,0,0,1,0,0,0,1,0,0,0,0,0,0,0,0,0,1
00553714.png,30,0,0,0,0,0,0,0,0,0,0,0,0,0,0,0,0,0,0,1,0
00554153.png,10,0,0,0,0,0,0,0,0,0,0,0,0,0,0,0,0,0,0,1,0
00554170.png,10,1,0,0,1,0,0,0,0,0,0,1,0,0,0,0,0,0,1,0,1
00554477.png,5,1,0,0,1,1,0,0,0,0,0,0,0,0,0,0,0,0,1,0,1
00554817.png,5,0,0,0,0,0,0,0,0,0,0,0,0,0,0,0,0,0,0,1,0
00555154.png,2,1,0,0,0,0,0,0,0,1,0,1,0,0,0,0,0,0,0,0,1
00555168.png,2,0,0,0,0,0,0,0,0,0,0,0,0,0,0,0,0,0,0,1,0
00555219.png,10,0,0,0,0,0,0,0,0,0,0,0,0,0,0,0,0,0,0,1,0
00555524.png,10,0,0,0,0,0,0,0,0,0,0,0,0,0,0,0,0,0,0,1,0
00555584.png,10,0,0,0,0,0,0,0,0,0,0,0,0,0,0,0,0,0,0,1,0
00555801.png,10,0,0,0,0,0,0,0,0,0,0,0,0,0,0,0,0,0,0,1,0
00555819.png,10,0,0,0,0,0,0,0,0,0,0,0,0,0,0,0,0,0,0,1,0
00555936.png,10,0,0,0,0,0,0,0,0,0,0,0,0,0,0,0,0,0,0,1,0
00556031.png,10,0,0,0,1,0,0,0,0,0,0,0,0,0,0,0,0,0,0,0,1
00556070.png,5,0,0,1,0,0,1,0,0,1,0,1,0,0,0,0,0,0,0,0,1
00556121.png,10,0,0,0,0,0,0,0,0,0,0,0,0,0,0,0,0,0,0,1,0
00556241.png,10,1,0,1,0,0,0,0,1,1,0,1,0,0,0,0,0,0,0,0,1
00556359.png,70,1,0,0,0,0,0,0,0,0,0,0,0,0,0,0,0,0,0,0,0
00556665.png,2,0,0,1,0,0,1,0,0,0,0,0,0,0,0,0,0,0,0,0,1
00556784.png,10,1,0,0,0,1,0,0,0,0,0,0,0,0,0,0,0,0,0,0,1
00556825.png,10,0,0,0,0,0,0,0,0,0,0,0,0,0,0,0,0,0,0,1,0
00556884.png,10,0,0,0,0,0,0,0,0,0,0,0,0,0,0,0,0,0,0,1,0
00556944.png,10,0,0,0,0,1,0,0,0,0,0,0,0,0,0,0,0,0,0,0,1
00557233.png,2,0,0,0,0,0,0,0,0,0,0,0,0,0,0,0,0,0,0,1,0
00557245.png,5,1,0,0,0,0,0,0,0,0,0,0,0,0,0,0,0,0,0,0,0
00557353.png,5,0,0,0,0,0,0,0,0,0,0,0,0,0,0,0,0,0,0,1,0
00557481.png,5,1,0,0,0,0,0,0,0,0,0,0,0,0,0,0,0,0,0,0,0
00557685.png,2,0,0,1,0,0,0,0,0,0,0,0,0,0,0,0,0,0,0,0,1
00557932.png,5,1,1,0,0,0,0,0,0,1,0,1,0,0,0,0,0,0,0,0,1
00557964.png,10,0,0,0,0,0,0,0,0,0,0,0,0,0,0,0,0,0,0,1,0
00558322.png,5,1,0,0,0,0,0,0,0,0,0,0,0,0,0,0,0,0,1,0,1
00558571.png,5,0,0,0,0,0,0,0,0,0,0,0,0,0,0,0,0,0,0,1,0
00558579.png,5,0,0,0,0,0,0,0,0,0,0,0,0,0,0,0,0,0,0,1,0
00558990.png,10,0,0,0,0,0,0,0,0,0,0,0,0,0,0,0,0,0,0,1,0
00559120.png,10,0,0,0,0,0,0,0,0,0,0,0,0,0,0,0,0,0,0,1,0
00559267.png,5,1,0,0,0,0,0,0,0,0,0,0,0,0,0,0,0,0,0,0,0
00559343.png,10,0,0,0,0,0,0,0,0,0,0,0,0,0,0,0,0,0,0,1,0
00559614.png,10,0,0,0,0,0,0,0,0,0,0,0,0,0,0,0,0,0,0,1,0
00559634.png,30,1,0,0,1,0,0,0,0,0,0,0,0,0,0,0,0,0,0,0,1
00559646.png,20,1,0,0,0,0,0,0,0,0,0,0,0,0,0,0,0,0,0,0,0
00559712.png,5,1,0,0,0,0,0,0,0,0,0,0,0,0,0,0,0,0,0,0,0
00559759.png,10,0,0,0,0,0,0,0,0,0,0,0,0,0,0,0,0,0,0,1,0
00559761.png,10,0,0,0,0,0,0,0,0,0,0,0,0,0,0,0,0,0,0,1,0
00559781.png,5,0,0,0,0,0,1,0,0,1,0,1,0,0,0,0,0,0,0,0,1
00559814.png,0,0,0,0,1,0,0,0,0,1,0,1,0,0,0,0,0,0,1,0,1
00559920.png,10,1,0,0,0,0,0,0,0,0,0,0,0,0,0,0,0,0,0,0,0
00559950.png,10,0,0,0,0,0,0,0,0,0,0,0,0,0,0,0,0,0,0,1,0
00560024.png,5,0,0,0,0,0,0,0,0,1,0,0,0,0,0,0,0,0,1,0,1
00560126.png,10,0,0,0,0,1,0,0,0,0,0,0,0,0,0,0,0,0,0,0,1
00560130.png,10,1,0,0,0,1,0,0,0,0,0,0,0,0,0,0,0,0,1,0,1
00560140.png,5,1,0,0,0,0,1,0,0,0,0,0,0,0,0,0,0,0,0,0,1
00560242.png,10,0,0,0,0,0,0,0,0,0,0,0,0,0,0,0,0,0,0,1,0
00560306.png,5,1,0,0,1,0,0,0,0,0,0,0,0,0,0,0,0,0,1,0,1
00560626.png,5,0,0,0,0,0,0,0,0,0,0,0,0,0,0,0,0,0,0,1,0
00560752.png,5,0,0,0,0,0,0,0,0,0,0,0,0,0,0,0,0,0,0,1,0
00560913.png,5,1,0,0,0,0,1,0,0,1,0,1,0,0,0,0,0,0,1,0,1
00560962.png,10,0,0,0,0,0,0,0,0,0,0,0,0,0,0,0,0,0,0,1,0
00560989.png,10,1,0,0,0,0,0,0,0,0,0,0,0,0,0,0,0,0,0,0,0
00561223.png,5,0,0,0,0,0,0,0,0,0,0,0,0,0,0,0,0,0,0,1,0
00561246.png,5,0,0,0,0,0,0,0,0,0,0,0,0,0,0,0,0,0,0,1,0
00561309.png,5,0,0,0,1,0,0,0,0,0,0,0,0,0,0,0,0,0,1,0,1
00561341.png,5,0,0,0,0,0,1,0,0,0,0,0,0,0,0,0,0,0,0,0,1
00561401.png,10,0,0,0,0,0,0,0,0,0,0,0,0,0,0,0,0,0,0,1,0
00561439.png,5,1,0,0,0,0,0,0,0,0,0,0,0,0,0,0,0,0,0,0,0
00561681.png,10,0,0,0,0,0,0,0,0,0,0,0,0,0,0,0,0,0,0,1,0
00561700.png,5,1,1,0,0,0,0,0,0,0,1,0,0,0,0,0,0,0,0,0,1
00561899.png,0,0,0,0,0,0,0,0,0,0,0,0,0,0,0,0,0,0,0,1,0
00561955.png,5,1,0,0,0,0,0,0,0,1,0,0,0,0,0,0,0,0,0,0,1
00562057.png,0,0,0,0,0,0,0,0,0,0,0,0,0,0,0,0,0,0,0,1,0
00562164.png,0,0,0,0,0,0,0,0,0,0,0,0,0,0,0,0,0,0,0,1,0
00562382.png,0,0,0,0,0,0,0,0,0,0,0,0,0,0,0,0,0,0,0,1,0
00562954.png,0,0,0,0,0,0,0,0,0,0,1,0,0,0,0,0,0,0,0,0,1
00562985.png,0,0,0,0,0,0,0,0,0,0,0,0,0,0,0,0,0,0,0,1,0
00563341.png,0,0,0,0,0,0,0,0,0,0,0,0,0,0,1,0,0,0,0,0,1
00563805.png,0,0,0,0,0,0,0,0,0,0,0,0,0,0,0,0,0,0,0,1,0
00563828.png,0,1,0,0,0,0,0,0,0,0,0,0,0,0,0,0,0,0,1,0,1
00563908.png,0,0,0,0,0,0,0,0,0,0,0,0,0,0,0,0,0,0,0,1,0
00564148.png,0,1,0,0,0,0,0,0,0,0,0,0,0,0,0,0,0,0,1,0,1
00564227.png,0,0,0,0,0,0,0,0,0,0,0,0,0,0,0,0,0,0,0,1,0
00564599.png,0,0,0,0,0,0,0,0,0,0,0,0,0,0,0,0,0,0,0,1,0
00564640.png,0,0,0,0,0,0,0,0,0,0,0,0,0,0,0,0,0,0,0,1,0
00564762.png,0,0,0,0,0,0,0,0,0,0,0,0,0,0,0,0,0,0,0,1,0
00565260.png,0,0,0,0,0,0,0,0,0,0,0,0,0,0,0,0,0,0,0,1,0
00565370.png,0,0,0,0,0,0,0,0,0,0,0,0,0,0,0,0,0,0,0,1,0
00565481.png,0,0,0,0,0,0,0,0,0,0,0,0,0,1,0,0,0,0,0,0,1
00565521.png,0,0,0,0,0,0,0,0,0,0,0,0,0,0,0,0,0,0,0,1,0
00565615.png,0,0,0,0,0,0,1,0,0,0,0,0,0,0,0,0,0,0,0,0,1
00565635.png,0,0,0,0,0,0,0,0,0,0,0,0,0,0,0,0,0,0,0,1,0
00565681.png,0,1,0,0,0,0,0,0,0,0,0,0,0,0,0,0,0,0,0,0,0
00565690.png,0,0,0,0,0,0,0,0,0,0,0,0,0,1,0,0,0,0,0,0,1
00565817.png,5,1,0,0,0,0,0,0,0,0,0,0,0,0,0,0,0,0,0,0,0
00566026.png,0,0,0,0,0,0,0,0,0,0,0,0,0,0,0,0,0,0,0,1,0
00566293.png,5,1,0,0,0,0,0,0,0,0,0,0,0,0,0,0,0,0,0,0,0
00566314.png,2,0,0,0,0,0,0,0,0,0,0,0,0,0,0,0,0,0,0,1,0
00566360.png,0,0,0,0,0,0,0,0,0,0,0,0,0,0,0,0,0,0,0,1,0
00566792.png,0,0,0,0,0,0,0,0,0,0,0,0,0,0,0,0,0,0,0,1,0
00566799.png,0,0,0,0,0,0,0,0,0,0,0,0,0,0,0,0,0,0,0,1,0
00566848.png,2,1,0,0,0,0,0,0,0,0,0,0,0,1,0,0,0,0,0,0,1
00566854.png,0,0,0,0,0,0,0,0,0,0,0,0,0,0,0,0,0,0,0,1,0
00566879.png,0,0,0,0,0,0,0,0,0,0,0,0,0,0,0,0,0,0,0,1,0
00566884.png,0,0,0,0,0,0,0,0,0,0,0,0,0,0,0,0,0,0,0,1,0
00566912.png,0,0,0,0,0,0,0,0,0,0,0,0,0,0,0,0,0,0,1,0,1
00566948.png,0,0,0,0,0,0,0,0,0,0,0,0,0,0,0,0,0,0,0,1,0
00567174.png,0,1,0,0,0,0,0,0,0,0,0,0,0,0,0,0,0,0,0,0,0
00567280.png,0,1,0,0,0,0,0,0,0,0,0,0,0,0,0,0,0,0,0,0,0
00567454.png,10,0,0,0,0,0,1,0,0,1,0,1,0,0,0,0,0,0,0,0,1
00567764.png,10,1,0,0,0,0,0,0,0,0,0,0,0,0,0,0,0,0,0,0,0
00567817.png,10,0,0,1,0,0,1,0,0,1,1,1,0,0,0,0,0,0,0,0,1
00567979.png,20,1,0,0,0,0,0,0,1,0,0,0,0,0,1,0,0,0,0,0,1
00568318.png,0,0,0,1,0,0,1,0,0,0,0,0,0,0,0,0,0,0,0,0,1
00568359.png,0,1,0,1,0,0,1,0,0,1,1,0,0,0,0,0,0,0,0,0,1
00568410.png,5,0,0,1,0,0,0,0,0,1,1,1,0,0,0,0,0,0,0,0,1
00568905.png,0,0,0,1,0,0,1,0,0,1,1,0,0,0,1,0,0,0,0,0,1
00568971.png,5,0,0,1,0,0,1,0,0,0,0,0,0,0,1,0,0,0,0,0,1
00569060.png,40,1,0,0,0,0,0,0,0,0,0,0,0,0,0,0,0,0,0,0,0
00569552.png,10,0,0,0,0,0,0,0,0,0,0,0,0,0,0,0,0,0,0,1,0
00569558.png,10,0,0,1,0,0,1,0,0,0,1,0,0,0,0,0,0,0,0,0,1
00569590.png,10,0,0,1,0,0,1,0,0,0,1,0,0,0,0,0,0,0,0,0,1
00569735.png,0,1,0,0,0,0,0,0,0,0,0,0,0,0,0,0,0,0,0,0,0
00569844.png,10,1,0,0,0,0,0,0,0,0,0,0,0,0,0,0,0,0,0,0,0
00569847.png,20,1,0,1,0,0,1,0,0,1,0,0,0,0,0,0,0,0,0,0,1
00570055.png,0,0,1,1,0,0,1,0,0,0,0,1,0,0,0,0,0,0,0,0,1
00570408.png,0,1,0,0,0,0,0,0,0,0,0,0,0,0,0,0,0,0,0,0,0
00570487.png,10,0,0,1,0,0,1,0,0,1,1,0,0,0,0,0,0,0,0,0,1
00570656.png,20,0,0,0,0,0,1,0,0,0,0,1,0,0,0,0,0,0,0,0,1
00570950.png,10,1,0,0,0,0,0,0,0,0,0,0,0,0,0,0,0,0,0,0,0
00570987.png,0,0,0,0,0,0,0,0,0,0,0,0,0,0,0,0,0,0,0,1,0
00571258.png,0,0,1,1,0,0,1,0,0,0,0,0,0,0,0,0,0,0,0,0,1
00571325.png,0,0,0,0,0,0,0,0,0,0,0,0,0,0,0,0,0,0,0,1,0
00571434.png,0,0,0,0,0,0,0,0,0,0,0,0,0,0,0,0,0,0,0,1,0
00571474.png,0,0,0,0,0,0,0,0,0,0,0,0,0,0,0,0,0,0,0,1,0
00571568.png,5,0,0,0,0,0,0,0,0,0,0,0,0,0,0,0,0,0,0,1,0
00571889.png,0,0,0,1,0,0,1,0,0,1,0,1,0,0,0,0,0,0,0,0,1
00571926.png,0,0,0,1,0,0,1,0,0,0,0,0,0,0,0,0,0,0,0,0,1
00571937.png,10,1,0,1,0,0,0,0,0,0,0,0,0,0,0,0,0,0,0,0,1
00572302.png,0,0,0,0,0,0,1,0,0,0,0,0,0,0,0,0,0,0,0,0,1
00572422.png,0,1,0,1,0,0,0,0,0,0,0,0,0,0,0,0,0,0,0,0,1
00572435.png,0,0,0,1,0,0,1,0,0,0,0,0,0,0,1,0,0,0,0,0,1
00572509.png,0,0,0,0,0,0,1,0,0,0,1,0,0,0,0,0,0,0,0,0,1
00572672.png,0,1,0,0,0,0,0,0,0,0,1,0,0,0,0,0,0,0,1,0,1
00572746.png,0,0,0,1,0,0,1,0,0,0,0,0,0,0,0,0,0,0,0,0,1
00572826.png,0,0,0,1,0,0,1,0,0,0,0,0,0,0,0,0,0,0,0,0,1
00572855.png,0,0,0,0,0,0,0,0,0,0,0,0,0,0,0,0,0,0,0,1,0
00572953.png,0,0,0,1,0,0,1,0,0,0,0,0,0,0,1,0,0,0,0,0,1
00573162.png,10,0,0,0,0,0,0,0,0,0,0,0,0,0,0,0,0,0,0,1,0
00573169.png,20,0,0,0,0,0,0,0,0,0,1,0,0,0,0,0,0,0,0,0,1
00573261.png,0,1,1,0,0,0,1,0,0,0,1,0,0,0,0,0,0,0,0,0,1
00573451.png,5,0,0,1,0,0,1,0,0,0,1,0,0,0,0,0,0,0,0,0,1
00573589.png,0,1,0,1,0,0,1,0,0,0,0,0,0,0,0,0,0,0,0,0,1
00573697.png,0,0,0,0,0,0,1,0,0,1,1,1,0,0,0,0,0,0,1,0,1
00573727.png,10,0,0,1,0,0,0,0,0,1,0,1,0,0,0,0,0,0,0,0,1
00573742.png,60,0,0,0,0,0,0,0,0,0,0,0,0,0,0,0,0,0,0,1,0
00573762.png,60,0,0,0,0,0,0,0,0,0,0,0,0,0,0,0,0,0,0,1,0
00573920.png,30,1,0,0,0,0,0,0,0,0,0,0,0,0,0,0,0,0,0,0,0
00573932.png,10,0,0,1,0,0,0,0,0,0,0,1,0,1,0,0,0,0,0,0,1
00574217.png,10,1,0,1,0,0,1,0,0,0,0,0,0,0,0,0,0,0,1,0,1
00574605.png,0,0,1,1,0,0,1,0,0,0,1,0,0,0,0,0,0,0,1,0,1
00574951.png,0,0,0,0,0,0,0,0,0,0,0,0,0,0,0,0,0,0,0,1,0
00575135.png,0,0,0,1,0,0,1,0,0,0,1,0,0,0,0,0,0,0,1,0,1
00575280.png,0,0,0,0,0,0,0,0,0,0,0,0,0,1,0,0,0,0,0,0,1
00575310.png,0,1,0,0,0,0,0,0,0,0,0,0,0,0,0,0,0,0,1,0,1
00575353.png,0,0,0,0,0,0,0,0,0,0,0,0,0,0,0,0,0,0,0,1,0
00575542.png,5,0,1,1,0,0,1,0,0,0,1,0,0,0,1,0,0,0,0,0,1
00575561.png,5,1,0,1,0,0,0,0,0,0,0,0,0,0,0,0,0,0,0,0,1
00575567.png,5,0,0,1,0,0,1,0,0,0,0,0,0,1,0,0,0,0,0,0,1
00575706.png,5,0,0,0,0,0,0,0,0,0,0,0,0,0,0,0,0,0,0,1,0
00575730.png,5,0,0,0,0,1,0,0,0,0,0,0,0,0,0,0,0,0,0,0,1
00575741.png,0,1,0,0,1,0,0,0,0,0,0,0,0,0,0,0,0,0,0,0,1
00575746.png,5,1,0,0,0,0,0,0,0,0,0,0,0,0,0,0,0,0,0,0,0
00575776.png,0,1,0,0,0,1,0,0,0,0,0,0,0,0,0,0,0,0,0,0,1
00575786.png,10,0,0,0,0,0,0,0,0,0,0,0,0,0,0,0,0,0,0,1,0
00575995.png,5,0,0,1,0,0,1,0,0,0,0,1,0,1,0,0,0,0,1,0,1
00576065.png,5,0,0,1,0,0,1,0,0,0,0,0,0,0,0,0,0,0,0,0,1
00576078.png,5,0,0,1,0,0,1,0,0,0,0,0,0,0,0,0,0,0,0,0,1
00576085.png,5,0,0,1,0,0,1,0,0,0,0,0,0,0,0,0,0,0,0,0,1
00576123.png,0,1,0,0,0,0,1,0,0,0,0,0,0,0,0,0,0,0,0,0,1
00576290.png,30,1,0,0,0,0,0,0,0,0,0,0,0,0,0,0,0,0,1,0,1
00576295.png,10,0,0,0,0,0,0,0,0,0,0,0,0,0,0,0,0,0,0,1,0
00576383.png,0,0,0,0,0,0,0,0,0,0,0,0,0,0,0,0,0,0,0,1,0
00576391.png,0,0,0,0,0,0,0,0,0,0,0,0,0,0,0,0,0,0,0,1,0
00576831.png,10,0,0,0,0,0,0,0,0,0,0,0,0,0,0,0,0,0,0,1,0
00576910.png,5,0,0,1,0,0,1,0,0,0,0,1,0,1,0,0,0,0,0,0,1
00577446.png,0,0,0,0,0,0,0,0,0,0,0,0,0,0,0,0,0,0,0,1,0
00577529.png,0,0,0,0,0,0,0,0,0,0,0,0,0,0,0,0,0,0,0,1,0
00577692.png,10,1,0,0,0,0,0,0,0,0,0,0,0,0,0,0,0,0,0,0,0
00577720.png,5,0,0,0,0,0,0,0,0,0,0,0,0,0,0,0,0,0,0,1,0
00577793.png,5,0,0,0,0,0,0,0,0,0,0,0,0,0,0,0,0,0,0,1,0
00577955.png,0,0,0,0,0,0,0,0,0,0,0,0,0,0,0,0,0,0,0,1,0
00578091.png,5,0,0,0,0,0,0,0,0,0,0,0,0,0,0,0,0,0,0,1,0
00578098.png,5,0,0,0,0,0,0,0,0,0,0,0,0,0,0,0,0,0,0,1,0
00578197.png,5,0,0,0,0,0,1,0,0,0,0,0,0,0,0,0,0,0,0,0,1
00578268.png,5,0,0,0,0,0,0,0,0,0,0,0,0,0,0,0,0,0,0,1,0
00578295.png,5,0,0,0,0,0,0,0,0,0,0,0,0,0,0,0,0,0,0,1,0
00578542.png,0,1,0,0,0,0,0,0,0,0,0,0,0,0,0,0,0,0,0,0,0
00578613.png,0,0,0,0,0,0,0,0,0,0,0,0,0,0,0,0,0,0,0,1,0
00578653.png,0,1,0,0,0,0,0,0,0,0,0,0,0,0,0,0,0,0,0,0,0
00578764.png,0,0,0,0,0,0,0,0,0,0,0,0,0,0,0,0,0,0,0,1,0
00578839.png,0,0,0,0,0,0,0,0,0,0,0,0,0,0,0,0,0,0,0,1,0
00579415.png,0,1,0,0,0,0,0,0,0,0,0,0,0,0,0,0,0,0,0,0,0
00579634.png,0,0,0,0,0,0,0,0,0,0,0,0,0,0,0,0,0,0,0,1,0
00579660.png,0,1,0,0,0,0,0,0,0,0,0,0,0,0,0,0,0,0,0,0,0
00579681.png,0,0,0,0,0,0,0,0,0,0,0,0,0,0,0,0,0,0,0,1,0
00579793.png,0,1,0,0,0,0,0,0,0,0,0,0,0,0,0,0,0,0,1,0,1
00579890.png,0,0,0,0,0,0,0,0,0,0,0,0,0,0,0,0,0,0,0,1,0
00579971.png,0,0,0,0,0,0,0,0,0,0,0,0,0,0,0,0,0,0,0,1,0
00579978.png,0,0,0,0,0,0,0,0,0,0,0,0,0,0,0,0,0,0,0,1,0
00580066.png,0,0,0,0,0,0,0,0,0,0,0,0,0,0,0,0,0,0,0,1,0
00580129.png,0,0,0,0,0,0,0,0,0,0,0,0,0,0,0,0,0,0,0,1,0
00580366.png,0,0,0,0,0,0,0,0,0,0,0,0,0,0,0,0,0,0,0,1,0
00580401.png,0,0,0,0,0,0,0,0,0,0,0,0,0,0,0,0,0,0,0,1,0
00580478.png,0,1,0,0,0,0,0,0,0,0,0,0,0,0,0,0,0,0,1,0,1
00580561.png,0,0,0,0,0,0,0,0,0,0,1,0,0,0,0,0,0,0,0,0,1
00580673.png,10,1,0,1,0,0,0,0,0,0,0,0,0,0,0,0,0,0,0,0,1
00580733.png,5,1,0,1,0,0,0,0,0,0,1,0,0,0,0,0,0,0,1,0,1
00580751.png,5,0,0,0,0,1,0,0,0,0,0,0,0,0,0,0,0,0,0,0,1
00580855.png,10,0,0,0,0,1,0,0,0,0,0,0,0,0,0,0,0,0,0,0,1
00580942.png,5,0,0,0,0,0,1,0,0,0,1,0,0,0,0,0,0,0,0,0,1
00581023.png,10,0,0,0,0,0,0,0,0,0,0,0,0,0,0,0,0,0,0,1,0
00581111.png,5,0,0,1,0,0,1,0,0,0,0,0,0,0,0,0,0,0,1,0,1
00581181.png,0,0,0,0,0,0,1,0,0,0,0,0,0,0,0,0,0,0,0,0,1
00581350.png,0,0,0,0,0,0,0,0,0,0,0,0,0,0,0,0,0,0,0,1,0
00581378.png,0,1,0,0,0,0,0,0,0,0,0,0,0,0,0,0,0,0,1,0,1
00581500.png,0,0,0,0,0,0,0,0,0,0,0,0,0,0,0,0,0,0,0,1,0
00581586.png,10,0,1,1,0,0,1,0,0,0,0,0,0,0,0,0,0,0,0,0,1
00581803.png,5,0,0,0,0,0,1,0,0,0,1,0,0,0,1,0,0,0,0,0,1
00581828.png,5,0,0,0,0,0,0,0,0,0,0,0,0,0,0,0,1,0,0,0,1
00581831.png,5,0,0,0,0,0,0,0,0,0,0,0,0,0,0,0,0,0,0,1,0
00581864.png,40,1,0,0,0,0,0,0,0,0,0,0,0,0,0,0,0,0,0,0,0
00581953.png,5,0,0,0,0,0,0,0,0,0,0,0,0,0,0,0,0,0,0,1,0
00581971.png,5,0,0,0,0,0,0,0,0,0,0,0,0,0,0,0,0,0,0,1,0
00581974.png,5,0,0,0,0,0,0,0,0,0,0,0,0,0,0,0,0,0,0,1,0
00582370.png,20,1,0,0,0,0,0,0,0,0,0,0,0,0,0,0,0,0,0,0,0
00582392.png,20,0,0,0,0,0,0,0,0,0,0,0,0,0,0,0,0,0,0,1,0
00582476.png,10,0,0,0,0,0,0,0,0,0,0,0,0,0,0,0,0,0,0,1,0
00582936.png,10,0,0,0,0,0,0,0,0,0,1,0,0,0,0,0,0,0,0,0,1
00582943.png,10,0,0,0,0,0,0,0,0,0,0,0,0,0,0,0,0,0,0,1,0
00583037.png,5,0,0,0,0,0,0,0,0,0,0,0,0,0,0,0,0,0,0,1,0
00583235.png,30,1,0,1,0,0,1,0,0,0,0,0,0,0,0,0,0,0,0,0,1
00583358.png,10,0,0,0,0,0,0,0,0,0,0,0,0,0,0,0,0,0,0,1,0
00583691.png,20,0,0,0,0,0,0,0,0,0,0,0,0,0,0,0,0,0,0,1,0
00583709.png,20,0,0,0,0,0,0,0,0,0,0,0,0,0,0,0,0,0,0,1,0
00583716.png,20,0,0,0,0,0,0,0,0,0,0,0,0,0,0,0,0,0,0,1,0
00583883.png,20,0,0,0,0,0,0,0,0,0,0,0,0,0,0,0,0,0,0,1,0
00583909.png,20,0,0,0,0,0,0,0,0,0,0,0,0,0,0,0,0,0,0,1,0
00583910.png,20,0,0,0,0,0,0,0,0,0,0,0,0,0,0,0,0,0,0,1,0
00584201.png,10,0,0,0,0,0,0,0,0,0,0,0,0,0,0,0,0,0,0,1,0
00584238.png,5,1,0,0,0,0,0,0,0,0,0,0,0,0,0,0,0,0,0,0,0
00584755.png,2,0,0,0,0,0,0,0,0,1,0,1,0,0,0,0,0,0,0,0,1
00585083.png,60,0,0,0,0,0,0,0,0,0,0,0,0,0,0,0,0,0,0,1,0
00585084.png,60,0,0,0,0,0,0,0,0,0,0,0,0,0,0,0,0,0,0,1,0
00585144.png,2,0,0,0,0,0,0,0,0,0,0,0,0,0,0,0,0,0,0,1,0
00585166.png,2,0,0,0,0,0,0,0,0,0,0,0,0,0,0,0,0,0,0,1,0
00585176.png,2,0,0,0,0,0,0,0,0,0,0,0,0,0,0,0,0,0,0,1,0
00585592.png,2,0,0,0,0,0,0,0,0,0,0,1,0,0,0,0,0,0,0,0,1
00585863.png,10,0,0,0,0,0,0,0,0,0,0,0,0,0,0,0,0,0,0,1,0
00585944.png,2,0,0,0,0,0,0,0,0,0,0,0,0,0,0,0,0,0,0,1,0
00586044.png,10,0,0,0,0,0,0,0,0,0,0,0,0,0,0,0,0,0,0,1,0
00586065.png,2,0,0,0,0,0,0,0,0,0,0,0,0,0,0,0,0,0,0,1,0
00586086.png,2,0,0,0,0,0,0,0,0,0,0,0,0,0,0,0,0,0,0,1,0
00586257.png,20,0,0,0,0,0,0,0,0,0,0,0,0,0,0,0,0,0,0,1,0
00586484.png,2,0,0,0,0,0,0,0,0,0,0,0,0,0,0,0,0,0,0,1,0
00586579.png,5,0,0,0,0,0,0,0,0,0,0,1,0,0,0,0,0,0,0,0,1
00586591.png,5,0,0,0,0,0,0,0,0,0,0,0,0,0,0,0,0,0,0,1,0
00586739.png,20,0,0,0,0,0,0,0,0,0,0,0,0,0,0,0,0,0,0,1,0
00586743.png,20,0,0,0,0,0,0,0,0,0,0,0,0,0,0,0,0,0,0,1,0
00586762.png,20,0,0,0,0,0,0,0,0,0,0,0,0,0,0,0,0,0,0,1,0
00586842.png,2,0,0,0,0,0,0,0,0,0,0,0,0,0,0,0,0,0,0,1,0
00587109.png,10,0,0,0,0,0,0,0,0,0,0,0,0,0,0,0,0,0,0,1,0
00587113.png,10,0,0,0,0,0,0,0,0,0,0,0,0,0,0,0,0,0,0,1,0
00587117.png,10,0,0,0,0,0,0,0,0,0,0,0,0,0,0,0,0,0,0,1,0
00587251.png,40,0,0,0,0,0,0,0,0,0,0,0,0,0,0,0,0,0,0,1,0
00587491.png,10,0,0,1,0,0,0,0,0,0,1,0,0,0,0,0,0,0,0,0,1
00587530.png,2,0,0,0,0,0,0,0,0,0,0,0,0,0,0,0,0,0,0,1,0
00587620.png,2,0,0,0,0,0,0,0,0,0,0,0,0,0,0,0,0,0,0,1,0
00587633.png,2,0,1,0,0,0,0,0,0,0,0,0,0,0,1,0,0,0,0,0,1
00587675.png,10,1,0,0,0,0,0,0,0,0,0,0,0,0,0,0,0,0,0,0,0
00588188.png,0,1,0,0,0,0,0,0,0,0,0,0,0,1,0,0,0,0,0,0,1
00588191.png,10,0,0,0,0,0,0,0,0,0,0,0,0,1,0,0,0,0,1,0,1
00588238.png,10,0,0,1,0,0,0,0,0,1,0,1,0,0,0,0,0,0,0,0,1
00588262.png,2,1,0,0,0,0,0,0,0,0,0,0,0,0,0,0,0,0,0,0,0
00588405.png,10,0,0,0,0,0,0,0,0,0,0,0,0,0,0,0,0,0,0,1,0
00588429.png,10,0,0,0,0,0,0,0,0,0,0,0,0,0,0,0,0,0,0,1,0
00588512.png,10,0,0,0,0,0,0,0,0,0,0,0,0,0,0,0,0,0,0,1,0
00588792.png,10,0,0,0,0,0,0,0,0,0,0,0,0,0,0,0,0,0,0,1,0
00589004.png,10,0,1,0,0,0,0,0,0,1,1,1,0,0,0,0,0,0,0,0,1
00589081.png,10,0,0,0,0,0,0,0,0,0,0,0,0,0,0,0,0,0,0,1,0
00589104.png,10,0,0,0,0,0,0,0,0,0,0,0,0,0,0,0,0,0,0,1,0
00589131.png,5,0,0,0,0,0,0,0,0,1,0,1,0,0,0,0,0,0,0,0,1
00589147.png,10,0,0,0,0,0,0,0,0,0,0,0,0,0,0,0,0,0,0,1,0
00589152.png,10,0,0,0,0,0,0,0,0,0,0,0,0,0,0,0,0,0,0,1,0
00589485.png,5,1,0,0,0,0,0,0,0,0,0,0,0,0,0,0,0,0,0,0,0
00589654.png,10,0,0,0,0,0,0,0,0,1,0,0,0,0,0,0,0,0,0,0,1
00589801.png,10,0,1,0,0,0,0,0,0,1,0,1,0,0,0,0,0,0,0,0,1
00589803.png,10,0,1,0,0,0,0,0,0,1,0,1,0,0,0,0,0,0,0,0,1
00589812.png,5,1,0,0,0,0,0,0,0,0,0,0,0,0,0,0,0,0,0,0,0
00590301.png,0,1,0,0,0,0,0,0,0,0,0,0,0,0,0,0,0,0,0,0,0
00590393.png,0,0,0,0,0,0,0,0,0,0,0,0,0,0,0,0,0,0,0,1,0
00590399.png,0,0,0,0,0,0,0,0,0,0,0,0,0,0,0,0,0,0,0,1,0
00590410.png,0,0,0,0,0,0,0,0,0,0,0,0,0,0,0,0,0,0,0,1,0
00590497.png,5,0,0,0,0,0,0,0,0,0,0,0,0,0,0,0,0,0,0,1,0
00590995.png,0,0,0,0,0,0,0,0,0,0,0,0,0,0,0,0,0,0,0,1,0
00591058.png,0,0,0,0,0,0,0,0,0,0,0,0,0,0,0,0,0,0,0,1,0
00591097.png,0,0,0,0,0,0,0,0,0,0,0,0,0,0,0,0,0,0,0,1,0
00591205.png,0,0,0,0,0,0,0,0,0,0,0,0,0,0,0,0,0,0,0,1,0
00591253.png,0,0,0,0,0,0,0,0,0,0,0,0,0,0,0,1,0,0,0,0,1
00591308.png,0,0,0,0,0,0,0,0,0,0,0,0,0,1,0,0,0,0,0,0,1
00591323.png,0,0,0,0,0,0,0,0,0,0,0,0,0,0,0,0,0,0,0,1,0
00591377.png,0,0,0,0,0,0,0,0,0,0,0,0,0,0,0,0,0,0,0,1,0
00591408.png,0,0,0,0,0,0,0,0,0,0,0,0,0,0,0,0,0,0,0,1,0
00591573.png,0,0,0,0,0,0,0,0,0,0,0,0,0,0,0,0,0,0,0,1,0
00591649.png,0,0,0,0,0,0,0,0,0,0,0,0,0,0,0,0,0,0,0,1,0
00592073.png,5,0,0,0,0,0,0,0,0,0,0,0,0,0,0,0,0,0,0,1,0
00592417.png,10,0,0,0,0,0,0,0,0,0,0,0,0,0,0,0,0,0,0,1,0
00592419.png,10,0,0,0,0,0,0,0,0,0,0,0,0,0,0,0,0,0,0,1,0
00592507.png,10,0,0,0,0,0,0,0,0,0,0,0,0,0,0,0,0,0,0,1,0
00592512.png,10,0,0,0,0,0,0,0,0,0,0,0,0,0,0,0,0,0,0,1,0
00592881.png,10,0,0,0,0,0,0,0,0,0,0,0,0,0,0,0,0,0,0,1,0
00593407.png,10,0,0,1,0,0,1,0,0,0,1,0,0,0,0,0,0,0,1,0,1
00593412.png,10,0,0,1,0,0,0,0,0,1,0,0,0,0,0,0,0,0,0,0,1
00593862.png,10,0,0,0,0,0,0,0,0,0,0,0,0,0,0,0,0,0,0,1,0
00593949.png,30,1,0,0,0,0,1,0,0,0,0,0,0,0,0,0,0,0,0,0,1
00593978.png,0,1,0,1,0,0,1,0,0,0,0,0,0,0,0,0,0,0,1,0,1
00594044.png,10,0,0,0,1,0,0,0,0,0,0,0,0,0,0,0,0,0,1,0,1
00594048.png,10,0,0,0,0,0,0,0,0,0,0,0,0,0,0,0,0,0,0,1,0
00594413.png,10,1,0,0,0,0,0,0,0,0,0,0,0,0,0,0,0,0,0,0,0
00594471.png,0,1,0,1,0,0,1,0,0,0,0,0,0,0,0,0,0,0,1,0,1
00594500.png,10,0,0,0,0,0,0,0,0,0,0,0,0,0,0,0,0,0,0,1,0
00594672.png,0,0,0,0,0,0,1,0,0,0,0,0,0,0,0,0,0,0,1,0,1
00594807.png,10,0,0,0,0,0,0,0,0,0,0,0,0,0,0,0,0,0,0,1,0
00594837.png,10,0,0,0,0,0,0,0,0,0,0,0,0,0,0,0,0,0,0,1,0
00594999.png,10,0,0,0,0,0,0,0,0,0,0,0,0,0,0,0,0,0,0,1,0
00595014.png,10,0,0,0,0,0,0,0,0,0,0,0,0,0,0,0,0,0,0,1,0
00595127.png,10,0,0,0,0,1,1,0,0,0,0,0,0,0,0,0,0,0,0,0,1
00595321.png,10,0,0,0,0,0,0,0,0,0,0,0,0,0,0,0,0,0,0,1,0
00595514.png,10,0,0,0,0,0,0,0,0,0,0,0,0,0,0,0,0,0,0,1,0
00595596.png,10,0,0,0,0,0,0,0,0,0,0,0,0,0,0,0,0,0,0,1,0
00595623.png,10,0,0,0,1,0,0,0,0,0,0,0,0,0,0,0,0,0,1,0,1
00595636.png,10,0,0,0,0,0,0,0,0,0,0,0,0,0,0,0,0,0,0,1,0
00595709.png,10,0,0,0,0,0,0,0,0,0,0,0,0,0,0,0,0,0,0,1,0
00595731.png,10,0,0,0,0,0,0,0,0,0,0,0,0,0,0,0,0,0,0,1,0
00595743.png,10,0,0,0,0,0,0,0,0,0,0,0,0,0,0,0,0,0,0,1,0
00595800.png,10,1,0,1,0,0,0,0,0,0,0,0,0,0,0,0,0,0,1,0,1
00596174.png,0,0,0,0,0,0,1,0,0,0,0,0,0,0,0,0,0,0,1,0,1
00596208.png,10,0,0,0,0,0,0,0,0,0,0,0,0,0,0,0,0,0,0,1,0
00596221.png,10,0,0,0,0,0,0,0,0,0,0,0,0,0,0,0,0,0,0,1,0
00596507.png,10,0,0,0,0,0,0,0,0,0,0,0,0,0,0,0,0,0,0,1,0
00596598.png,0,0,0,0,1,0,0,0,0,0,1,0,0,0,0,0,1,0,0,0,1
00596704.png,10,0,0,0,0,0,0,0,0,0,0,0,0,0,0,0,0,0,0,1,0
00596776.png,10,0,0,0,0,0,0,0,0,0,0,0,0,0,0,0,0,0,0,1,0
00597340.png,10,0,0,1,0,0,0,0,0,0,0,0,0,0,0,0,0,0,0,0,1
00597441.png,5,0,0,1,0,0,0,0,0,0,0,0,0,0,1,0,0,0,0,0,1
00597446.png,5,1,0,1,0,0,0,0,0,1,0,1,0,0,0,0,0,0,0,0,1
00597452.png,10,1,0,0,0,0,0,0,0,0,0,0,0,0,0,0,0,0,0,0,0
00597804.png,10,0,0,1,0,0,0,0,0,1,0,0,0,0,0,0,0,0,0,0,1
00597807.png,10,0,0,1,0,0,1,0,0,1,0,1,0,0,0,0,0,0,0,0,1
00597871.png,10,0,0,1,0,0,0,0,0,1,0,1,0,0,0,0,0,0,0,0,1
00597886.png,10,1,0,1,0,0,1,0,0,0,0,0,0,0,0,0,0,0,0,0,1
00597974.png,10,0,0,1,0,0,0,0,0,1,0,0,0,0,0,0,0,0,0,0,1
00598083.png,10,0,0,1,0,0,0,0,0,1,0,0,0,1,0,0,0,0,0,0,1
00598134.png,0,1,0,1,0,0,0,0,0,0,0,0,0,0,0,0,0,0,0,0,1
00598294.png,0,0,0,1,0,0,0,0,0,0,0,1,0,0,0,0,0,0,0,0,1
00598296.png,0,1,0,1,0,0,1,0,0,0,0,1,0,0,0,0,0,0,1,0,1
00598667.png,0,1,0,0,0,0,0,0,0,0,0,0,0,0,0,0,0,0,0,0,0
00598904.png,10,0,0,1,0,0,0,0,0,1,0,1,0,0,0,0,0,0,0,0,1
00598918.png,0,1,0,0,0,0,0,0,0,0,0,0,0,0,0,0,0,0,0,0,0
00599075.png,0,1,0,0,0,0,1,0,0,1,0,1,0,0,0,0,0,0,0,0,1
00599101.png,10,1,0,1,0,0,0,0,0,0,1,0,0,0,0,0,0,0,0,0,1
00599184.png,0,1,0,1,0,0,1,0,0,0,0,0,0,0,0,0,0,0,1,0,1
00599231.png,0,1,0,0,0,0,1,0,0,0,0,0,0,0,0,0,0,0,0,0,1
00599369.png,0,1,0,1,0,0,1,0,0,0,0,0,0,0,0,0,0,0,0,0,1
00599387.png,0,1,0,1,0,0,1,0,0,0,0,0,0,0,0,0,0,0,1,0,1
00599420.png,0,1,0,1,0,0,1,0,0,0,0,0,1,1,0,0,0,0,0,0,1
00599466.png,0,1,0,1,0,0,0,0,0,0,0,0,0,0,0,0,0,0,1,0,1
00599530.png,0,1,0,0,0,0,1,0,0,0,1,0,0,0,0,0,0,0,0,0,1
00600114.png,10,0,0,1,0,0,1,0,0,0,1,0,0,0,0,0,0,0,0,0,1
00600135.png,0,1,0,1,0,0,0,0,0,0,0,0,0,0,0,0,0,0,1,0,1
00600293.png,0,1,0,1,0,0,0,0,0,0,0,0,0,0,0,0,0,0,1,0,1
00600778.png,10,1,0,0,0,0,0,0,0,0,0,0,0,0,0,0,0,0,0,0,0
00600790.png,0,1,0,1,0,0,1,0,0,1,0,1,0,0,0,0,0,0,1,0,1
00600793.png,10,0,0,1,0,0,1,0,0,1,0,0,0,0,0,0,0,0,0,0,1
00600811.png,0,0,1,1,0,0,0,0,0,1,0,0,0,0,0,0,0,0,1,0,1
00600891.png,0,1,0,1,0,0,0,0,0,1,0,1,0,0,0,0,0,0,0,0,1
00600948.png,0,1,0,0,0,0,0,0,0,0,0,0,0,0,0,0,0,0,0,0,0
00601142.png,0,0,0,1,0,0,1,0,0,0,0,0,0,0,0,0,0,0,0,0,1
00601201.png,0,0,0,1,0,0,1,0,0,1,0,0,0,0,0,0,0,0,1,0,1
00601279.png,0,0,0,1,0,0,1,0,0,1,1,0,0,0,0,0,0,0,0,0,1
00601494.png,5,0,1,1,0,0,0,0,0,0,0,1,0,0,1,0,0,0,0,0,1
00601666.png,0,1,1,1,0,0,1,0,0,0,0,0,0,0,1,0,0,0,0,0,1
00601707.png,0,1,1,1,0,0,0,0,0,0,0,0,0,0,0,0,0,0,1,0,1
00601807.png,10,0,0,1,0,0,1,0,0,0,0,0,0,0,0,0,0,0,0,0,1
00601988.png,0,1,1,1,0,0,1,0,0,0,0,0,0,0,0,0,0,0,0,0,1
00602065.png,0,0,0,1,0,0,1,0,0,0,0,0,0,1,0,0,0,0,1,0,1
00602135.png,0,0,0,1,0,0,0,0,0,1,1,0,0,0,0,0,0,0,0,0,1
00603025.png,10,0,0,1,0,0,1,0,0,1,0,1,0,1,0,0,0,0,0,0,1
00603039.png,10,1,0,0,0,0,0,0,0,0,0,0,0,0,0,0,0,0,0,0,0
00603162.png,10,1,0,0,0,0,0,0,0,0,0,0,0,0,0,0,0,0,0,0,0
00603227.png,10,0,0,0,0,0,0,0,0,0,0,0,0,0,0,0,0,0,0,1,0
00603373.png,0,0,0,0,0,0,0,0,0,0,0,0,0,0,0,0,0,0,0,1,0
00603379.png,0,0,0,0,0,0,0,0,0,0,0,0,0,0,0,0,0,0,0,1,0
00603694.png,10,0,0,1,0,0,1,0,0,0,0,1,0,0,0,0,0,0,0,0,1
00603798.png,10,0,0,0,0,0,0,0,0,0,0,0,0,0,0,0,0,0,0,1,0
00604108.png,10,0,0,0,0,0,0,0,0,0,0,0,0,0,1,0,0,0,0,0,1
00604247.png,10,0,0,0,0,0,0,0,0,0,0,0,0,0,0,0,0,0,0,1,0
00604522.png,10,0,0,1,0,0,1,0,0,0,0,1,0,0,0,0,0,0,0,0,1
00604569.png,10,0,0,0,0,0,0,0,0,0,0,0,0,0,0,0,0,0,0,1,0
00604616.png,20,1,0,1,0,0,1,0,0,0,0,0,0,0,0,0,0,0,0,0,1
00604667.png,10,1,0,1,0,0,1,0,0,0,0,0,0,0,0,0,0,0,0,0,1
00604975.png,10,0,0,0,0,0,0,0,0,0,0,0,0,0,0,0,0,0,0,1,0
00605037.png,10,0,0,0,0,0,0,0,0,0,0,0,0,0,0,0,0,0,0,1,0
00605074.png,10,0,0,0,0,0,0,0,0,0,0,1,0,0,0,0,0,0,0,0,1
00605109.png,10,0,0,0,0,0,0,0,0,0,0,0,0,0,1,0,0,0,0,0,1
00605128.png,10,0,0,0,0,0,0,0,0,0,0,0,0,0,0,0,0,0,0,1,0
00605143.png,10,0,0,0,0,0,0,0,0,0,0,0,0,0,0,0,0,0,0,1,0
00605372.png,10,0,0,0,0,0,1,0,0,0,0,1,0,0,0,0,0,0,0,0,1
00605406.png,10,0,0,0,0,0,0,0,0,0,0,0,0,0,0,0,0,0,0,1,0
00605447.png,20,0,0,1,0,0,1,0,0,0,0,1,0,0,0,0,0,0,0,0,1
00605493.png,10,0,0,0,0,0,1,0,0,0,0,0,0,0,0,0,0,0,1,0,1
00605654.png,10,1,0,1,0,0,1,0,0,0,0,1,0,0,0,0,0,0,0,0,1
00605731.png,60,0,0,0,0,0,0,0,0,0,0,0,0,0,0,0,0,0,0,1,0
00605819.png,10,1,0,1,0,0,0,0,0,0,0,0,0,0,0,0,0,0,0,0,1
00605925.png,10,0,0,0,0,0,0,0,0,0,0,0,0,0,0,0,0,0,0,1,0
00606006.png,10,1,0,0,0,0,1,0,0,0,0,0,0,0,0,0,0,0,0,0,1
00606039.png,10,0,0,1,0,0,1,0,0,0,0,0,0,0,0,0,0,0,0,0,1
00606065.png,10,0,0,0,0,0,0,0,0,0,0,0,0,0,0,0,0,0,0,1,0
00606334.png,10,0,0,1,0,0,1,0,0,0,0,1,0,0,0,0,0,0,0,0,1
00606746.png,10,0,0,0,0,0,0,0,0,0,0,0,0,0,0,0,0,0,0,1,0
00606836.png,10,0,0,0,0,0,0,0,0,0,0,0,0,0,0,0,0,0,0,1,0
00607396.png,10,0,0,0,0,0,0,0,0,0,0,0,0,0,0,0,0,0,0,1,0
00607427.png,10,0,0,0,0,0,0,0,0,0,0,0,0,0,0,0,0,0,0,1,0
00607459.png,20,0,0,0,0,0,0,0,0,0,0,0,0,0,0,0,0,0,0,1,0
00607541.png,10,0,0,0,0,0,0,0,0,0,0,0,0,0,0,0,0,0,0,1,0
00607818.png,10,0,0,1,0,0,1,0,0,0,0,0,0,1,0,0,0,0,0,0,1
00607986.png,10,0,0,0,0,0,0,0,0,0,0,0,0,0,0,0,0,0,0,1,0
00608242.png,10,0,0,0,0,0,0,0,0,0,0,0,0,0,0,0,0,0,0,1,0
00608308.png,10,0,0,0,0,0,0,0,0,0,0,0,0,0,0,0,0,0,0,1,0
00608352.png,0,0,0,0,0,0,0,0,0,0,0,0,0,0,0,0,0,0,0,1,0
00608436.png,10,0,0,0,0,0,0,0,0,0,0,0,0,0,0,0,0,0,0,1,0
00608459.png,10,0,0,0,0,0,0,0,0,0,0,0,0,0,0,0,0,0,0,1,0
00608467.png,0,0,0,0,0,0,0,0,0,0,0,0,0,0,0,0,0,0,0,1,0
00608608.png,0,0,0,0,0,0,0,0,0,0,0,0,0,0,0,0,0,0,0,1,0
00609188.png,10,0,0,0,0,0,0,0,0,0,0,0,0,0,0,0,0,0,0,1,0
00609428.png,20,0,0,0,0,0,0,0,0,0,0,0,0,0,0,0,0,0,0,1,0
00609634.png,10,1,0,0,0,0,0,0,0,0,0,0,0,0,0,0,0,0,0,0,0
00609704.png,20,0,0,0,0,0,0,0,0,0,0,0,0,0,0,0,0,0,0,1,0
00609877.png,0,0,0,0,0,0,0,0,0,0,0,0,0,0,0,0,0,0,0,1,0
00609926.png,0,0,0,0,0,0,0,0,0,0,0,0,0,0,0,0,0,0,0,1,0
00609957.png,0,0,0,0,0,0,0,0,0,0,0,0,0,0,0,0,0,0,0,1,0
00610219.png,0,1,0,0,0,0,0,0,0,0,0,0,0,0,0,0,0,0,1,0,1
00610362.png,0,0,0,0,0,0,0,0,0,0,0,0,0,0,0,0,0,0,0,1,0
00610538.png,0,1,0,0,0,0,0,0,0,0,0,0,0,0,0,0,0,0,0,0,0
00610566.png,0,0,0,0,0,0,0,0,0,0,0,0,0,0,0,0,0,0,0,1,0
00610658.png,0,1,0,0,0,0,0,0,0,0,0,0,0,0,0,0,0,0,0,0,0
00610666.png,0,1,0,0,0,0,0,0,0,0,0,0,0,0,0,0,0,0,0,0,0
00610795.png,10,1,0,1,0,0,1,0,0,0,0,0,0,0,0,0,0,0,0,0,1
00610806.png,0,0,0,0,0,0,1,0,0,0,0,0,0,0,0,0,0,0,0,0,1
00610829.png,20,1,0,0,0,0,0,0,0,0,0,0,0,0,0,0,0,0,0,0,0
00611050.png,5,0,0,0,0,0,0,0,0,0,0,0,0,0,0,0,0,0,0,1,0
00611143.png,20,0,0,0,0,0,0,0,0,0,0,0,0,0,0,0,0,0,0,1,0
00611199.png,10,0,0,0,0,0,0,0,0,0,0,0,0,0,0,0,0,0,0,1,0
00611439.png,10,0,0,0,0,0,0,0,0,0,0,0,0,0,0,0,0,0,0,1,0
00611479.png,10,0,0,0,0,0,0,0,0,0,0,0,0,0,0,0,0,0,0,1,0
00611493.png,10,1,0,0,0,0,0,0,0,0,0,0,0,0,0,0,0,0,0,0,0
00611566.png,10,0,0,1,0,0,1,0,0,0,0,0,0,1,0,0,0,0,0,0,1
00611571.png,10,0,0,1,0,0,0,0,0,0,0,0,0,1,0,0,0,0,0,0,1
00611634.png,10,0,0,0,0,0,0,0,0,0,0,0,0,0,1,0,0,0,0,0,1
00611654.png,0,0,0,0,0,0,0,0,0,0,0,0,0,0,0,0,0,0,0,1,0
00611759.png,10,0,0,1,0,0,0,0,0,0,0,1,0,0,0,0,0,0,0,0,1
00611764.png,10,0,0,1,0,0,0,0,0,0,0,1,0,0,0,0,0,0,0,0,1
00611781.png,10,0,0,1,0,0,1,0,0,0,0,1,0,0,0,0,0,0,0,0,1
00611883.png,20,1,0,0,0,0,0,0,0,0,0,1,0,0,0,0,0,0,0,0,1
00611908.png,10,0,0,0,0,0,0,0,0,0,0,0,0,0,0,0,0,0,0,1,0
00612005.png,20,0,0,1,0,0,1,0,0,0,0,0,0,1,0,0,0,0,0,0,1
00612038.png,10,0,0,0,0,0,0,0,0,0,0,0,0,0,0,0,0,0,0,1,0
00612344.png,0,0,0,0,0,0,0,0,0,0,0,0,0,0,0,0,0,0,0,1,0
00612384.png,0,0,0,0,0,0,0,0,0,0,0,0,0,0,0,0,0,0,0,1,0
00612408.png,0,0,0,0,0,0,0,0,0,0,0,0,0,0,0,0,0,0,0,1,0
00612476.png,10,0,0,0,0,0,0,0,0,0,0,0,0,0,0,0,0,0,0,1,0
00612637.png,10,0,0,0,0,0,0,0,0,0,0,0,0,0,0,0,0,0,0,1,0
00612707.png,10,0,0,0,0,0,1,0,0,0,0,0,0,1,0,0,0,0,0,0,1
00612838.png,10,0,0,0,0,0,0,0,0,0,0,0,0,0,0,0,0,0,0,1,0
00612947.png,10,0,0,0,0,0,0,0,0,0,0,0,0,0,0,0,0,0,0,1,0
00613062.png,30,0,0,1,0,0,0,0,0,0,0,0,0,1,0,0,0,0,0,0,1
00613125.png,10,0,0,0,0,0,0,0,0,0,0,0,0,0,0,0,0,0,0,1,0
00613271.png,10,0,0,0,0,0,1,0,0,0,0,0,0,0,0,0,0,0,0,0,1
00613313.png,10,0,0,0,0,0,0,0,0,0,0,0,0,0,0,0,0,0,0,1,0
00613325.png,10,0,0,0,0,0,0,0,0,0,0,0,0,0,0,0,0,0,0,1,0
00613531.png,10,0,0,0,0,0,0,0,0,0,0,0,0,0,0,0,0,0,0,1,0
00613751.png,10,0,0,0,0,0,1,0,0,0,0,1,0,0,0,0,0,0,0,0,1
00613963.png,10,0,0,0,0,0,0,0,0,0,0,0,0,0,0,0,0,0,0,1,0
00613969.png,10,0,0,1,0,0,0,0,0,0,0,1,0,1,0,0,0,0,0,0,1
00614011.png,10,0,0,0,0,0,0,0,0,0,0,0,0,0,1,0,0,0,0,0,1
00614016.png,10,1,0,0,0,0,0,0,0,0,0,0,0,0,0,0,0,0,0,0,0
00614644.png,0,0,0,0,0,0,1,0,0,0,0,0,0,0,0,0,0,0,0,0,1
00614818.png,10,0,0,0,0,0,0,0,0,0,0,0,0,0,0,0,0,0,0,1,0
00614844.png,10,0,0,0,0,0,1,0,0,0,1,1,0,0,0,0,0,0,0,0,1
00614925.png,10,0,0,0,0,0,1,0,0,1,0,0,0,0,0,0,0,0,0,0,1
00615029.png,10,0,0,0,0,0,1,0,0,0,0,0,0,0,0,0,0,0,0,0,1
00615138.png,10,0,0,0,0,0,1,0,0,0,0,0,0,1,0,0,0,0,0,0,1
00615202.png,10,0,0,0,0,0,0,0,0,0,0,0,0,0,0,0,0,0,0,1,0
00615259.png,0,0,0,0,0,0,0,0,0,0,0,0,0,0,0,0,0,0,0,1,0
00615506.png,10,0,0,1,0,0,1,0,0,0,0,0,0,1,1,0,0,0,0,0,1
00615567.png,0,0,0,0,0,0,0,0,0,0,0,0,0,0,0,0,0,0,0,1,0
00615684.png,0,0,0,0,0,0,0,0,0,0,0,0,0,0,0,0,0,0,0,1,0
00616031.png,10,0,0,0,0,0,0,0,0,0,0,0,0,0,0,0,0,0,0,1,0
00616199.png,0,0,0,0,0,0,0,0,0,0,0,0,0,0,0,0,0,0,0,1,0
00616374.png,10,0,0,0,0,0,0,0,0,0,0,0,0,0,0,0,0,0,0,1,0
00616584.png,10,0,0,1,0,0,1,0,0,0,0,0,0,0,0,0,0,0,0,0,1
00616760.png,0,0,0,0,0,0,0,0,0,0,0,0,0,0,0,0,0,0,0,1,0
00616897.png,10,1,0,0,0,0,0,0,0,0,0,0,0,0,0,0,0,0,0,0,0
00616935.png,10,0,0,0,0,0,0,0,0,0,0,0,0,0,0,0,0,0,0,1,0
00616952.png,10,1,0,0,0,0,0,0,0,0,0,0,0,0,0,0,0,0,0,0,0
00617007.png,20,1,0,0,0,0,0,0,0,0,0,0,0,0,0,0,0,0,0,0,0
00617803.png,20,1,0,0,0,0,0,0,0,0,0,0,0,0,0,0,0,0,0,0,0
00617912.png,5,1,0,0,0,0,0,0,0,0,0,1,0,0,0,0,0,0,0,0,1
00617966.png,10,0,1,1,0,0,0,0,0,0,0,0,0,0,0,0,0,0,0,0,1
00618366.png,0,0,0,0,0,0,0,0,0,0,0,0,0,0,0,0,0,0,0,1,0
00618380.png,0,0,0,0,0,0,0,0,0,0,0,0,0,0,0,0,0,0,0,1,0
00618445.png,0,1,0,0,0,0,0,0,0,0,0,0,0,0,0,0,0,0,0,0,0
00618475.png,0,0,0,0,0,0,0,0,0,0,0,0,0,0,0,0,0,0,0,1,0
00618917.png,0,0,0,0,0,0,0,0,0,0,0,0,0,0,0,0,0,0,0,1,0
00619126.png,0,0,0,0,0,0,0,0,0,0,0,0,0,0,0,0,0,0,0,1,0
00619279.png,20,0,0,0,0,0,0,0,0,0,0,0,0,0,0,0,0,0,0,1,0
00619285.png,10,1,0,0,0,0,0,0,0,0,0,0,0,0,0,0,0,0,0,0,0
00619306.png,10,0,0,0,0,0,0,0,0,0,0,0,0,0,0,0,0,0,0,1,0
00619330.png,0,0,0,0,0,0,0,0,0,0,0,0,0,0,0,0,0,0,0,1,0
00619495.png,0,0,0,0,0,0,0,0,0,0,0,0,0,0,0,0,0,0,0,1,0
00619497.png,0,0,0,0,0,0,0,0,0,0,0,0,0,0,0,0,0,0,0,1,0
00619590.png,0,0,0,0,0,0,0,0,0,0,0,0,0,0,0,0,0,0,0,1,0
00619622.png,0,0,0,0,0,0,0,0,0,0,0,0,0,0,0,0,0,0,0,1,0
00619793.png,0,0,0,0,0,0,0,0,0,0,0,0,0,0,0,0,0,0,0,1,0
00619796.png,0,0,0,0,0,0,0,0,0,0,0,0,0,0,0,0,0,0,0,1,0
00620001.png,0,0,0,0,0,0,0,0,0,0,0,0,0,0,0,0,0,0,0,1,0
00620051.png,0,0,0,0,0,0,0,0,0,0,0,0,0,0,0,0,0,0,0,1,0
00620093.png,0,0,0,0,0,0,0,0,0,0,0,0,0,1,0,0,0,0,0,0,1
00620230.png,0,0,0,0,0,0,0,0,0,0,0,0,0,0,0,0,0,0,0,1,0
00620336.png,0,0,0,0,0,0,0,0,0,0,0,0,0,0,0,0,0,0,0,1,0
00620810.png,0,0,0,0,0,0,0,0,0,0,0,0,0,0,0,0,0,0,1,0,1
00620853.png,0,0,0,0,0,0,0,0,0,0,0,0,0,0,0,0,0,0,0,1,0
00620986.png,0,0,0,0,0,0,0,0,0,0,0,0,0,0,0,0,0,0,1,0,1
00621013.png,20,0,0,1,0,0,0,0,0,1,0,1,0,0,0,0,0,0,0,0,1
00621107.png,10,0,0,0,0,0,0,0,0,0,0,0,0,0,0,0,0,0,0,1,0
00621117.png,20,0,0,0,0,0,0,0,0,1,0,1,0,0,0,0,0,0,0,0,1
00621124.png,10,0,0,0,0,0,0,0,0,0,0,0,0,0,0,0,0,0,0,1,0
00621255.png,0,0,0,0,0,0,0,0,0,0,0,0,0,0,0,0,0,0,0,1,0
00621460.png,0,0,0,0,0,0,0,0,0,0,0,0,0,0,0,0,0,0,0,1,0
00621466.png,0,0,0,0,0,0,0,0,0,0,0,0,0,0,0,0,0,0,0,1,0
00621775.png,0,0,0,1,0,0,1,0,0,0,1,0,0,0,0,0,0,0,0,0,1
00621901.png,10,0,0,1,0,0,1,0,0,1,0,1,0,0,0,0,0,0,0,0,1
00622020.png,0,1,0,0,0,0,1,0,0,0,0,0,0,0,0,0,0,0,1,0,1
00622154.png,20,0,0,1,0,0,1,0,0,0,0,0,0,0,0,0,0,0,0,0,1
00622159.png,20,1,0,1,0,0,1,0,0,0,0,0,0,1,0,0,0,0,1,0,1
00622164.png,10,0,0,1,0,0,1,0,0,0,0,0,0,1,0,0,0,0,0,0,1
00622176.png,20,0,0,1,0,0,1,0,0,0,0,1,0,0,1,0,0,0,0,0,1
00622251.png,10,0,0,0,0,0,1,0,0,0,0,1,0,0,0,0,0,0,0,0,1
00622520.png,0,0,0,0,0,0,0,0,0,0,0,0,0,0,0,0,0,0,0,1,0
00622561.png,60,1,0,1,0,0,0,0,0,1,0,1,0,0,0,0,0,0,0,0,1
00622793.png,10,0,0,0,0,0,0,0,0,0,0,0,0,0,0,0,0,0,0,1,0
00622870.png,10,0,0,0,0,0,0,0,0,0,0,1,0,0,0,0,0,0,0,0,1
00623085.png,10,0,0,0,0,0,0,0,0,0,0,0,0,0,0,0,0,0,0,1,0
00623243.png,0,1,0,0,0,0,1,0,0,0,0,0,0,0,0,0,0,0,1,0,1
00623583.png,0,1,0,0,0,0,1,0,0,0,0,0,0,0,0,0,0,0,0,0,1
00623720.png,0,0,1,0,0,0,0,0,0,0,0,1,0,0,1,0,0,0,0,0,1
00623774.png,10,0,0,0,0,0,0,0,0,0,0,0,0,0,0,0,0,0,0,1,0
00623878.png,10,0,0,0,0,0,0,0,0,1,0,0,0,0,0,0,0,0,1,0,1
00623926.png,0,0,0,0,0,0,0,0,0,0,0,0,0,0,0,0,0,0,0,1,0
00623960.png,0,1,0,0,0,0,0,0,0,0,1,0,0,0,0,0,0,0,0,0,1
00623963.png,0,0,0,0,0,0,0,0,0,0,0,0,0,0,0,0,0,0,0,1,0
00623975.png,0,0,1,0,0,0,0,0,0,0,0,0,0,0,1,0,0,0,0,0,1
00624173.png,5,0,0,0,0,0,0,0,0,0,0,0,0,0,0,0,0,0,0,1,0
00624323.png,0,0,1,0,0,0,1,0,0,0,0,0,0,0,1,0,0,0,1,0,1
00624362.png,0,1,0,0,0,0,0,0,0,0,0,0,0,0,0,0,0,0,0,0,0
00624675.png,0,0,0,0,0,0,1,0,0,0,0,1,0,1,0,0,0,0,0,0,1
00624760.png,0,0,1,0,0,0,1,0,0,0,0,0,0,0,0,0,0,0,0,0,1
00624951.png,0,0,0,0,0,0,0,0,0,0,0,0,0,0,0,0,0,0,0,1,0
00625357.png,10,0,0,0,0,0,0,0,0,0,0,0,0,0,0,0,0,0,0,1,0
00625562.png,0,0,0,0,0,0,0,0,0,0,0,0,0,0,0,0,0,0,0,1,0
00625599.png,0,0,0,0,0,0,0,0,0,0,0,0,0,0,0,0,0,0,0,1,0
00625608.png,0,0,0,0,0,0,0,0,0,0,0,0,0,0,0,0,0,0,0,1,0
00625764.png,0,1,0,0,0,0,0,0,0,0,0,0,0,0,0,0,0,0,0,0,0
00625934.png,0,0,0,1,1,0,0,0,0,0,0,1,0,0,0,0,0,0,0,0,1
00626214.png,0,0,0,0,0,0,0,0,0,0,0,0,0,0,0,0,0,0,0,1,0
00626366.png,0,0,0,0,0,0,1,0,0,0,0,0,0,0,0,0,0,0,1,0,1
00626519.png,0,1,0,0,0,0,1,0,0,0,1,0,0,0,0,0,0,0,0,0,1
00626583.png,0,1,0,1,0,0,1,0,0,0,0,0,0,0,0,0,0,0,0,0,1
00626594.png,0,0,0,1,0,0,1,0,0,0,0,0,0,0,0,0,0,0,0,0,1
00626660.png,0,1,0,1,0,0,1,0,0,0,1,0,0,0,0,0,0,0,1,0,1
00626748.png,10,0,0,1,0,0,1,0,0,0,0,0,0,0,0,0,0,0,0,0,1
00626809.png,0,0,0,1,0,0,1,0,0,0,0,0,0,0,0,0,0,0,0,0,1
00627017.png,10,1,0,0,0,0,1,0,0,0,1,0,0,0,0,0,0,0,0,0,1
00627107.png,0,1,0,0,0,0,1,0,0,0,0,0,0,0,0,0,0,0,1,0,1
00627158.png,10,0,0,1,0,0,0,0,0,1,0,0,0,0,1,0,0,0,0,0,1
00627303.png,0,1,1,0,0,0,1,1,0,0,0,0,0,0,0,0,0,0,1,0,1
00627561.png,0,0,0,0,0,0,1,0,0,0,0,0,0,0,0,0,0,0,1,0,1
00627663.png,0,1,0,1,0,0,1,0,0,0,1,0,0,0,0,0,0,0,0,0,1
00627745.png,20,1,0,0,0,0,0,0,0,0,0,0,0,0,0,0,0,0,0,0,0
00627783.png,0,1,0,1,0,0,1,0,0,0,0,0,0,0,0,0,0,0,0,0,1
00627831.png,0,1,0,1,0,0,1,0,0,0,0,0,0,0,0,0,0,0,0,0,1
00627892.png,0,0,0,1,0,0,0,0,0,0,0,0,0,0,0,0,0,0,0,0,1
00627957.png,0,1,0,1,0,0,1,0,0,0,0,0,0,0,0,0,0,0,0,0,1
00628000.png,0,0,1,1,0,0,1,0,0,0,0,0,0,0,1,0,0,0,0,0,1
00628251.png,0,0,0,1,0,0,1,0,0,0,0,0,0,0,0,0,0,0,0,0,1
00628492.png,0,1,0,0,0,0,1,0,0,0,0,0,0,0,0,0,0,0,1,0,1
00628610.png,0,1,0,1,0,0,1,0,0,0,0,0,0,0,0,0,0,0,0,0,1
00628676.png,0,1,0,1,0,0,1,0,0,0,0,0,0,0,0,0,0,0,1,0,1
00628694.png,0,0,0,0,0,0,0,0,0,0,0,0,0,0,0,0,0,0,0,1,0
00628903.png,10,0,0,0,0,0,0,0,0,0,0,0,0,0,0,0,0,0,0,1,0
00628928.png,10,0,0,0,0,0,0,0,0,0,0,0,0,0,0,0,0,0,0,1,0
00628965.png,0,0,0,1,0,0,1,0,0,0,0,0,0,0,0,0,0,0,0,0,1
00629384.png,5,0,0,1,0,0,1,0,0,0,1,0,0,0,0,0,0,0,1,0,1
00629391.png,10,0,0,1,0,0,1,0,0,0,1,0,0,0,0,0,0,0,0,0,1
00629428.png,5,0,0,0,0,0,0,0,0,0,0,0,0,0,0,0,0,0,0,1,0
00629720.png,0,0,1,1,0,0,1,0,0,0,0,0,0,0,1,0,0,0,0,0,1
00629941.png,0,0,0,0,0,0,0,0,0,0,1,0,0,0,0,0,0,0,1,0,1
00630127.png,0,1,0,0,0,0,0,0,0,0,0,0,0,0,0,0,0,0,1,0,1
00630334.png,0,1,0,0,0,0,0,0,0,0,0,0,0,0,0,0,0,0,0,0,0
00630367.png,0,1,0,0,0,0,1,0,0,0,0,0,0,0,0,0,0,0,0,0,1
00630447.png,10,0,0,0,0,0,0,0,0,0,0,0,0,0,0,0,0,0,0,1,0
00630522.png,20,0,0,0,1,0,0,0,0,0,0,0,0,0,0,0,0,0,0,0,1
00630573.png,20,0,0,0,0,0,0,0,0,0,0,0,0,0,0,0,0,0,0,1,0
00630628.png,10,1,0,0,0,0,0,0,0,0,0,0,0,0,0,0,0,0,0,0,0
00630706.png,0,0,0,0,0,0,0,0,0,0,0,0,0,0,0,0,0,0,0,1,0
00630813.png,10,0,1,1,0,0,1,0,0,0,0,0,0,0,0,0,0,0,0,0,1
00630901.png,0,1,0,1,0,0,1,0,0,0,0,0,0,0,0,0,0,0,1,0,1
00630921.png,0,0,1,1,0,0,1,0,0,0,0,0,0,0,1,0,0,0,0,0,1
00630975.png,0,1,1,1,0,0,1,0,0,0,0,0,0,0,0,0,0,0,0,0,1
00631073.png,0,1,1,1,0,0,1,0,0,0,0,0,0,0,0,0,0,0,0,0,1
00631133.png,0,1,0,0,0,0,1,0,0,0,0,0,0,0,0,0,0,0,1,0,1
00631157.png,0,0,0,0,0,0,1,0,0,0,0,0,0,0,0,0,0,0,0,0,1
00631197.png,10,0,0,0,0,0,0,0,0,0,0,0,0,0,0,0,0,0,0,1,0
00631294.png,0,1,0,1,0,0,1,0,0,0,0,0,0,0,0,0,0,0,0,0,1
00631522.png,10,0,0,0,0,0,0,0,0,0,0,0,0,0,0,0,0,0,0,1,0
00631605.png,0,0,1,1,0,0,1,0,0,0,0,0,0,0,0,0,0,0,1,0,1
00631671.png,0,0,0,1,0,0,1,0,0,0,0,0,0,0,0,0,0,0,0,0,1
00631843.png,0,1,0,1,0,0,1,0,0,0,0,0,0,0,0,0,0,0,0,0,1
00631884.png,0,0,0,0,0,0,0,0,0,0,0,0,0,0,0,0,0,0,0,1,0
00631925.png,0,0,0,1,0,0,1,0,0,0,0,0,0,0,1,0,0,0,0,0,1
00632000.png,0,1,0,1,0,0,0,0,0,0,0,0,0,0,0,0,0,0,1,0,1
00632007.png,0,1,0,1,0,0,0,0,0,0,0,0,0,0,0,0,0,0,1,0,1
00632234.png,10,0,0,0,0,0,0,0,0,0,0,0,0,0,0,0,0,0,0,1,0
00632379.png,0,0,0,0,0,0,0,0,0,0,0,0,0,0,0,0,0,0,0,1,0
00632396.png,0,0,0,0,0,0,0,0,0,0,0,0,0,0,0,0,0,0,0,1,0
00632415.png,0,0,0,0,0,0,0,0,0,0,0,1,0,1,0,0,0,0,0,0,1
00632606.png,0,0,0,0,0,0,0,0,0,0,0,0,0,0,0,0,0,0,0,1,0
00632928.png,10,0,0,0,0,0,0,0,0,0,0,0,0,0,0,0,0,0,0,1,0
00633105.png,10,1,0,0,0,0,0,0,0,0,0,0,0,0,0,0,0,0,0,0,0
00633179.png,10,0,0,0,0,0,0,0,0,0,0,0,0,0,0,0,0,0,0,1,0
00633630.png,0,1,1,1,0,0,1,0,0,0,0,0,0,0,0,0,0,0,0,0,1
00633690.png,0,1,1,1,0,0,1,0,0,1,0,0,0,0,0,0,0,0,1,0,1
00633898.png,0,0,0,0,0,0,1,0,0,0,0,0,0,0,0,0,0,0,0,0,1
00633993.png,10,1,0,1,0,0,1,0,0,0,0,0,0,0,0,0,0,0,0,0,1
00634054.png,0,0,0,1,0,0,1,0,0,0,0,0,0,0,0,0,0,0,0,0,1
00634437.png,0,1,1,1,0,0,1,0,0,0,0,0,0,0,0,0,0,0,1,0,1
00634524.png,0,0,0,0,0,0,0,0,0,0,0,0,0,0,0,0,0,0,1,0,1
00634567.png,10,0,0,1,0,0,1,0,0,1,0,1,0,0,0,0,0,0,0,0,1
00634852.png,0,1,0,1,0,0,1,0,0,0,0,0,0,0,0,0,0,0,1,0,1
00634884.png,10,0,0,1,0,0,0,0,0,1,0,1,0,0,1,0,0,0,0,0,1
00634898.png,10,0,0,1,0,0,0,0,0,1,0,1,0,1,0,0,0,0,1,0,1
00634944.png,0,0,1,1,0,0,1,0,0,0,0,0,0,0,0,0,0,0,0,0,1
00634957.png,0,0,1,1,0,0,1,0,0,0,0,0,0,0,0,0,0,0,1,0,1
00634977.png,0,1,0,1,0,0,1,0,0,0,0,0,0,0,0,0,0,0,1,0,1
00635091.png,0,0,0,1,0,0,1,0,0,1,1,1,0,0,0,0,0,0,0,0,1
00635124.png,10,0,0,0,0,0,0,0,0,0,0,0,0,0,0,0,0,0,1,0,1
00635227.png,0,0,0,0,0,0,1,0,0,0,0,0,0,0,0,0,0,0,1,0,1
00635332.png,10,0,0,0,0,0,0,0,0,0,0,0,0,0,0,0,0,0,0,1,0
00635631.png,10,0,0,0,0,0,0,0,0,0,0,0,0,0,0,0,0,0,1,0,1
00635806.png,0,0,1,1,0,0,1,0,0,0,1,1,0,0,0,0,0,0,0,0,1
00636294.png,10,0,0,1,0,0,0,0,0,1,0,1,0,0,0,0,0,0,1,0,1
00636545.png,10,0,0,0,0,0,0,0,0,0,0,0,0,0,0,0,0,0,0,1,0
00636572.png,10,1,0,0,0,0,0,0,0,0,0,0,0,0,0,0,0,0,0,0,0
00636657.png,10,0,0,0,0,0,1,0,0,0,0,0,0,1,0,0,0,0,0,0,1
00636804.png,10,0,0,0,0,0,0,0,0,0,0,0,0,0,0,0,0,0,0,1,0
00636966.png,0,0,0,0,0,0,0,0,0,0,0,0,0,0,0,0,0,0,0,1,0
00637001.png,10,0,0,0,0,0,0,0,0,0,0,0,0,0,0,0,0,0,0,1,0
00637008.png,10,0,0,0,0,0,0,0,0,0,0,0,0,0,0,0,0,0,0,1,0
00637041.png,10,0,0,0,0,0,0,0,0,0,0,0,0,0,0,0,0,1,0,0,1
00637370.png,0,1,0,0,0,0,0,0,0,0,0,0,0,0,0,0,0,0,1,0,1
00637692.png,20,0,0,1,0,0,1,0,0,1,0,1,0,0,0,0,0,0,0,0,1
00637730.png,0,0,0,0,0,0,0,0,0,0,1,0,0,0,0,0,0,0,1,0,1
00637736.png,10,0,0,0,0,0,0,0,0,0,0,0,0,0,0,0,0,0,0,1,0
00637965.png,0,0,0,1,0,0,1,0,0,0,0,0,0,0,0,0,0,0,0,0,1
00638035.png,10,1,0,1,0,0,0,0,0,0,0,0,0,0,0,0,0,0,1,0,1
00638141.png,10,1,0,0,0,0,0,0,0,1,0,1,0,0,0,0,0,0,0,0,1
00638546.png,10,0,0,0,0,0,1,0,0,0,0,0,0,0,0,0,0,0,1,0,1
00638817.png,0,0,0,1,0,0,1,0,0,0,0,0,0,0,0,0,0,0,1,0,1
00638912.png,0,0,0,1,0,0,1,0,0,0,0,0,0,0,0,0,0,0,1,0,1
00639029.png,0,0,0,0,0,0,0,0,0,0,0,0,0,0,0,0,0,0,0,1,0
00639084.png,0,0,0,0,0,0,0,0,0,0,0,0,0,0,0,1,0,0,0,0,1
00639259.png,0,1,0,0,0,0,1,0,0,0,1,0,0,0,0,0,0,0,0,0,1
00639306.png,0,0,1,1,0,0,1,0,0,0,0,0,0,0,0,0,0,0,0,0,1
00639324.png,0,1,0,0,0,0,0,0,0,0,0,0,0,0,0,0,0,0,1,0,1
00639333.png,0,1,0,0,0,0,1,0,0,0,1,0,0,0,0,0,0,0,1,0,1
00639410.png,40,0,0,0,0,0,1,0,0,0,0,0,0,0,0,0,0,0,1,0,1
00639593.png,0,1,0,1,0,0,0,0,0,0,0,1,0,0,0,0,0,0,0,0,1
00639756.png,50,0,0,0,0,0,0,0,0,0,0,0,0,0,0,0,0,0,0,1,0
00639778.png,0,1,0,0,0,0,0,0,0,0,0,0,0,0,0,0,0,0,0,0,0
00639835.png,0,0,0,0,0,0,0,0,0,0,0,0,0,0,0,0,0,0,0,1,0
00639850.png,0,1,0,0,0,0,0,0,0,0,0,0,0,0,0,0,0,0,0,0,0
00639887.png,0,1,0,0,0,0,0,0,0,0,0,0,0,0,0,0,0,0,1,0,1
00639941.png,0,0,0,1,0,0,0,0,0,0,0,0,0,0,0,0,0,0,0,0,1
00640032.png,0,0,0,0,0,0,0,0,0,0,0,0,0,0,0,0,0,0,0,1,0
00640034.png,0,1,0,0,0,0,0,0,0,0,0,0,0,0,0,0,0,0,1,0,1
00640048.png,0,1,0,0,0,0,0,0,0,0,0,0,0,0,0,0,0,0,1,0,1
00640055.png,0,1,1,0,0,0,1,0,0,0,0,0,0,0,0,0,0,0,1,0,1
00640057.png,0,1,1,0,0,0,0,0,0,0,0,0,0,0,0,0,0,0,1,0,1
00640111.png,0,0,0,0,0,0,0,0,0,0,0,1,0,1,0,0,0,0,0,0,1
00640118.png,0,1,0,0,0,0,0,0,0,0,0,0,0,0,0,0,0,0,0,0,0
00640301.png,0,1,0,0,0,0,0,0,0,0,0,0,0,0,0,0,0,0,0,0,0
00640478.png,0,0,0,0,0,0,0,0,0,0,0,1,0,1,0,0,0,0,0,0,1
00640659.png,10,0,0,0,0,0,0,0,0,0,0,0,0,0,0,0,0,0,0,1,0
00640888.png,0,0,0,0,0,0,0,0,0,0,0,0,0,0,0,0,0,0,0,1,0
00640968.png,0,1,0,0,0,0,0,0,0,0,0,0,0,0,0,0,0,0,0,0,0
00641053.png,0,0,0,1,0,0,0,0,0,0,0,0,0,0,0,0,0,0,1,0,1
00641068.png,10,0,0,1,0,0,0,0,0,0,0,1,0,0,0,0,0,0,0,0,1
00641160.png,0,1,0,0,0,0,1,0,0,0,0,1,0,0,1,0,0,0,0,0,1
00641554.png,0,0,0,0,0,0,0,0,0,0,0,0,0,0,0,0,0,0,0,1,0
00641673.png,0,1,0,0,0,0,0,0,0,0,0,0,0,0,0,0,0,0,1,0,1
00642221.png,10,1,0,1,0,0,1,0,0,0,0,1,0,1,0,0,0,0,0,0,1
00642408.png,0,0,0,0,0,0,0,0,0,0,0,0,0,0,0,0,0,0,0,1,0
00642438.png,0,1,0,0,0,0,0,0,0,0,0,0,0,0,0,0,0,0,0,0,0
00642638.png,10,1,0,1,0,0,0,0,0,0,0,0,0,0,0,0,0,0,0,0,1
00643086.png,5,0,0,0,0,0,1,0,0,0,0,0,0,0,0,0,0,0,0,0,1
00643121.png,0,1,0,0,0,0,0,0,0,0,0,0,0,0,0,0,0,0,1,0,1
00643376.png,0,1,0,0,0,0,0,0,0,0,0,0,0,0,0,0,0,0,0,0,0
00643541.png,0,0,0,1,0,0,1,0,0,0,0,0,0,0,0,0,0,0,0,0,1
00643594.png,0,1,0,0,0,0,0,0,0,0,0,0,0,0,0,0,0,0,0,0,0
00643834.png,0,0,0,1,0,0,1,0,0,0,0,0,0,0,1,0,0,0,0,0,1
00644116.png,0,1,0,0,0,0,0,0,0,0,0,0,0,0,0,0,0,0,0,0,0
00644162.png,5,0,0,1,0,0,1,0,0,0,0,1,0,0,0,0,0,0,0,0,1
00644174.png,20,1,0,0,0,0,0,0,0,0,0,0,0,0,0,0,0,0,0,0,0
00644239.png,10,0,0,0,0,0,0,0,0,0,0,1,0,0,0,0,0,0,1,0,1
00644261.png,10,1,0,1,0,0,0,0,0,0,0,1,0,0,0,0,0,0,1,0,1
00644620.png,0,0,0,1,0,0,0,0,0,0,0,1,0,0,0,0,0,0,0,0,1
00644787.png,0,0,0,1,0,0,1,0,0,0,0,1,0,0,1,0,0,0,0,0,1
00645007.png,0,1,0,0,0,0,0,0,0,0,0,0,0,0,0,0,0,0,1,0,1
00645158.png,0,1,0,0,0,0,0,0,0,0,0,0,0,0,0,0,0,0,1,0,1
00645282.png,0,1,0,0,0,0,1,0,0,0,0,0,0,0,0,0,0,0,1,0,1
00645284.png,0,0,0,0,0,0,0,0,0,0,0,0,0,0,0,0,0,0,0,1,0
00645544.png,0,0,0,1,0,0,1,0,0,0,0,0,0,0,1,0,0,0,0,0,1
00646852.png,0,1,0,0,0,0,0,0,0,0,1,0,0,0,0,0,0,0,0,0,1
00646990.png,0,1,0,1,0,0,0,0,0,0,1,0,0,0,0,0,0,0,1,0,1
00647015.png,0,0,0,1,0,0,0,0,0,0,1,0,0,0,0,0,0,0,0,0,1
00647473.png,5,1,0,0,0,0,0,0,0,0,0,0,0,0,0,0,0,0,0,0,0
00647747.png,0,1,0,0,0,0,1,0,0,0,0,0,0,0,0,0,0,0,0,0,1
00647887.png,0,1,0,0,0,0,0,0,0,0,0,0,0,0,0,0,0,0,1,0,1
00647947.png,0,1,0,0,0,0,0,0,0,0,0,0,0,0,0,0,0,0,1,0,1
00648030.png,10,0,0,1,0,0,1,0,0,1,0,1,0,1,0,0,0,0,1,0,1
00648655.png,0,0,0,1,0,0,1,0,0,0,0,0,0,0,0,0,0,0,1,0,1
00648872.png,10,0,0,1,0,0,1,0,0,0,0,0,0,0,1,0,0,0,0,0,1
00648904.png,10,0,0,0,0,0,0,0,0,0,0,0,0,0,0,0,0,0,1,0,1
00648949.png,0,0,0,1,0,0,1,0,0,0,0,0,0,0,0,0,0,0,0,0,1
00648974.png,0,0,0,1,0,0,1,0,0,0,0,0,0,0,0,0,0,0,0,0,1
00649130.png,10,1,0,1,0,0,0,0,0,1,0,0,0,0,0,0,0,0,0,0,1
00649238.png,0,1,0,1,0,0,0,0,0,0,0,0,0,0,0,0,0,0,1,0,1
00649242.png,0,1,1,1,0,0,0,1,0,0,0,0,0,0,0,0,0,0,1,0,1
00649268.png,10,1,0,1,0,0,0,0,0,0,0,0,0,0,0,0,0,0,0,0,1
00649283.png,0,1,0,1,0,0,1,0,0,0,0,0,0,0,0,0,0,0,0,0,1
00649565.png,0,1,0,0,0,0,0,0,0,0,0,0,0,0,0,0,0,0,0,0,0
00649852.png,0,1,0,1,0,0,0,0,0,0,0,0,0,0,0,0,0,0,1,0,1
00649877.png,20,1,0,0,0,0,0,0,0,0,0,0,0,0,0,0,0,0,0,0,0
00649900.png,10,0,0,0,0,0,0,0,0,0,0,0,0,0,0,0,0,0,0,1,0
00650069.png,0,0,1,1,0,0,1,0,0,0,0,0,0,0,0,0,0,0,1,0,1
00651200.png,5,1,0,0,0,0,0,0,0,0,0,0,0,0,0,0,0,0,0,0,0
00651246.png,5,0,0,0,0,0,0,0,0,0,0,0,0,0,0,0,0,0,0,1,0
00651682.png,10,0,0,0,0,0,0,0,0,0,0,0,0,0,0,0,0,0,0,1,0
00651699.png,10,0,0,0,0,0,0,0,0,0,0,0,0,0,0,0,0,0,0,1,0
00651746.png,10,0,0,0,0,0,0,0,0,0,0,0,0,0,0,0,0,0,0,1,0
00651904.png,0,0,0,1,0,0,1,0,1,0,0,0,0,0,0,0,0,0,0,0,1
00652175.png,0,1,0,0,0,0,0,0,0,0,0,0,0,0,0,0,0,0,0,0,0
00652180.png,0,1,0,0,0,0,1,0,0,0,1,0,0,0,0,0,0,0,1,0,1
00652300.png,0,0,0,1,0,0,1,0,0,0,0,0,0,0,0,0,0,0,1,0,1
00652304.png,0,1,0,0,0,0,1,0,0,0,0,0,0,0,0,0,0,0,1,0,1
00652445.png,0,1,0,0,0,0,0,0,0,0,0,0,0,0,0,0,0,0,1,0,1
00652521.png,0,0,1,1,0,0,1,0,0,0,0,0,0,0,1,0,0,0,0,0,1
00652621.png,10,0,0,1,0,0,1,0,0,1,0,0,0,0,0,0,0,0,0,0,1
00652719.png,0,1,0,1,0,0,1,0,1,0,0,1,0,1,0,0,0,0,1,0,1
00652720.png,0,1,0,1,0,0,1,0,1,0,0,1,0,1,0,0,0,0,1,0,1
00652762.png,0,1,0,0,0,0,1,0,0,0,0,0,0,0,0,0,0,0,1,0,1
00653022.png,0,1,0,0,0,0,0,0,0,0,0,0,0,0,0,0,0,0,1,0,1
00653053.png,0,0,0,1,0,0,1,0,0,0,0,0,0,1,0,0,0,0,0,0,1
00653176.png,0,1,0,0,0,0,1,0,0,0,0,1,0,0,0,0,0,0,1,0,1
00653191.png,10,1,0,0,0,0,1,0,0,0,0,0,0,0,0,0,0,0,1,0,1
00653200.png,0,1,0,0,0,0,1,0,0,0,0,0,0,0,0,0,0,0,1,0,1
00653205.png,0,1,0,0,0,0,1,0,0,0,0,0,0,0,0,0,0,0,0,0,1
00653743.png,0,0,0,0,0,0,0,0,0,0,0,0,0,0,0,0,0,0,0,1,0
00653861.png,0,0,0,1,0,0,1,0,0,0,0,0,0,0,0,0,0,0,0,0,1
00653883.png,10,1,0,0,0,0,1,0,0,0,0,0,0,0,0,0,0,0,1,0,1
00653992.png,10,1,0,0,0,0,0,0,0,0,0,0,0,0,0,0,0,0,0,0,0
00654005.png,0,1,0,0,0,0,0,0,0,0,0,0,0,0,0,0,0,0,0,0,0
00654097.png,0,0,0,1,0,0,1,0,1,0,0,0,0,0,0,0,0,0,0,0,1
00654204.png,10,0,0,0,0,0,0,0,0,0,0,0,0,0,0,0,0,0,0,1,0
00654224.png,10,0,0,0,0,0,0,0,0,0,0,0,0,0,0,0,0,0,0,1,0
00654337.png,10,0,0,0,0,0,0,0,0,0,0,0,0,0,0,0,0,0,0,1,0
00654364.png,0,1,1,1,0,0,1,0,0,0,0,0,0,0,0,0,0,0,0,0,1
00654415.png,0,0,0,0,0,0,0,0,0,0,0,0,0,0,0,0,0,0,0,1,0
00654432.png,0,0,0,0,0,0,0,0,0,0,0,0,0,0,0,1,0,0,0,0,1
00654529.png,0,0,0,0,0,0,0,0,0,0,0,0,0,0,0,0,0,0,0,1,0
00654664.png,10,0,0,0,0,0,0,0,0,0,0,0,0,0,0,0,0,0,0,1,0
00654744.png,10,0,0,1,0,0,1,0,0,1,0,1,0,1,0,0,0,0,0,0,1
00654848.png,10,0,0,1,0,0,0,0,0,1,0,1,0,0,0,0,0,0,0,0,1
00654951.png,0,1,0,0,0,0,0,0,0,0,0,0,0,0,0,0,0,0,0,0,0
00655212.png,0,0,0,0,0,0,0,0,0,0,0,0,0,0,0,0,0,0,0,1,0
00655641.png,0,0,0,1,0,0,1,0,0,0,0,0,0,0,1,0,0,0,0,0,1
00655681.png,10,0,0,1,0,0,1,0,0,0,1,0,0,0,0,0,0,0,0,0,1
00655724.png,0,0,0,1,0,0,1,0,1,1,1,0,0,0,0,0,0,0,1,0,1
00655789.png,5,0,0,0,0,0,0,0,0,0,0,0,0,0,0,0,0,0,0,1,0
00655804.png,5,0,0,0,0,0,0,0,0,0,0,0,0,0,0,0,0,0,0,1,0
00655926.png,10,0,0,0,0,0,0,0,0,0,0,0,0,0,0,0,0,0,0,1,0
00656049.png,5,0,0,1,0,0,0,0,0,0,0,0,0,0,0,0,0,0,0,0,1
00656286.png,30,0,0,0,0,0,0,0,0,0,0,0,0,0,0,0,0,0,0,1,0
00656301.png,20,0,0,0,0,0,0,0,0,0,0,0,0,0,0,0,0,0,1,0,1
00656317.png,20,0,0,0,0,0,0,0,0,0,0,0,0,0,0,0,0,0,0,1,0
00656321.png,30,1,0,0,0,0,0,0,0,0,0,0,0,0,0,0,0,0,0,0,0
00656322.png,30,0,0,0,1,0,0,0,0,0,0,0,0,0,0,0,0,0,0,0,1
00656330.png,30,0,0,0,0,0,0,0,0,0,0,0,0,0,0,0,0,0,0,1,0
00656338.png,30,0,0,0,0,0,0,0,0,0,0,0,0,0,0,0,0,0,0,1,0
00656458.png,10,0,0,1,0,0,1,0,0,0,0,0,0,0,0,0,0,0,0,0,1
00656631.png,0,1,0,0,0,0,0,0,0,0,0,0,0,0,0,0,0,0,1,0,1
00656778.png,0,0,0,0,0,0,0,0,0,0,0,0,0,0,0,0,0,0,0,1,0
00657051.png,0,0,0,0,0,0,0,0,0,0,0,0,0,0,0,0,0,0,0,1,0
00657185.png,5,0,0,1,0,0,1,0,0,0,0,1,0,0,0,0,0,0,0,0,1
00657273.png,10,0,0,0,0,0,0,0,0,0,0,0,0,0,0,0,0,0,0,1,0
00657347.png,0,0,0,0,0,0,0,0,0,0,0,0,0,0,0,0,0,0,0,1,0
00657359.png,10,1,0,0,0,0,0,0,0,0,0,0,0,0,0,0,0,0,0,0,0
00657383.png,10,0,1,1,0,0,1,0,0,1,1,0,0,0,1,0,0,0,0,0,1
00657533.png,10,1,0,0,0,0,0,0,0,0,0,1,0,0,0,0,0,1,0,0,1
00657657.png,10,0,0,1,0,0,1,0,0,0,0,0,0,0,0,0,0,0,0,0,1
00657877.png,5,1,0,1,0,0,1,0,0,0,1,0,0,0,0,0,0,0,0,0,1
00658244.png,5,0,0,0,1,1,0,0,0,0,0,0,0,0,0,0,0,0,1,0,1
00658485.png,10,0,0,0,0,0,0,0,0,0,0,0,0,0,0,0,1,0,0,0,1
00658492.png,10,0,0,0,0,0,0,0,0,0,0,0,0,0,0,0,0,0,0,1,0
00658606.png,20,1,0,0,0,0,0,0,0,0,0,0,0,0,0,0,0,0,0,0,0
00658822.png,5,0,0,0,0,0,0,0,0,0,0,0,0,0,0,0,0,0,0,1,0
00658862.png,5,1,0,0,0,0,1,0,0,0,0,0,0,0,0,0,0,0,1,0,1
00658874.png,5,0,0,0,0,0,0,0,0,0,0,0,0,0,0,0,0,0,0,1,0
00659039.png,10,0,0,0,0,0,0,0,0,0,0,0,0,0,0,0,0,0,1,0,1
00659071.png,0,1,0,0,0,0,0,0,0,0,0,0,0,0,0,0,0,0,0,0,0
00659240.png,5,1,0,0,0,0,0,0,0,0,0,1,0,0,0,0,0,1,0,0,1
00659241.png,10,1,0,0,0,0,0,0,0,0,1,1,0,0,0,0,0,0,0,0,1
00659393.png,10,0,0,0,0,0,0,0,0,0,0,0,0,0,0,0,0,0,0,1,0
00659518.png,0,0,0,0,0,0,0,0,0,0,0,0,0,0,0,0,0,0,0,1,0
00659799.png,0,1,0,0,0,0,1,0,0,0,1,0,0,0,0,0,0,0,1,0,1
00659851.png,10,0,0,0,0,1,0,0,0,0,0,0,0,0,0,0,0,0,0,0,1
00659932.png,0,0,0,0,0,0,0,0,0,0,0,0,0,0,0,0,0,0,0,1,0
00659950.png,0,1,0,0,0,0,1,0,0,0,0,0,0,0,0,0,0,0,1,0,1
00660224.png,10,1,0,0,1,0,0,0,0,0,0,0,0,0,0,0,0,0,0,0,1
00660291.png,10,0,0,0,0,0,0,0,0,0,0,0,0,0,0,0,0,0,0,1,0
00660333.png,10,0,0,0,0,0,0,0,0,0,0,0,0,0,0,0,0,0,0,1,0
00660371.png,10,0,0,0,0,0,0,0,0,0,0,0,0,0,0,0,0,0,0,1,0
00660593.png,0,0,0,0,0,0,0,0,0,0,0,0,0,0,0,0,0,0,0,1,0
00660667.png,0,0,0,0,0,0,0,0,0,0,0,0,0,0,0,0,0,0,0,1,0
00661149.png,0,0,0,0,0,0,0,0,0,0,1,0,0,1,0,0,0,0,1,0,1
00661177.png,10,0,0,0,0,0,0,0,0,0,0,0,0,0,0,0,0,0,0,1,0
00661266.png,30,1,0,0,0,0,0,0,0,0,0,0,0,0,0,0,0,0,0,0,0
00661329.png,0,1,0,0,1,0,0,0,0,0,0,0,0,0,0,0,0,0,0,0,1
00661390.png,0,1,0,0,0,0,1,0,0,0,1,0,0,0,0,0,0,0,0,0,1
00661503.png,0,1,0,0,0,0,1,0,0,0,1,0,0,0,0,0,0,0,1,0,1
00661512.png,0,0,0,0,0,0,1,0,0,0,1,0,0,0,0,0,0,0,0,0,1
00661515.png,0,0,0,0,0,0,1,0,0,0,1,0,0,0,0,0,0,0,0,0,1
00661601.png,20,0,0,0,0,0,1,0,0,0,0,0,0,0,0,0,0,0,0,0,1
00661694.png,0,1,0,0,0,0,1,0,0,0,0,0,0,0,0,0,0,0,1,0,1
00661726.png,0,0,0,0,0,0,1,0,0,0,1,0,0,0,0,0,0,0,0,0,1
00661741.png,0,0,0,0,0,0,0,0,0,0,0,0,0,0,0,0,0,0,0,1,0
00661812.png,0,0,0,0,0,0,0,0,0,0,0,0,0,0,0,0,0,0,0,1,0
00661905.png,10,1,0,0,0,0,1,0,0,0,1,0,0,0,0,0,0,0,0,0,1
00661914.png,10,0,0,0,0,0,0,0,0,0,0,0,0,0,0,0,0,0,0,1,0
00661988.png,10,0,0,0,0,0,0,0,0,0,0,0,0,0,0,0,0,0,0,1,0
00662027.png,10,1,0,0,1,0,0,0,0,0,0,0,0,0,0,0,0,0,1,0,1
00662121.png,10,0,0,0,0,0,0,0,0,0,0,0,0,0,0,0,0,0,1,0,1
00662589.png,10,0,0,0,0,0,0,0,0,0,0,0,0,0,0,0,0,0,0,1,0
00662772.png,0,0,0,1,0,0,1,0,0,0,0,0,0,1,0,0,0,0,0,0,1
00662807.png,10,0,0,0,0,0,0,0,0,0,0,0,0,0,0,0,0,0,0,1,0
00662827.png,10,0,0,0,0,0,0,0,0,0,0,0,0,0,0,0,0,0,0,1,0
00662876.png,10,0,0,0,0,0,0,0,0,0,0,0,0,0,0,0,0,0,0,1,0
00663429.png,0,0,0,0,0,0,1,0,0,0,0,0,0,0,0,0,0,0,0,0,1
00663542.png,10,0,0,0,0,0,0,0,0,0,0,0,0,0,0,0,0,0,0,1,0
00663549.png,10,0,0,0,0,0,0,0,0,0,0,0,0,0,0,0,0,0,0,1,0
00663585.png,10,0,0,0,0,0,0,0,0,0,0,0,0,0,0,0,0,0,0,1,0
00663628.png,0,1,0,0,1,0,0,0,0,0,0,0,0,0,0,0,0,0,1,0,1
00663746.png,10,0,0,0,0,0,0,0,0,0,0,0,0,0,0,0,0,0,0,1,0
00663812.png,0,0,0,0,0,0,1,0,0,0,0,0,0,0,0,0,0,0,1,0,1
00663831.png,10,0,0,0,0,0,0,0,0,0,0,0,0,0,0,0,0,0,0,1,0
00663888.png,0,1,0,0,0,0,0,0,0,0,0,0,0,0,0,0,0,0,1,0,1
00663954.png,0,1,0,0,0,0,0,0,0,0,0,0,0,0,0,0,0,0,0,0,0
00664080.png,10,0,0,0,0,0,0,0,0,0,0,0,0,0,0,0,0,0,0,1,0
00664129.png,10,0,0,0,0,0,0,0,0,0,0,0,0,0,0,0,0,1,0,0,1
00664191.png,0,1,0,0,0,0,0,0,0,0,0,0,0,0,0,0,0,0,0,0,0
00664212.png,10,1,0,0,0,0,0,0,0,0,0,0,0,0,0,0,0,0,1,0,1
00664480.png,0,0,0,0,0,0,1,0,0,0,0,0,0,0,0,0,0,0,0,0,1
00664486.png,0,1,0,0,0,0,0,0,0,0,1,0,0,0,0,0,0,0,0,0,1
00664535.png,0,1,0,0,0,0,1,0,0,0,1,0,0,0,0,0,0,0,1,0,1
00664544.png,0,0,0,0,0,0,1,0,0,0,1,0,0,0,0,0,0,0,0,0,1
00664734.png,10,0,0,0,0,1,0,0,0,0,0,0,0,0,0,0,0,0,0,0,1
00664750.png,10,0,0,0,0,0,0,0,0,0,0,0,0,0,0,0,0,0,0,1,0
00664858.png,0,1,0,0,0,0,1,0,0,0,0,0,0,0,0,0,0,0,1,0,1
00664909.png,0,0,0,0,0,0,1,0,0,0,0,0,0,0,0,0,0,0,0,0,1
00664997.png,0,0,0,0,0,0,0,0,0,0,0,0,0,0,0,0,0,0,0,1,0
00665152.png,0,1,0,0,0,0,1,0,0,0,0,0,0,0,0,0,0,0,0,0,1
00665194.png,0,1,0,0,0,0,1,0,0,0,0,0,0,0,0,0,0,0,1,0,1
00665242.png,0,0,0,0,0,0,1,0,0,0,0,0,0,1,0,0,0,0,0,0,1
00665576.png,0,0,0,0,0,0,1,0,0,0,0,0,0,0,0,0,0,0,1,0,1
00665601.png,0,1,0,0,0,0,0,0,0,0,0,0,0,0,0,0,0,0,1,0,1
00665651.png,0,0,0,0,0,0,0,0,0,0,0,0,0,0,0,0,0,0,0,1,0
00665654.png,0,1,0,0,0,0,0,0,0,0,0,0,0,0,0,0,0,0,1,0,1
00665657.png,0,0,0,0,0,0,0,0,0,0,0,0,0,0,0,0,0,0,0,1,0
00665772.png,0,1,0,0,1,0,0,0,0,0,0,0,0,0,0,0,0,0,1,0,1
00665888.png,0,1,0,0,0,0,0,0,0,0,0,0,0,0,0,0,0,0,0,0,0
00665907.png,0,1,0,0,0,0,0,0,0,0,0,0,1,0,0,0,0,0,0,0,1
00666151.png,10,0,1,1,0,0,1,0,0,0,0,1,0,0,0,0,0,0,0,0,1
00666278.png,10,0,0,0,0,0,0,0,0,0,0,0,0,0,0,0,0,0,0,1,0
00666287.png,10,0,0,0,0,0,0,0,0,0,0,0,0,0,0,0,0,1,0,0,1
00666551.png,10,0,0,0,0,0,0,0,0,0,0,0,0,0,0,0,0,0,0,1,0
00666630.png,10,0,0,0,0,0,0,0,0,0,0,0,0,0,0,0,0,0,0,1,0
00666728.png,0,1,0,0,0,0,0,0,0,0,0,0,0,0,0,0,0,0,0,0,0
00666808.png,0,1,0,0,0,0,0,0,0,0,0,0,0,0,0,0,0,0,1,0,1
00666822.png,5,0,0,0,0,0,0,0,0,0,0,0,0,1,0,0,0,0,1,0,1
00667032.png,10,0,0,0,0,1,0,0,0,0,0,0,0,0,0,0,0,0,0,0,1
00667067.png,10,0,0,0,1,0,0,0,0,0,0,0,0,0,0,0,0,1,0,0,1
00667114.png,10,1,0,0,0,0,1,0,0,0,0,0,0,0,0,0,0,0,1,0,1
00667237.png,10,1,0,0,0,0,0,0,0,0,0,0,0,0,0,0,0,0,1,0,1
00667247.png,10,0,0,0,0,0,1,0,0,0,0,0,0,0,0,0,0,0,1,0,1
00667381.png,0,0,0,0,0,0,1,0,0,0,1,0,0,0,0,0,0,0,0,0,1
00667398.png,0,1,0,0,0,0,0,0,0,0,1,0,0,0,0,0,0,0,0,0,1
00667503.png,10,1,0,0,0,0,1,0,0,0,0,0,0,0,0,0,0,0,1,0,1
00667508.png,10,0,0,0,0,0,1,0,0,0,0,0,0,0,0,0,0,0,0,0,1
00667581.png,10,0,0,0,0,0,1,0,0,0,1,0,0,0,0,0,0,0,0,0,1
00667682.png,0,1,0,0,0,0,0,0,0,0,0,0,0,0,0,0,0,0,0,0,0
00667837.png,0,0,0,0,0,0,1,0,0,0,0,0,0,0,0,0,0,0,0,0,1
00667956.png,0,1,0,0,0,0,1,0,0,0,1,0,0,0,0,0,0,0,0,0,1
00667988.png,0,0,0,0,1,0,0,0,0,0,0,0,0,0,0,0,0,0,1,0,1
00668023.png,10,0,0,0,0,0,0,0,0,0,0,0,0,0,0,0,0,0,0,1,0
00668100.png,0,0,0,0,1,0,0,0,0,0,0,0,0,0,0,0,0,0,1,0,1
00668581.png,0,1,0,0,0,0,1,0,0,0,0,0,0,0,0,0,0,0,0,0,1
00668603.png,0,1,0,0,0,0,1,0,0,0,1,0,0,0,0,0,0,0,0,0,1
00668624.png,0,0,1,0,0,0,1,0,0,0,0,0,0,0,0,0,0,0,1,0,1
00668806.png,0,1,0,0,0,0,0,0,0,0,0,0,0,0,0,0,0,0,1,0,1
00668823.png,0,1,0,0,0,0,0,0,0,0,0,0,0,0,0,0,0,0,1,0,1
00669079.png,0,1,0,0,0,0,0,0,0,0,1,0,0,0,0,0,0,0,1,0,1
00669125.png,0,1,0,0,0,0,0,0,0,0,0,0,0,0,0,0,0,0,0,0,0
00669168.png,0,0,0,0,0,0,0,0,0,0,0,0,0,0,0,0,0,0,0,1,0
00669173.png,0,1,0,0,1,0,0,0,0,0,0,0,0,0,0,0,0,0,1,0,1
00669208.png,10,0,0,0,0,0,0,0,0,0,0,0,0,0,0,0,0,0,0,1,0
00669359.png,10,0,0,0,0,0,0,0,0,0,0,0,0,0,0,0,0,0,0,1,0
00669578.png,0,0,0,0,0,0,0,0,0,0,0,0,0,0,0,0,0,0,1,0,1
00669737.png,0,1,0,0,0,0,0,0,0,0,0,0,0,0,0,0,0,0,0,0,0
00669747.png,0,1,0,0,1,0,0,0,0,0,0,0,0,0,0,0,0,0,1,0,1
00669754.png,0,1,0,0,0,0,1,0,0,0,0,0,0,0,0,0,0,0,1,0,1
00669785.png,0,1,0,0,1,0,0,0,0,0,0,0,0,0,0,0,0,0,1,0,1
00669839.png,10,0,0,0,1,0,0,0,0,0,0,0,1,0,0,0,0,0,1,0,1
00669883.png,0,1,0,0,1,0,0,0,0,0,0,0,0,0,0,0,0,0,1,0,1
00669915.png,0,1,0,0,1,1,0,0,0,0,0,0,0,0,0,0,0,0,1,0,1
00669920.png,10,1,0,1,1,0,0,0,0,0,0,0,0,0,0,0,0,0,1,0,1
00669963.png,0,0,0,0,0,0,1,0,0,0,0,0,0,0,0,0,0,0,0,0,1
00670003.png,10,0,0,0,0,0,1,0,0,0,0,0,0,1,0,0,0,0,0,0,1
00670043.png,0,0,0,0,0,0,1,0,0,0,0,0,0,0,0,0,0,0,0,0,1
00670160.png,0,1,0,0,0,0,0,0,0,0,0,0,0,0,0,0,0,0,1,0,1
00670578.png,0,0,0,0,0,0,1,0,0,0,0,0,0,0,0,0,0,0,0,0,1
00670616.png,0,0,0,0,0,0,1,0,0,0,0,0,0,1,0,0,0,0,1,0,1
00670829.png,0,0,1,0,0,0,1,0,0,0,0,0,0,0,0,0,0,0,0,0,1
00670912.png,10,0,0,0,0,0,1,0,0,0,0,0,0,0,0,0,0,0,0,0,1
00670925.png,0,0,0,0,0,0,0,0,0,0,0,0,0,0,0,0,0,0,1,0,1
00670979.png,0,0,0,0,0,0,0,0,0,0,0,0,0,0,0,0,0,0,0,1,0
00671080.png,10,0,0,0,0,0,0,0,0,0,0,0,0,0,0,0,0,0,0,1,0
00671138.png,10,0,0,0,0,0,0,0,0,0,0,0,0,0,0,0,0,0,0,1,0
00671387.png,0,0,0,1,0,0,0,0,0,0,0,0,0,0,0,0,0,0,0,0,1
00671394.png,0,0,0,0,0,0,0,0,0,0,0,0,0,0,0,0,0,0,0,1,0
00671544.png,0,0,1,0,0,0,1,0,0,0,0,0,0,0,0,0,0,0,0,0,1
00671549.png,0,1,0,0,0,0,1,0,0,0,0,0,0,0,0,0,0,0,1,0,1
00671571.png,0,1,0,0,0,0,1,0,0,0,0,0,0,0,0,0,0,0,1,0,1
00671585.png,0,1,0,0,0,0,1,0,0,0,0,0,0,0,0,0,0,0,1,0,1
00671613.png,0,0,0,0,0,0,1,0,0,0,0,0,0,0,0,0,0,0,0,0,1
00671659.png,0,1,0,0,0,0,0,0,0,0,0,0,0,0,0,0,0,0,1,0,1
00671669.png,0,0,0,0,0,0,1,0,0,0,0,0,0,0,0,0,0,0,0,0,1
00671682.png,0,0,1,0,0,0,1,0,0,0,0,0,0,0,0,0,0,0,0,0,1
00671688.png,0,0,0,0,0,0,1,0,0,0,0,0,0,0,0,0,0,0,0,0,1
00671915.png,10,1,0,0,0,0,0,0,0,0,0,0,0,0,0,0,0,0,0,0,0
00671964.png,0,1,0,0,1,0,0,0,0,0,0,0,0,0,0,0,0,0,1,0,1
00672047.png,0,1,0,0,0,0,0,0,0,0,0,0,0,0,0,0,0,0,1,0,1
00672179.png,0,1,0,0,0,0,1,0,0,0,0,0,0,0,0,0,0,0,0,0,1
00672205.png,2,0,0,0,0,0,1,0,0,0,1,0,0,0,0,0,0,0,0,0,1
00672213.png,20,1,0,0,0,0,0,0,0,0,0,0,0,1,0,0,0,0,1,0,1
00672398.png,0,0,0,0,1,0,0,0,0,0,0,0,0,0,0,0,0,0,1,0,1
00672422.png,0,1,0,0,1,0,0,0,0,0,0,0,0,0,0,0,0,0,1,0,1
00672904.png,10,0,0,0,0,0,0,0,0,0,0,0,0,0,0,0,0,0,0,1,0
00672905.png,10,0,0,0,0,0,0,0,0,0,0,0,0,0,0,0,0,0,0,1,0
00673179.png,0,0,0,0,0,0,1,0,0,0,0,0,0,0,0,0,0,0,0,0,1
00673302.png,0,0,0,0,0,0,0,0,0,0,0,0,0,0,0,0,0,0,0,1,0
00673313.png,0,1,0,0,0,0,1,0,0,0,0,0,0,0,0,0,0,0,1,0,1
00673368.png,10,0,0,0,0,0,0,0,0,0,0,0,0,0,0,0,0,0,0,1,0
00673667.png,10,1,0,1,0,0,1,0,0,0,0,0,0,1,0,0,0,0,0,0,1
00673828.png,0,1,0,0,1,0,0,0,0,0,0,0,0,0,0,0,0,0,1,0,1
00674047.png,0,1,0,0,0,0,1,0,0,0,0,0,0,1,0,0,0,0,0,0,1
00674087.png,0,1,0,0,0,0,1,0,0,0,0,0,0,0,0,0,0,0,1,0,1
00674141.png,10,0,0,0,0,0,1,0,0,0,0,0,0,0,0,0,0,0,1,0,1
00674199.png,10,0,0,0,0,0,1,0,0,0,0,0,0,1,0,0,0,0,0,0,1
00674218.png,10,0,0,0,0,0,1,0,0,0,0,0,0,0,0,0,0,0,0,0,1
00674452.png,0,1,0,0,1,0,0,0,0,0,0,0,0,0,0,0,0,0,1,0,1
00674676.png,0,1,0,0,0,0,1,0,0,0,0,0,0,0,0,0,0,0,1,0,1
00674767.png,20,0,0,0,0,0,0,0,0,0,0,0,0,0,0,0,0,0,0,1,0
00674794.png,50,0,0,1,0,0,0,0,0,0,0,1,0,0,0,0,0,0,0,0,1
00674906.png,0,0,0,0,0,0,0,0,0,0,0,0,0,0,0,0,0,0,0,1,0
00675225.png,0,0,0,0,0,0,0,0,0,0,1,0,0,0,0,0,0,0,1,0,1
00675231.png,0,0,0,0,0,0,0,0,0,0,0,0,1,0,0,0,0,0,0,0,1
00675376.png,0,0,0,0,0,0,1,0,0,0,0,0,0,0,0,0,0,0,0,0,1
00675526.png,0,0,0,0,0,0,1,0,0,0,0,0,0,0,0,0,0,0,0,0,1
00675790.png,0,1,0,0,0,0,0,0,0,0,0,0,0,0,0,0,0,0,0,0,0
00676076.png,0,0,0,0,0,0,1,0,0,0,0,0,0,0,0,0,0,0,0,0,1
00676093.png,0,1,0,0,0,0,1,0,0,0,0,0,0,0,0,0,0,0,1,0,1
00676395.png,10,0,0,0,0,0,0,0,0,0,0,0,0,0,0,0,0,0,0,1,0
00676414.png,10,0,0,0,0,0,0,0,0,0,0,0,0,0,0,0,0,0,0,1,0
00676786.png,0,1,0,0,0,0,1,0,0,0,0,0,0,0,0,0,0,0,0,0,1
00676790.png,0,0,0,0,0,0,1,0,0,0,0,0,0,0,0,0,0,0,1,0,1
00676793.png,0,1,0,0,0,0,0,0,0,0,0,0,0,0,0,0,0,0,1,0,1
00676819.png,0,0,0,0,1,0,0,0,0,0,0,0,0,0,0,0,0,0,1,0,1
00676902.png,10,0,0,0,0,0,0,0,0,0,0,0,0,0,0,0,0,0,0,1,0
00677493.png,10,0,0,0,0,0,0,0,0,0,0,0,0,0,0,0,0,1,0,0,1
00677655.png,0,1,0,0,0,0,0,0,0,0,0,0,0,0,0,0,0,0,0,0,0
00677687.png,0,1,0,0,0,0,1,0,0,0,0,0,0,0,0,0,0,0,0,0,1
00677727.png,0,1,0,0,0,0,1,0,0,0,0,0,0,0,0,0,0,0,1,0,1
00677807.png,0,0,0,0,0,0,0,0,0,0,0,0,0,0,0,0,0,0,0,1,0
00677970.png,10,0,0,0,0,0,0,0,0,0,0,0,0,0,0,0,0,0,0,1,0
00678094.png,0,0,0,0,0,0,0,0,0,0,0,0,0,0,0,0,0,0,0,1,0
00678146.png,10,1,0,0,0,0,1,0,0,0,0,0,0,0,0,0,0,0,0,0,1
00678158.png,10,1,0,0,1,0,0,0,0,0,0,0,0,0,0,0,0,0,1,0,1
00678323.png,10,0,0,0,0,0,0,0,0,0,0,0,0,0,0,0,0,0,0,1,0
00678335.png,10,0,0,0,0,0,0,0,0,0,0,0,0,0,0,0,0,0,0,1,0
00678368.png,10,0,0,0,0,0,0,0,0,0,0,0,0,0,0,0,0,0,0,1,0
00678370.png,10,0,0,0,0,0,0,0,0,0,0,0,0,0,0,0,0,0,0,1,0
00678756.png,0,0,0,0,0,1,0,0,0,0,0,0,0,0,0,0,0,0,0,0,1
00678788.png,0,0,0,0,0,0,0,0,0,0,0,0,0,0,0,0,0,0,0,1,0
00678904.png,10,0,0,0,0,0,0,0,0,0,0,0,0,0,0,0,0,0,1,0,1
00679094.png,0,0,0,0,0,0,0,0,0,0,0,0,0,0,0,0,0,0,0,1,0
00679280.png,0,0,0,0,0,0,0,0,0,0,0,0,0,0,0,0,0,0,0,1,0
00679375.png,0,0,0,0,0,0,0,0,0,0,0,0,0,0,0,0,0,0,0,1,0
00679642.png,0,1,1,0,0,0,1,0,0,0,0,0,0,0,0,0,0,0,1,0,1
00679756.png,0,1,0,0,0,0,0,0,0,0,0,0,0,0,0,0,0,0,1,0,1
00679957.png,0,1,0,0,0,0,0,0,0,0,0,0,0,0,0,0,0,0,1,0,1
00680083.png,0,1,0,0,0,0,1,0,0,0,0,0,0,0,0,0,0,0,1,0,1
00680092.png,0,0,0,0,0,1,0,0,0,0,0,0,0,0,0,0,0,0,0,0,1
00680134.png,5,0,0,0,0,0,1,0,0,0,0,0,0,0,0,0,0,0,0,0,1
00680194.png,5,0,0,0,0,0,1,0,0,0,0,0,0,1,0,0,0,0,0,0,1
00680316.png,0,0,0,0,0,0,1,0,0,0,0,0,0,0,0,0,0,0,0,0,1
00681131.png,0,1,0,0,0,0,0,0,0,0,0,0,0,0,0,0,0,0,0,0,0
00681372.png,10,0,0,0,0,0,0,0,0,0,0,0,0,0,0,0,0,0,0,1,0
00681469.png,0,0,0,0,0,0,1,0,0,0,1,0,0,0,0,0,0,0,0,0,1
00681500.png,10,1,0,0,0,0,0,0,0,0,0,0,0,0,0,0,0,0,0,0,0
00681545.png,10,0,0,0,0,0,0,0,0,0,0,0,0,0,0,0,0,1,0,0,1
00681591.png,10,0,0,0,0,0,1,0,0,0,1,0,0,0,0,0,0,0,0,0,1
00681952.png,0,0,0,0,0,0,1,0,0,0,0,0,0,0,0,0,0,0,1,0,1
00682015.png,0,1,0,0,0,0,1,0,0,0,0,0,0,0,0,0,0,0,1,0,1
00682116.png,0,0,0,0,0,0,1,0,0,0,1,0,0,0,0,0,0,0,0,0,1
00682147.png,0,0,0,0,0,0,0,0,0,0,0,0,1,1,0,0,0,0,1,0,1
00682312.png,0,0,0,0,0,0,0,0,0,0,0,0,0,0,0,0,0,0,0,1,0
00682408.png,10,0,0,0,0,0,0,0,0,0,0,0,0,0,0,0,0,0,0,1,0
00682423.png,10,0,0,0,0,0,0,0,0,0,0,0,0,0,0,0,0,0,0,1,0
00682484.png,10,1,0,0,0,0,1,0,0,0,0,0,0,0,0,0,0,0,0,0,1
00682575.png,0,1,0,0,0,0,1,0,0,0,0,0,0,0,0,0,0,0,0,0,1
00682746.png,10,0,0,0,0,0,0,0,0,0,0,0,0,0,0,0,0,0,0,1,0
00682754.png,10,1,0,0,0,0,0,0,0,0,0,0,0,0,0,0,0,0,0,0,0
00682785.png,10,1,0,0,0,0,0,0,0,0,0,0,0,0,0,0,0,0,0,0,0
00682797.png,10,0,0,0,0,0,0,0,0,0,0,0,0,0,0,0,0,0,0,1,0
00682957.png,0,1,0,0,0,0,1,0,0,0,1,0,0,0,0,0,0,0,0,0,1
00683135.png,0,1,0,0,0,0,1,0,0,0,1,0,0,0,0,0,0,0,1,0,1
00683191.png,0,0,0,0,0,0,1,0,0,0,1,0,0,0,0,0,0,0,0,0,1
00683202.png,0,0,0,1,0,0,1,0,0,0,1,0,0,0,0,0,0,0,0,0,1
00683293.png,10,0,0,0,0,0,0,0,0,0,0,0,0,0,0,0,0,0,0,1,0
00683445.png,0,0,0,1,0,0,1,0,0,1,0,0,0,1,0,0,0,0,0,0,1
00683462.png,10,0,0,1,0,0,1,0,0,0,0,0,0,1,0,0,0,0,1,0,1
00684268.png,10,0,0,0,0,0,0,0,0,0,0,0,0,0,0,0,0,0,0,1,0
00684473.png,0,1,0,0,0,0,0,0,1,0,1,0,0,0,0,0,0,0,0,0,1
00684589.png,10,0,0,0,0,0,0,0,0,0,0,0,0,0,0,0,0,0,0,1,0
00684702.png,0,1,0,0,0,0,1,0,0,0,0,0,0,0,0,0,0,0,1,0,1
00684753.png,0,0,0,0,0,0,1,0,0,0,0,0,0,0,0,0,0,0,0,0,1
00684942.png,10,0,0,0,0,0,0,0,0,0,0,0,0,0,0,0,0,0,0,1,0
00684994.png,10,1,0,0,0,0,0,0,0,0,0,0,0,0,0,0,0,0,1,0,1
00685068.png,0,1,0,0,0,0,0,0,0,0,0,0,0,0,0,0,0,0,0,0,0
00685120.png,10,0,0,0,0,0,0,0,0,0,0,0,0,0,0,0,0,0,0,1,0
00685194.png,10,0,0,0,1,1,0,0,0,0,0,0,1,0,0,0,0,1,0,0,1
00685235.png,5,0,0,0,0,0,0,0,0,0,1,0,0,0,1,0,0,0,0,0,1
00685766.png,0,0,0,0,0,0,1,0,0,0,0,0,0,1,0,0,0,0,0,0,1
00685944.png,0,1,0,0,1,0,0,0,0,0,0,0,0,0,0,0,0,0,1,0,1
00686068.png,60,1,0,0,0,0,1,0,0,0,0,0,0,0,0,0,0,0,0,0,1
00686262.png,0,1,0,0,0,0,0,0,0,0,0,0,0,0,0,0,0,0,1,0,1
00686273.png,10,1,0,0,0,0,0,0,0,0,0,0,0,0,0,0,0,0,1,0,1
00686510.png,10,0,0,0,0,0,1,0,0,0,0,0,0,0,0,0,0,0,1,0,1
00686602.png,10,1,0,0,0,0,1,0,0,0,0,1,0,0,0,0,0,0,1,0,1
00686630.png,10,0,0,0,0,0,1,0,0,0,1,0,0,0,0,0,0,0,1,0,1
00686763.png,10,1,0,0,0,0,0,0,0,0,0,0,0,0,0,0,0,0,0,0,0
00686781.png,10,1,0,1,0,0,1,0,0,0,0,0,0,0,0,0,0,0,1,0,1
00686799.png,0,0,0,0,0,0,0,0,0,0,0,0,0,0,0,0,0,0,1,0,1
00686943.png,0,1,0,0,0,0,0,0,0,0,0,0,0,0,0,0,0,0,1,0,1
00686982.png,0,1,0,0,0,0,0,0,0,0,1,0,0,0,0,0,0,0,0,0,1
00687007.png,0,0,0,0,0,0,1,0,0,0,0,0,0,0,0,0,0,0,0,0,1
00687099.png,0,0,0,0,0,0,1,0,0,0,1,0,0,1,0,0,0,0,0,0,1
00687125.png,0,1,0,0,0,0,1,0,0,0,0,0,0,0,0,0,0,0,1,0,1
00687341.png,10,0,0,0,0,0,0,0,0,0,0,0,0,0,0,0,0,0,0,1,0
00687387.png,10,0,0,0,0,0,0,0,0,0,0,0,0,0,0,0,0,0,0,1,0
00687397.png,10,0,0,0,0,0,0,0,0,0,0,0,0,0,0,0,0,0,0,1,0
00687398.png,10,0,0,0,0,0,0,0,0,0,0,0,0,0,0,0,0,1,0,0,1
00687578.png,0,1,0,0,0,0,1,0,0,0,0,0,0,0,0,0,0,0,1,0,1
00687948.png,0,1,0,1,0,0,1,0,0,0,0,0,0,0,0,0,0,0,1,0,1
00688129.png,10,0,0,0,1,0,0,0,0,0,0,0,0,0,0,0,0,1,0,0,1
00688245.png,10,1,0,1,0,0,1,0,0,0,0,0,0,0,0,0,0,0,0,0,1
00688505.png,0,1,0,0,0,0,0,0,0,0,0,0,0,0,0,0,0,0,1,0,1
00688783.png,0,1,0,0,0,0,0,0,0,0,0,0,0,0,0,0,0,0,0,0,0
00688806.png,0,0,0,0,0,0,0,0,0,0,0,0,0,0,0,0,0,0,1,0,1
00688942.png,0,0,0,0,0,0,0,0,0,0,0,0,0,0,0,0,0,0,0,1,0
00688951.png,0,0,0,1,0,0,1,0,0,0,0,0,0,0,0,0,0,0,1,0,1
00689100.png,10,1,0,0,0,0,1,0,0,0,0,0,0,1,0,0,0,0,0,0,1
00689261.png,0,1,0,0,0,0,1,0,0,0,0,0,0,0,0,0,0,0,1,0,1
00689294.png,10,0,1,0,0,0,1,0,0,0,0,0,0,1,0,0,0,0,0,0,1
00689725.png,0,0,0,1,0,0,1,0,0,0,0,0,0,0,0,0,0,0,1,0,1
00689803.png,10,0,0,1,0,0,1,0,0,0,0,0,0,0,0,0,0,0,0,0,1
00689892.png,0,0,0,0,0,0,1,0,0,0,0,0,0,0,0,0,0,0,1,0,1
00690030.png,0,0,0,0,0,0,1,0,0,0,0,0,0,0,0,0,0,0,1,0,1
00690121.png,0,1,0,0,0,0,1,0,0,0,0,0,0,0,0,0,0,0,1,0,1
00690247.png,10,0,0,0,0,0,0,0,0,0,0,0,0,0,0,0,0,0,0,1,0
00690257.png,10,0,0,0,0,0,0,0,0,0,0,0,0,0,0,0,0,0,0,1,0
00690259.png,10,0,0,0,0,0,0,0,0,0,0,0,0,0,0,0,0,0,0,1,0
00690726.png,0,0,0,0,1,1,0,0,0,0,0,0,0,0,0,0,0,0,0,0,1
00690898.png,0,1,0,0,0,0,1,0,0,0,0,0,0,1,0,0,0,0,1,0,1
00691026.png,0,1,0,0,0,0,1,0,0,0,0,0,0,0,0,0,0,0,0,0,1
00691050.png,0,0,0,0,0,0,1,0,0,0,0,0,0,0,0,0,0,0,0,0,1
00691161.png,10,0,0,0,0,0,0,0,0,0,0,0,0,0,0,0,0,0,0,1,0
00691399.png,0,1,0,0,0,0,0,0,0,0,0,0,0,0,0,0,0,0,1,0,1
00691661.png,0,0,0,0,0,0,0,0,0,0,0,0,0,0,0,0,0,0,1,0,1
00691669.png,0,0,0,0,0,0,1,0,0,0,0,0,0,0,0,0,0,0,0,0,1
00691781.png,0,0,0,0,0,0,0,0,0,0,0,0,0,0,0,0,0,0,0,1,0
00691937.png,0,0,0,0,0,0,0,0,0,0,1,0,0,0,0,0,0,0,0,0,1
00692347.png,0,1,0,0,0,0,0,0,0,0,0,0,0,0,0,0,0,0,1,0,1
00692540.png,0,0,0,0,0,0,0,0,0,0,0,0,0,0,0,0,0,0,1,0,1
00692605.png,0,1,0,0,0,0,0,0,0,0,0,0,0,0,0,0,0,0,1,0,1
00692621.png,0,0,0,0,0,0,0,0,0,0,0,0,0,0,0,0,0,0,0,1,0
00692882.png,0,1,0,0,0,0,0,0,0,0,0,0,0,0,0,0,0,0,1,0,1
00692916.png,0,0,0,1,0,0,1,0,0,0,1,0,0,1,0,0,0,0,0,0,1
00693007.png,5,1,0,1,0,0,1,0,0,0,0,0,0,0,0,0,0,0,0,0,1
00693107.png,10,0,0,0,0,0,0,0,0,0,0,0,0,0,0,0,0,1,0,0,1
00693199.png,10,1,0,0,1,0,0,0,0,0,0,0,0,0,0,0,0,0,0,0,1
00693203.png,10,0,0,0,0,0,0,0,0,0,0,0,0,0,0,0,0,0,0,1,0
00693568.png,10,0,0,0,0,0,0,0,0,0,0,0,0,0,0,0,0,0,0,1,0
00693633.png,10,0,0,0,0,0,0,0,0,0,0,0,0,0,0,0,0,0,0,1,0
00693701.png,0,0,0,0,1,1,0,0,0,0,0,0,0,0,0,0,0,0,1,0,1
00693741.png,10,0,0,0,0,0,0,0,0,0,0,0,0,0,0,0,0,0,0,1,0
00693809.png,0,1,0,1,0,0,1,0,0,0,1,0,0,0,0,0,0,0,0,0,1
00693928.png,10,0,0,0,0,0,1,0,0,0,0,0,0,0,0,0,0,0,0,0,1
00694018.png,20,0,0,0,0,0,1,0,0,0,0,0,0,0,0,0,0,0,0,0,1
00694088.png,10,0,0,0,0,0,0,0,0,0,0,0,0,0,0,0,0,0,0,1,0
00694095.png,10,0,0,0,0,0,0,0,0,0,0,0,0,0,0,0,0,0,0,1,0
00694417.png,10,1,0,0,1,1,0,0,0,0,0,0,0,0,0,0,0,0,1,0,1
00694594.png,0,0,0,0,0,0,0,0,0,0,0,0,0,0,0,0,0,0,0,1,0
00694775.png,10,0,0,0,0,0,0,0,0,0,0,0,0,0,0,0,0,0,0,1,0
00694827.png,10,0,0,0,0,0,0,0,0,0,0,0,0,0,0,0,0,0,0,1,0
00694897.png,20,1,0,0,0,0,0,0,0,0,0,0,0,0,0,0,0,0,1,0,1
00695110.png,0,1,0,0,0,0,1,0,0,0,1,0,0,0,0,0,0,0,0,0,1
00695163.png,0,0,0,0,0,0,1,0,0,0,1,0,0,0,0,0,0,0,0,0,1
00695416.png,0,1,0,0,0,0,1,0,0,0,1,0,0,0,0,0,0,0,0,0,1
00695636.png,0,0,0,0,0,0,1,0,0,0,1,0,0,0,0,0,0,0,0,0,1
00695669.png,0,0,0,0,0,0,1,0,0,0,1,0,0,0,0,0,0,0,0,0,1
00695737.png,0,1,0,0,0,0,0,0,0,0,1,0,0,0,0,0,0,0,0,0,1
00695950.png,10,1,0,0,1,0,0,0,0,0,0,0,0,0,0,0,0,0,1,0,1
00696187.png,0,1,0,0,0,0,1,0,0,0,0,0,0,0,0,0,0,0,1,0,1
00696201.png,0,0,0,0,0,0,0,0,0,0,0,0,0,0,0,0,0,0,0,1,0
00696438.png,0,0,0,0,0,0,1,0,0,0,0,0,0,0,0,0,0,0,0,0,1
00696896.png,0,1,0,0,0,0,0,0,0,0,0,0,0,0,0,0,0,0,0,0,0
00697482.png,10,1,0,0,0,0,0,0,0,0,0,0,0,0,0,0,0,0,1,0,1
00698018.png,10,0,0,1,0,0,0,0,0,0,1,0,0,1,1,0,0,0,0,0,1
00698178.png,0,0,0,0,0,0,1,0,0,0,0,0,1,0,0,0,0,0,1,0,1
00698263.png,0,1,0,0,0,0,1,0,0,0,0,0,0,0,0,0,0,0,0,0,1
00698296.png,0,1,0,1,0,0,1,0,0,0,1,0,0,0,0,0,0,0,1,0,1
00698572.png,10,0,0,0,0,0,0,0,0,0,0,0,0,0,0,0,0,1,0,0,1
00698621.png,10,0,0,0,0,0,0,0,0,0,0,0,0,0,0,0,0,0,0,1,0
00698746.png,0,1,0,0,0,0,0,0,0,0,0,0,0,0,0,0,0,0,0,0,0
00698870.png,0,1,0,0,0,0,0,0,0,0,0,0,0,0,0,0,0,0,0,0,0
00698958.png,0,0,0,0,0,0,1,0,0,0,1,0,0,0,0,0,0,0,0,0,1
00699225.png,0,0,0,0,0,0,1,0,0,0,1,0,0,0,0,0,0,0,0,0,1
00699322.png,0,1,0,0,0,0,0,0,0,0,1,0,0,0,0,0,0,0,0,0,1
00699325.png,0,1,0,0,0,0,0,0,0,0,0,0,0,0,0,0,0,0,0,0,0
00699597.png,0,1,0,0,1,1,0,0,0,0,0,0,0,0,0,0,0,0,1,0,1
00699686.png,5,0,0,0,0,1,0,0,0,0,0,0,1,0,0,0,0,1,0,0,1
00699806.png,0,0,0,1,0,0,1,0,0,0,0,0,0,1,0,0,0,0,0,0,1
00699855.png,0,0,0,0,1,1,0,0,0,0,0,0,1,0,0,0,0,0,0,0,1
00700031.png,5,0,0,0,0,1,0,0,0,0,0,0,1,0,0,0,0,1,0,0,1
00700046.png,5,0,0,0,1,1,0,0,0,0,0,0,1,0,0,0,0,1,0,0,1
00700108.png,10,1,0,0,0,1,0,0,0,0,0,0,0,0,0,0,0,0,0,0,1
00700157.png,5,1,0,0,0,0,0,0,0,0,0,0,0,0,0,0,0,0,0,0,0
00700406.png,0,0,0,0,0,0,0,0,0,0,0,0,0,0,0,1,0,0,0,0,1
00700585.png,5,0,0,0,0,0,0,0,0,0,0,0,0,0,0,0,0,0,0,1,0
00700635.png,5,0,0,0,0,1,0,0,0,0,0,0,1,0,0,0,0,1,0,0,1
00700847.png,0,1,0,0,0,0,0,0,0,0,0,0,0,0,0,0,0,0,1,0,1
00701062.png,0,1,0,0,0,0,1,0,0,0,0,0,0,0,0,0,0,0,0,0,1
00701063.png,0,0,0,0,0,0,1,0,0,0,0,0,0,0,0,0,0,0,0,0,1
00701085.png,0,0,0,0,0,1,0,0,0,0,0,0,0,0,0,0,0,0,0,0,1
00701135.png,0,0,0,0,1,1,0,0,0,0,0,0,0,0,0,0,0,0,0,0,1
00701234.png,5,0,0,0,0,0,0,0,0,0,0,0,0,0,0,0,0,0,0,1,0
00701358.png,0,1,0,0,0,1,0,0,0,0,1,0,0,0,0,0,0,0,0,0,1
00701535.png,0,1,0,0,0,0,0,0,0,0,0,0,0,1,0,0,0,0,1,0,1
00701557.png,5,0,0,0,1,0,0,0,0,0,0,0,0,0,0,0,0,0,0,0,1
00701712.png,0,1,0,1,0,0,1,0,0,0,1,0,0,0,0,0,0,0,1,0,1
00701845.png,5,0,0,0,0,1,0,0,0,0,1,0,0,0,0,0,0,0,0,0,1
00701960.png,5,0,0,1,0,0,1,0,0,0,0,0,0,0,0,0,0,0,0,0,1
00702061.png,5,1,0,0,0,1,0,0,0,0,0,0,0,0,0,0,0,0,0,0,1
00702233.png,20,0,0,0,0,0,0,0,0,0,0,0,0,0,0,0,0,0,0,1,0
00702352.png,20,0,0,0,0,0,1,0,0,0,0,0,0,0,0,0,0,0,0,0,1
00702377.png,10,0,0,0,0,0,0,0,0,0,0,0,0,0,0,0,0,0,0,1,0
00702416.png,10,0,0,0,0,0,0,0,0,0,0,0,0,0,0,0,0,0,0,1,0
00702524.png,0,0,0,0,0,0,1,0,0,0,0,0,0,0,1,0,0,0,0,0,1
00702548.png,0,1,0,0,0,0,1,0,0,0,0,0,0,0,0,0,0,0,0,0,1
00702883.png,10,1,0,0,0,0,0,0,0,0,0,0,0,0,0,0,0,0,0,0,0
00703011.png,10,0,0,0,0,0,0,0,0,0,0,0,0,0,0,0,0,0,0,1,0
00703074.png,0,1,0,0,0,0,0,0,0,0,0,0,0,0,0,0,0,0,0,0,0
00703282.png,10,0,0,0,0,0,0,0,0,0,0,0,0,0,0,0,0,0,0,1,0
00704062.png,0,1,0,1,0,0,1,0,0,0,1,0,0,0,0,0,0,0,0,0,1
00704112.png,0,1,0,0,0,0,0,0,0,0,0,0,0,0,0,0,0,0,1,0,1
00704179.png,0,1,0,0,1,1,0,0,0,0,0,0,0,0,0,0,0,0,0,0,1
00704339.png,0,0,0,0,0,1,0,0,0,0,0,0,0,0,0,0,0,0,0,0,1
00704348.png,10,1,0,0,0,0,0,0,0,0,0,0,0,0,0,0,0,0,0,0,0
00704509.png,10,1,0,1,0,0,1,0,0,0,0,0,0,0,0,0,0,0,0,0,1
00704598.png,5,0,0,0,0,0,0,0,0,0,0,0,0,0,0,0,0,0,0,1,0
00704778.png,10,0,1,0,0,0,1,0,0,0,0,0,0,0,0,0,0,0,0,0,1
00704793.png,0,1,0,0,0,0,0,0,0,0,0,0,0,0,0,0,0,0,0,0,0
00704849.png,0,1,0,0,0,0,0,0,0,0,0,0,0,0,0,0,0,0,1,0,1
00704919.png,0,1,1,0,0,0,0,0,0,0,0,0,0,0,0,0,0,0,0,0,1
00704937.png,10,0,0,0,0,0,0,0,0,0,0,0,0,0,0,0,0,0,0,1,0
00705633.png,0,0,0,0,0,0,0,0,0,0,0,0,0,0,0,0,0,0,0,1,0
00706248.png,0,0,0,0,0,0,1,0,0,0,1,0,0,0,0,0,0,0,0,0,1
00706444.png,5,0,1,0,0,0,0,0,0,0,0,0,0,0,0,0,0,0,1,0,1
00706501.png,10,1,1,0,0,0,1,0,0,0,0,0,0,0,0,0,0,0,0,0,1
00706606.png,10,0,1,0,0,0,1,0,0,0,0,0,0,0,0,0,0,0,0,0,1
00706630.png,10,0,1,0,0,0,0,0,0,0,0,0,0,0,0,0,0,0,0,0,1
00706982.png,10,0,0,0,0,0,0,0,0,0,0,0,0,0,0,0,0,0,0,1,0
00707033.png,0,0,0,1,0,0,0,0,0,0,0,0,0,0,0,0,0,0,0,0,1
00707085.png,2,0,0,1,0,0,0,0,0,0,0,0,0,0,0,0,0,0,0,0,1
00707098.png,2,0,0,1,0,0,1,0,0,0,0,0,0,0,0,0,0,0,0,0,1
00707195.png,10,0,0,0,0,1,0,0,0,0,0,0,0,0,0,0,0,0,0,0,1
00707312.png,0,0,0,0,0,0,0,0,0,0,0,0,0,0,0,0,0,0,0,1,0
00707448.png,5,0,0,0,0,0,1,0,0,0,1,0,0,0,0,0,0,0,0,0,1
00707891.png,5,0,0,1,0,0,0,0,1,0,0,0,0,0,0,0,0,0,0,0,1
00707956.png,0,0,0,0,0,0,0,0,0,0,0,0,0,0,0,0,0,0,0,1,0
00708007.png,0,0,0,0,0,0,0,0,0,0,0,0,0,0,0,0,1,0,0,0,1
00708104.png,10,0,0,0,0,0,0,0,0,0,0,0,0,0,0,0,0,0,0,1,0
00708332.png,10,0,0,0,0,0,0,0,0,0,0,0,0,0,0,0,0,0,0,1,0
00708333.png,10,0,0,0,0,0,0,0,0,0,0,0,0,0,0,0,0,0,0,1,0
00708470.png,10,1,0,0,0,0,0,0,0,0,0,0,0,0,0,0,0,0,0,0,0
00708504.png,10,0,0,0,0,0,0,0,0,0,0,0,0,0,0,0,0,0,0,1,0
00708567.png,10,1,0,1,0,0,1,0,0,0,0,0,0,0,0,0,0,0,0,0,1
00708575.png,5,0,0,1,0,0,1,0,0,0,1,1,0,0,0,0,0,0,0,0,1
00708730.png,0,0,0,0,0,0,0,0,0,0,1,0,0,0,0,0,0,0,0,0,1
00708747.png,0,1,0,0,0,0,0,0,0,0,0,0,0,0,0,0,0,0,1,0,1
00708801.png,2,1,0,0,0,0,0,0,0,0,0,0,0,0,0,0,0,0,1,0,1
00708835.png,0,0,0,0,0,0,0,0,0,0,1,0,0,0,0,0,0,0,0,0,1
00708952.png,10,0,0,0,0,1,0,0,0,0,0,0,0,0,0,0,0,0,0,0,1
00708994.png,10,0,0,0,0,0,1,0,0,0,0,0,0,1,0,0,0,0,0,0,1
00709191.png,0,0,0,0,0,0,1,0,0,0,1,0,0,0,0,0,0,0,0,0,1
00709364.png,10,0,0,0,0,1,0,0,0,0,0,0,0,0,0,0,0,1,0,0,1
00709473.png,10,1,0,0,0,0,0,0,0,0,0,0,0,0,0,0,0,0,0,0,0
00709523.png,0,1,0,0,0,0,1,0,1,0,0,0,0,0,0,0,0,0,0,0,1
00709546.png,2,0,0,0,0,0,1,0,0,1,1,0,0,0,0,0,0,0,0,0,1
00709604.png,10,0,0,0,0,0,1,0,0,0,0,0,0,0,0,0,0,0,0,0,1
00709612.png,10,0,0,0,0,0,1,0,0,0,0,0,0,1,0,0,0,0,0,0,1
00709713.png,2,0,0,1,0,0,0,0,1,0,0,0,0,0,0,0,0,0,1,0,1
00709763.png,0,1,0,0,0,0,1,0,0,0,0,0,0,0,0,0,0,0,1,0,1
00709833.png,0,0,0,0,1,0,0,0,0,0,0,0,0,0,0,0,0,0,1,0,1
00709991.png,10,0,0,0,0,0,0,0,0,0,0,0,0,0,0,0,0,1,0,0,1
00710063.png,0,0,0,0,0,0,0,0,0,0,0,0,0,0,0,0,0,0,0,1,0
00710106.png,0,0,0,0,0,0,1,0,0,0,1,0,0,0,0,0,0,0,0,0,1
00710124.png,5,1,0,1,0,0,1,0,1,0,0,0,0,0,0,0,0,0,1,0,1
00710269.png,10,0,0,0,0,0,0,0,0,0,0,0,0,0,0,0,0,0,0,1,0
00710273.png,10,1,0,0,0,0,0,0,0,0,0,0,0,0,0,0,0,0,1,0,1
00710294.png,5,0,0,1,0,0,1,0,0,0,1,0,0,0,0,0,0,0,0,0,1
00710388.png,10,0,0,1,0,0,1,0,0,0,0,0,0,0,0,0,0,0,0,0,1
00710596.png,10,0,0,1,0,0,1,0,0,0,0,0,0,0,0,0,0,0,0,0,1
00710749.png,2,0,0,0,0,0,1,0,1,0,0,0,0,0,0,0,0,0,0,0,1
00710789.png,10,0,0,0,0,0,0,0,0,0,0,0,0,0,0,0,0,0,0,1,0
00710939.png,0,0,0,0,0,0,1,0,0,0,1,0,0,0,0,0,0,0,0,0,1
00711044.png,10,0,0,0,0,0,0,0,0,0,0,0,0,0,0,0,0,0,0,1,0
00711120.png,10,0,0,0,0,0,1,0,0,0,0,0,0,0,0,0,0,0,0,0,1
00711121.png,10,0,0,0,0,0,1,0,0,0,0,0,0,0,0,0,0,0,0,0,1
00711442.png,10,0,0,0,0,1,0,0,0,0,0,0,0,0,0,0,0,0,0,0,1
00711473.png,10,0,0,0,0,0,0,0,0,0,0,0,0,0,0,0,0,0,0,1,0
00711514.png,10,0,0,0,0,0,0,0,0,0,0,0,0,0,0,0,0,0,0,1,0
00711593.png,10,1,0,0,1,0,0,0,0,0,0,0,0,0,0,0,0,0,0,0,1
00711908.png,10,0,0,0,0,0,0,0,0,0,0,0,0,0,0,0,0,0,0,1,0
00711921.png,5,0,0,0,0,0,0,0,1,0,0,0,0,0,0,0,0,0,1,0,1
00712121.png,10,0,0,0,0,0,0,0,0,0,0,0,0,0,0,0,0,0,0,1,0
00712463.png,10,0,0,0,0,0,0,0,0,0,0,0,0,0,0,0,0,0,0,1,0
00712650.png,10,0,0,0,0,0,0,0,0,0,0,0,0,0,0,0,0,0,0,1,0
00712658.png,10,0,0,0,0,0,1,0,0,0,0,0,0,1,0,0,0,0,0,0,1
00712894.png,5,0,0,1,0,0,1,0,0,1,0,1,0,0,0,0,0,0,0,0,1
00712972.png,5,0,0,1,0,0,0,0,0,1,0,1,0,0,0,0,0,0,0,0,1
00712996.png,5,0,0,1,1,0,0,0,0,0,0,0,0,0,0,0,0,0,0,0,1
00713013.png,5,1,0,1,0,0,1,0,0,0,0,0,0,0,0,0,0,0,0,0,1
00713084.png,5,0,0,0,0,0,0,0,0,0,0,0,0,0,0,0,0,0,0,1,0
00713197.png,5,0,0,0,0,0,0,0,0,0,0,0,0,0,0,0,0,0,0,1,0
00713341.png,10,0,0,0,0,1,0,0,0,0,0,0,0,0,0,0,0,0,0,0,1
00713416.png,0,1,0,0,1,1,0,0,0,0,0,0,0,0,0,0,0,0,1,0,1
00713457.png,5,0,0,0,0,0,0,0,0,0,0,0,0,0,0,0,0,0,0,1,0
00713511.png,10,0,0,0,0,0,0,0,0,0,0,0,0,0,0,0,0,0,0,1,0
00713544.png,10,0,0,0,0,0,0,0,0,0,0,0,0,0,0,0,0,0,0,1,0
00713591.png,10,1,0,0,0,0,0,0,0,0,0,0,0,0,0,0,0,0,0,0,0
00713782.png,0,0,0,0,0,0,1,0,0,0,0,0,0,0,0,0,0,0,1,0,1
00713820.png,0,0,0,0,0,0,0,0,0,0,0,0,0,0,0,0,0,0,0,1,0
00714101.png,10,0,0,0,0,0,1,0,1,0,0,0,0,0,0,0,0,0,0,0,1
00714202.png,5,0,0,1,0,0,0,0,0,0,0,0,0,0,0,0,0,0,0,0,1
00714280.png,10,0,0,0,0,0,1,0,1,0,0,0,0,0,0,0,0,0,0,0,1
00714833.png,5,0,0,1,0,0,1,0,0,0,1,0,0,0,0,0,0,0,0,0,1
00715142.png,0,0,0,0,0,0,0,0,0,0,0,0,0,0,0,0,0,0,1,0,1
00715150.png,0,0,0,0,0,0,0,0,0,0,0,0,0,0,0,0,0,0,0,1,0
00715530.png,10,0,1,0,0,0,1,0,1,0,0,0,0,0,0,0,0,0,0,0,1
00716388.png,2,1,0,0,0,0,0,0,0,0,0,0,0,0,0,0,0,0,1,0,1
00716587.png,0,1,1,0,0,0,1,0,0,1,0,1,0,0,0,0,0,0,0,0,1
00716939.png,0,0,0,0,0,0,0,0,0,0,0,0,0,0,0,0,0,0,0,1,0
00717032.png,10,0,0,1,0,0,1,0,0,0,0,0,0,0,0,0,0,0,0,0,1
00717036.png,10,1,0,0,0,0,1,0,0,0,0,0,0,0,0,0,0,0,1,0,1
00717072.png,10,0,0,0,0,0,0,0,0,0,1,0,0,0,0,0,0,0,0,0,1
00717175.png,10,0,0,0,0,0,1,0,0,0,1,0,0,0,0,0,0,0,0,0,1
00717352.png,10,0,0,0,0,0,0,0,0,0,0,0,0,0,0,0,0,0,0,1,0
00717494.png,10,0,0,1,0,0,1,0,0,0,0,0,0,0,0,0,0,0,0,0,1
00717729.png,0,0,0,0,0,0,0,0,0,0,1,0,0,0,0,0,0,0,0,0,1
00717826.png,5,0,0,0,0,0,0,0,0,0,1,1,0,1,0,0,0,0,0,0,1
00717985.png,0,0,0,0,0,0,0,0,0,0,0,0,0,0,0,0,0,0,0,1,0
00718019.png,0,0,0,1,0,0,1,0,0,0,0,0,0,0,0,0,0,0,1,0,1
00718079.png,10,0,0,0,0,0,1,0,0,0,0,0,0,1,0,0,0,0,0,0,1
00718211.png,0,1,0,1,0,0,1,0,0,0,0,0,0,0,0,0,0,0,1,0,1
00718232.png,0,1,0,0,1,0,0,0,0,0,0,0,0,0,0,0,0,0,1,0,1
00718419.png,0,0,0,0,0,0,1,0,0,0,0,0,0,0,0,0,0,0,1,0,1
00718515.png,0,1,0,0,0,1,0,0,0,0,0,0,0,0,0,0,0,0,1,0,1
00718529.png,0,1,0,0,1,0,0,0,0,0,0,0,0,0,0,0,0,0,1,0,1
00718622.png,0,0,0,0,0,0,1,0,0,0,0,0,0,0,0,0,0,0,1,0,1
00718763.png,0,1,0,0,0,0,1,0,0,0,1,0,0,0,0,0,0,0,1,0,1
00719059.png,10,0,0,0,0,0,0,0,0,0,0,0,0,0,0,0,0,0,0,1,0
00719079.png,20,1,0,0,1,0,0,0,0,0,0,0,0,0,0,0,0,0,0,0,1
00719113.png,0,1,0,0,0,0,0,0,0,0,1,0,0,0,0,0,0,0,1,0,1
00719169.png,0,1,0,0,0,0,0,0,0,0,1,0,0,0,0,0,0,0,1,0,1
00719204.png,60,0,0,0,0,0,0,0,0,0,0,1,0,0,0,0,0,0,0,0,1
00719510.png,0,0,0,0,0,0,0,0,0,0,0,0,0,0,0,0,0,1,0,0,1
00719593.png,0,1,0,0,0,0,1,0,0,0,0,0,0,0,0,0,0,0,0,0,1
00719602.png,0,1,0,0,0,1,0,0,0,0,0,0,0,0,0,0,0,0,1,0,1
00719604.png,10,1,0,0,0,1,0,0,0,0,0,0,0,0,0,0,0,0,1,0,1
00719888.png,0,1,0,0,0,0,1,0,0,0,1,0,0,0,0,0,0,0,1,0,1
00719919.png,0,0,0,0,0,0,1,0,0,0,0,0,0,0,1,0,0,0,0,0,1
00720083.png,20,0,0,0,0,0,0,0,0,0,0,0,0,0,0,0,0,0,0,1,0
00720254.png,20,0,0,0,0,0,0,0,0,0,0,0,0,0,0,0,0,0,0,1,0
00720375.png,20,0,0,0,0,0,0,0,0,0,0,0,0,0,0,0,0,0,0,1,0
00720437.png,5,1,0,1,0,0,0,0,0,0,0,0,0,0,0,0,0,0,0,0,1
00720781.png,0,1,0,0,0,0,1,0,0,0,1,0,0,0,0,0,0,0,0,0,1
00720959.png,10,0,0,0,0,0,0,0,0,0,0,0,0,0,0,0,0,0,0,1,0
00720978.png,10,0,0,0,0,0,0,0,0,0,0,0,0,0,0,0,0,0,0,1,0
00721175.png,0,1,0,0,0,0,1,0,0,0,1,0,0,0,0,0,0,0,1,0,1
00721486.png,2,1,0,1,0,0,1,0,0,0,0,0,0,0,0,0,0,0,0,0,1
00721594.png,0,1,0,0,0,0,0,0,0,0,1,0,0,0,0,0,0,0,1,0,1
00721685.png,10,1,0,0,0,0,1,0,0,0,0,0,0,0,0,0,0,0,0,0,1
00721746.png,0,1,0,0,0,0,0,0,0,0,0,0,0,0,0,0,0,0,1,0,1
00721770.png,2,1,0,0,0,0,0,0,0,0,1,0,0,0,0,0,0,0,1,0,1
00721815.png,0,1,0,0,0,0,1,0,0,0,1,0,0,0,0,0,0,0,1,0,1
00722368.png,0,0,0,0,0,0,1,0,0,0,0,0,0,0,0,0,0,0,1,0,1
00722634.png,0,0,0,0,0,0,0,0,0,0,0,0,0,0,0,0,0,0,0,1,0
00722638.png,0,0,0,0,0,0,0,0,0,0,0,0,0,0,0,0,0,0,0,1,0
00722965.png,2,0,0,0,0,0,1,0,0,0,0,0,0,0,0,0,0,0,1,0,1
00723114.png,0,1,0,0,0,0,1,0,0,0,0,0,0,0,0,0,0,0,1,0,1
00723160.png,0,0,0,0,0,0,1,0,0,0,1,0,0,0,0,0,0,0,0,0,1
00723259.png,10,0,0,0,0,0,0,0,0,0,0,0,0,0,0,0,0,0,0,1,0
00723356.png,5,0,1,1,0,0,0,0,0,0,0,0,0,0,1,0,0,0,0,0,1
00723718.png,0,1,1,0,0,0,0,0,0,0,0,0,0,0,0,0,0,0,1,0,1
00724260.png,0,0,0,0,0,0,1,0,0,0,0,0,0,0,0,0,0,0,0,0,1
00724317.png,0,1,0,1,0,0,0,0,0,0,0,0,0,0,0,0,0,0,1,0,1
00724372.png,0,0,0,0,0,0,0,0,0,0,0,0,0,0,0,0,0,0,0,1,0
00724409.png,2,1,0,1,0,0,1,0,0,0,1,0,0,0,0,0,0,0,0,0,1
00724410.png,2,1,0,1,0,0,0,0,0,0,1,0,0,0,0,0,0,0,0,0,1
00724809.png,0,0,0,0,0,0,0,0,0,0,0,0,0,0,0,0,0,0,0,1,0
00724844.png,0,0,0,0,0,0,0,0,0,0,0,0,0,0,0,0,0,0,0,1,0
00724949.png,2,1,0,0,0,0,1,0,0,0,0,0,0,0,0,0,0,0,1,0,1
00725017.png,0,1,0,0,1,1,0,0,0,0,0,0,0,0,0,0,0,0,1,0,1
00725404.png,0,0,0,0,0,0,1,0,0,0,0,0,0,0,0,0,0,0,0,0,1
00725577.png,0,1,1,0,0,0,1,0,0,0,1,0,0,0,0,0,0,0,0,0,1
00725749.png,0,1,0,1,0,0,0,0,0,0,0,0,0,0,0,0,0,0,1,0,1
00725771.png,0,1,0,0,1,1,0,0,0,0,0,0,0,0,0,0,0,0,1,0,1
00726200.png,2,0,0,0,0,0,1,0,0,0,0,0,0,1,0,0,0,0,1,0,1
00726396.png,10,0,0,0,0,1,0,0,0,0,0,0,0,0,0,0,0,0,0,0,1
00726436.png,10,0,0,0,0,0,0,0,0,0,0,0,0,0,0,0,1,0,0,0,1
00726518.png,5,1,0,0,0,0,1,0,0,0,0,0,0,1,0,0,0,0,0,0,1
00726615.png,0,0,0,0,0,0,1,0,0,0,0,0,0,0,0,0,0,0,0,0,1
00726619.png,0,0,0,0,0,0,1,0,0,0,0,0,0,1,0,0,0,0,0,0,1
00726665.png,0,0,0,0,0,0,1,0,0,0,0,0,0,0,0,0,0,0,0,0,1
00726805.png,0,0,0,0,0,0,1,0,1,0,0,0,0,0,0,0,0,0,0,0,1
00726851.png,0,0,0,0,0,0,1,0,0,0,1,0,0,0,0,0,0,0,0,0,1
00726979.png,0,0,0,0,0,0,1,0,0,0,0,0,0,0,0,0,0,0,0,0,1
00727107.png,0,0,0,0,0,0,1,0,0,0,0,0,0,0,0,0,0,0,0,0,1
00727132.png,5,0,0,0,0,0,1,0,0,0,0,0,0,1,0,0,0,0,0,0,1
00727671.png,5,0,0,0,0,0,0,0,0,0,0,0,0,0,0,0,0,0,0,1,0
00727753.png,5,1,0,0,0,0,0,0,0,0,0,0,0,0,0,0,0,0,0,0,0
00727763.png,10,0,0,0,0,0,0,0,0,0,0,0,0,0,0,0,0,0,0,1,0
00727970.png,2,0,0,0,0,0,0,0,0,0,0,0,0,0,0,0,0,0,0,1,0
00728422.png,0,1,0,0,0,0,1,0,0,0,1,0,0,0,0,0,0,0,0,0,1
00728454.png,0,0,0,0,0,0,0,0,0,0,0,0,0,0,0,0,0,0,0,1,0
00728593.png,0,1,0,0,0,0,1,0,0,0,0,0,0,0,0,0,0,0,0,0,1
00728786.png,0,1,0,0,0,0,1,0,0,0,0,0,0,0,0,0,0,0,1,0,1
00728813.png,0,0,0,0,0,0,1,0,0,0,1,0,0,0,0,0,0,0,0,0,1
00728824.png,0,0,0,0,0,0,1,0,0,0,1,0,1,0,0,0,0,0,0,0,1
00728857.png,5,1,1,0,0,0,1,0,0,0,1,0,0,1,0,0,0,0,0,0,1
00729588.png,0,1,0,0,0,0,0,0,0,0,0,0,0,0,0,0,0,0,1,0,1
00729660.png,10,0,0,0,0,0,0,0,0,0,0,0,0,0,0,0,0,0,0,1,0
00729760.png,10,1,0,0,0,0,0,0,0,0,0,0,0,0,0,0,0,0,0,0,0
00730469.png,10,0,0,0,0,0,0,0,0,0,0,0,0,0,0,0,0,0,0,1,0
00730887.png,2,0,0,0,0,0,0,0,0,0,0,0,0,0,0,0,0,0,0,1,0
00730997.png,5,1,0,1,0,0,0,0,0,1,0,1,0,0,0,0,0,0,0,0,1
00731237.png,10,0,0,0,0,1,0,0,0,0,0,0,0,0,0,0,0,0,0,0,1
00731241.png,10,0,0,0,0,1,0,0,0,0,0,0,0,0,0,0,0,1,0,0,1
00731500.png,0,1,0,0,0,0,0,0,0,0,0,0,0,0,0,0,0,0,1,0,1
00731560.png,5,0,0,1,0,0,1,0,0,0,0,0,0,0,1,0,0,0,0,0,1
00731597.png,0,0,0,0,0,0,1,0,0,0,0,0,0,0,0,0,0,0,0,0,1
00731885.png,0,0,0,0,0,0,0,0,0,0,0,0,0,1,0,0,0,0,1,0,1
00731967.png,0,1,0,0,0,0,0,0,0,0,0,0,0,0,0,0,0,0,0,0,0
00731982.png,0,1,0,0,0,0,1,0,0,0,0,0,1,0,0,0,0,0,1,0,1
00732097.png,0,0,0,1,0,0,1,0,0,0,1,0,0,0,1,0,0,0,0,0,1
00732578.png,2,1,0,0,0,0,0,0,0,0,0,0,0,0,0,0,0,0,0,0,0
00732673.png,10,0,0,0,0,0,0,0,0,0,0,0,0,0,0,0,0,0,0,1,0
00732690.png,10,0,0,0,0,0,0,0,0,0,0,0,0,0,0,0,0,0,0,1,0
00732793.png,2,1,0,0,0,0,1,0,0,0,0,0,0,0,0,0,0,0,0,0,1
00732868.png,10,0,0,0,0,0,0,0,0,0,0,0,0,0,0,0,0,0,0,1,0
00732999.png,10,0,0,0,0,0,0,0,0,0,0,0,0,0,0,0,0,0,0,1,0
00733004.png,10,0,0,0,0,0,0,0,0,0,0,0,0,0,0,0,0,0,0,1,0
00733110.png,0,1,0,0,1,0,0,0,0,0,0,0,0,0,0,0,0,0,0,0,1
00733167.png,2,1,0,1,0,0,1,0,0,0,0,0,0,0,0,0,0,0,0,0,1
00733448.png,2,1,0,1,0,0,1,0,0,0,1,0,0,0,0,0,0,0,1,0,1
00733471.png,5,1,0,0,0,0,0,0,0,0,0,0,0,1,0,0,0,0,0,0,1
00733515.png,5,0,0,0,0,0,0,0,0,0,0,0,0,0,0,0,0,0,0,1,0
00733662.png,5,0,0,0,0,0,0,0,0,0,0,0,0,0,0,0,0,0,0,1,0
00733708.png,5,0,0,0,0,0,0,0,0,0,0,0,0,0,0,0,0,0,0,1,0
00733863.png,10,0,0,0,0,0,0,0,0,0,0,0,0,0,0,0,0,0,0,1,0
00733886.png,10,0,0,0,0,0,0,0,0,0,0,0,0,0,0,0,0,0,0,1,0
00733963.png,0,1,0,0,0,0,0,0,0,0,0,0,0,0,0,0,0,0,1,0,1
00734110.png,5,0,0,1,0,0,1,0,0,0,0,0,0,1,0,0,0,0,0,0,1
00734121.png,5,0,0,1,0,0,1,0,0,0,1,0,0,0,0,0,0,0,0,0,1
00734373.png,2,1,0,0,0,0,0,0,0,0,0,0,0,0,0,0,0,0,1,0,1
00734468.png,0,1,0,0,1,0,0,0,0,0,0,0,0,0,0,0,0,0,1,0,1
00734476.png,2,0,0,0,0,0,0,0,0,0,0,0,0,0,0,0,0,0,0,1,0
00734726.png,0,1,1,0,0,0,0,0,0,0,0,0,0,0,0,0,0,0,1,0,1
00734752.png,0,0,0,1,0,0,1,0,0,0,0,0,0,0,0,0,0,0,0,0,1
00734755.png,0,0,0,1,0,0,1,0,0,0,0,0,0,0,0,0,0,0,0,0,1
00734864.png,2,0,0,1,0,0,1,0,0,0,1,0,1,1,0,0,0,0,0,0,1
00734966.png,10,0,1,0,0,0,1,0,0,0,0,1,0,0,0,0,0,0,0,0,1
00735057.png,0,1,1,0,0,0,0,0,0,0,0,0,0,0,0,0,0,0,0,0,1
00735123.png,10,1,0,1,0,0,1,0,0,0,0,0,0,0,0,0,0,0,1,0,1
00735485.png,2,0,0,0,0,0,0,0,0,0,0,0,0,0,0,0,0,0,0,1,0
00735548.png,10,0,0,0,0,0,0,0,0,0,0,0,0,0,0,0,1,0,0,0,1
00735609.png,5,1,0,0,0,0,1,0,0,0,1,0,0,1,0,0,0,0,0,0,1
00735659.png,10,0,0,0,0,0,0,0,0,0,0,0,0,0,0,0,0,0,0,1,0
00735698.png,0,0,0,0,0,0,1,0,0,0,0,0,0,0,0,0,0,0,1,0,1
00736060.png,10,0,0,0,0,0,0,0,0,0,0,0,0,0,0,0,0,0,0,1,0
00736082.png,0,1,0,1,0,0,1,0,0,0,0,0,0,0,0,0,0,0,1,0,1
00736261.png,5,1,0,0,0,0,0,0,0,0,0,0,0,0,0,0,0,0,0,0,0
00736310.png,5,0,0,0,0,0,0,0,0,0,0,0,0,0,0,0,0,0,0,1,0
00736481.png,10,1,0,0,0,0,0,0,0,0,0,0,0,0,1,0,0,0,0,0,1
00736722.png,5,0,0,1,0,0,1,0,0,0,0,0,0,0,0,0,0,0,1,0,1
00736730.png,0,1,0,0,0,0,0,0,0,0,0,0,0,0,0,0,0,0,1,0,1
00736761.png,10,0,0,0,0,1,0,0,0,0,0,0,0,0,0,0,0,0,0,0,1
00737155.png,0,0,0,0,0,0,0,0,0,0,0,0,0,0,0,0,0,0,0,1,0
00737443.png,5,1,0,1,1,0,0,0,0,0,0,0,0,0,0,0,0,0,1,0,1
00737613.png,20,0,1,1,0,0,0,0,0,0,0,1,0,0,1,0,0,0,0,0,1
00737703.png,0,0,0,1,0,0,1,0,0,0,0,0,0,0,0,0,0,0,0,0,1
00737754.png,20,1,0,0,0,0,1,0,1,0,0,1,0,0,0,0,0,0,1,0,1
00737832.png,0,0,0,0,0,0,0,0,0,0,0,0,0,0,0,0,0,0,0,1,0
00737850.png,0,0,0,0,0,0,0,0,0,0,0,0,0,0,0,0,0,0,0,1,0
00738178.png,0,0,0,0,0,0,0,0,0,0,0,0,0,0,0,0,0,0,0,1,0
00738193.png,10,1,0,0,0,0,0,0,0,0,0,0,0,0,0,0,0,0,0,0,0
00738218.png,0,0,0,0,0,0,0,0,0,0,0,0,0,0,0,0,0,0,0,1,0
00738290.png,5,0,0,0,0,0,0,0,0,0,0,0,0,0,0,0,0,0,0,1,0
00738580.png,0,0,0,0,0,0,0,0,0,0,0,0,0,0,0,0,0,0,0,1,0
00738589.png,0,0,0,0,0,0,0,0,0,0,1,0,0,0,0,0,0,0,0,0,1
00738823.png,0,0,0,0,0,0,0,0,0,0,0,0,0,0,0,0,0,0,0,1,0
00738841.png,0,0,0,0,0,0,0,0,0,0,0,0,0,0,0,0,0,0,0,1,0
00739014.png,0,0,0,0,0,0,0,0,0,0,0,0,0,0,0,0,0,0,0,1,0
00739093.png,10,0,0,0,0,0,0,0,0,0,0,0,0,0,0,0,0,0,0,1,0
00739425.png,10,0,0,0,0,0,0,0,0,0,1,0,0,0,0,0,0,0,0,0,1
00739503.png,20,0,0,0,0,0,0,0,0,0,0,0,0,0,0,0,0,0,0,1,0
00739667.png,0,1,0,0,0,0,0,0,0,0,0,0,0,0,0,0,0,0,0,0,0
00740000.png,0,0,0,1,0,0,1,0,0,0,1,0,0,0,0,0,0,0,1,0,1
00740350.png,0,1,0,0,1,0,0,0,0,0,0,0,0,0,0,0,0,0,1,0,1
00740631.png,10,0,0,0,0,1,0,0,0,0,0,0,0,0,0,0,0,0,0,0,1
00740703.png,10,0,0,0,0,0,0,0,0,0,0,0,0,0,0,0,0,0,0,1,0
00740833.png,0,0,0,0,0,1,0,0,0,0,0,0,0,0,0,0,0,0,1,0,1
00740938.png,0,1,0,0,0,0,0,0,0,0,0,0,0,0,0,0,0,0,1,0,1
00741013.png,10,0,0,0,0,0,0,0,0,0,0,0,0,0,0,0,0,0,0,1,0
00741608.png,5,0,0,0,0,0,0,0,0,0,0,0,0,0,0,0,0,0,0,1,0
00741646.png,5,0,0,0,0,0,0,0,0,0,0,0,0,0,0,0,0,0,0,1,0
00741983.png,20,1,0,0,0,0,0,0,0,0,0,0,0,0,0,0,0,0,0,0,0
00742091.png,5,1,0,0,0,0,1,0,0,0,0,0,0,0,0,0,0,0,0,0,1
00742268.png,0,1,1,0,0,0,1,0,0,0,0,0,0,0,0,0,0,0,1,0,1
00742270.png,0,1,1,0,0,0,1,0,0,0,0,0,0,0,0,0,0,0,1,0,1
00742592.png,0,1,0,1,0,0,0,0,0,0,0,0,0,0,0,0,0,0,1,0,1
00742642.png,0,0,0,0,0,0,1,0,0,0,0,0,0,0,0,0,0,0,1,0,1
00742744.png,10,1,0,0,0,0,1,0,0,0,0,0,0,1,0,0,0,0,0,0,1
00742832.png,5,0,0,0,0,0,0,0,0,0,0,0,0,0,0,0,0,0,1,0,1
00742888.png,0,1,0,0,0,0,1,0,0,0,0,0,0,0,0,0,0,0,1,0,1
00742897.png,0,0,0,0,0,0,1,0,0,0,0,0,0,0,0,0,0,0,1,0,1
00743089.png,5,1,0,0,0,0,1,0,0,0,0,0,0,1,0,0,0,0,0,0,1
00743204.png,10,1,0,0,0,0,1,0,0,0,0,0,0,0,0,0,0,0,0,0,1
00743217.png,10,0,0,0,0,0,1,0,0,0,0,0,0,0,0,0,0,0,0,0,1
00743318.png,0,1,0,0,0,0,1,0,0,0,0,0,0,0,0,0,0,0,1,0,1
00743535.png,5,0,0,0,0,0,0,0,0,0,0,0,0,0,0,0,0,0,0,1,0
00743554.png,0,1,0,0,0,0,0,0,0,0,0,0,0,0,0,0,0,0,1,0,1
00743604.png,5,0,0,1,0,0,0,0,0,0,0,0,0,0,0,0,0,0,0,0,1
00743621.png,0,0,0,0,0,0,1,0,0,0,0,0,0,0,0,0,0,0,1,0,1
00743697.png,5,0,0,0,0,0,0,0,0,0,0,0,0,0,0,0,0,0,0,1,0
00743927.png,5,0,0,1,0,0,1,0,0,0,0,0,0,0,0,0,0,0,0,0,1
00744165.png,0,0,0,0,1,1,0,0,0,0,0,0,0,0,0,0,0,0,1,0,1
00744192.png,0,0,0,0,0,0,1,0,0,0,0,0,0,0,0,0,0,0,1,0,1
00744356.png,0,0,0,0,0,0,1,0,0,0,1,0,0,0,0,0,0,0,0,0,1
00744360.png,0,0,0,0,0,0,1,0,0,0,1,0,0,0,0,0,0,0,0,0,1
00744377.png,10,0,1,0,0,0,1,0,0,0,0,0,0,0,0,0,0,0,0,0,1
00744576.png,10,0,0,0,0,0,0,0,0,0,0,0,0,0,0,0,0,0,0,1,0
00744650.png,20,0,0,0,0,0,0,0,0,0,0,0,0,0,0,0,1,0,0,0,1
00744662.png,20,1,0,0,0,0,0,0,0,0,0,0,0,0,0,0,0,0,0,0,0
00744664.png,20,0,0,0,0,0,0,0,0,0,0,0,0,0,0,0,0,0,0,1,0
00744703.png,0,0,0,0,0,0,1,0,0,0,0,0,0,0,0,0,0,0,0,0,1
00744915.png,10,0,0,0,1,1,0,0,0,0,0,0,0,0,0,0,0,0,1,0,1
00745122.png,10,0,0,0,0,0,0,0,0,0,1,0,0,1,0,0,0,0,1,0,1
00745487.png,0,1,0,0,0,0,0,0,0,0,0,0,0,0,0,0,0,0,0,0,0
00745590.png,5,0,0,0,1,0,0,0,0,0,0,0,0,0,0,0,1,0,0,0,1
00745692.png,0,1,0,0,0,0,0,0,0,0,0,0,0,0,0,0,0,0,1,0,1
00745795.png,0,0,0,0,0,0,0,0,0,0,0,0,0,0,0,0,0,0,0,1,0
00745849.png,2,1,0,0,0,0,1,0,0,0,0,0,0,0,0,0,0,0,0,0,1
00745904.png,0,1,0,0,0,0,0,0,0,0,0,0,0,0,0,0,0,0,0,0,0
00745942.png,0,0,1,0,0,0,1,0,0,0,0,0,0,0,1,0,0,0,0,0,1
00746130.png,2,0,0,0,0,0,1,0,0,0,0,0,0,0,0,0,0,0,1,0,1
00746187.png,10,0,0,1,0,0,1,0,0,0,1,0,0,0,0,0,0,0,1,0,1
00746273.png,2,0,0,0,0,0,1,0,0,0,0,0,0,0,0,0,0,0,0,0,1
00746305.png,10,0,0,0,0,0,0,0,0,0,0,0,0,0,0,0,0,0,0,1,0
00746338.png,10,0,0,0,0,0,0,0,0,0,0,0,0,0,0,0,0,1,0,0,1
00746369.png,10,0,0,0,0,0,0,0,0,0,0,0,0,0,0,0,0,0,0,1,0
00746382.png,10,0,0,0,0,0,0,0,0,0,0,0,0,0,0,0,0,0,0,1,0
00747148.png,0,1,0,0,0,0,0,0,0,0,0,0,0,0,0,0,0,0,0,0,0
00747196.png,0,0,0,0,0,0,1,0,0,0,0,0,0,0,0,0,0,0,0,0,1
00747366.png,0,0,0,0,0,0,1,0,0,0,0,0,0,0,0,0,0,0,1,0,1
00747502.png,5,0,0,0,0,0,0,0,0,0,0,0,0,0,0,0,0,0,0,1,0
00747519.png,5,0,0,0,0,0,0,0,0,0,0,0,0,0,0,0,0,0,0,1,0
00747620.png,0,1,0,0,0,0,0,0,0,0,0,0,0,0,0,0,0,0,0,0,0
00747766.png,0,1,0,0,0,0,1,0,0,0,0,0,0,0,0,0,0,0,0,0,1
00747864.png,0,1,0,0,0,0,1,0,0,0,0,0,0,0,0,0,0,0,0,0,1
00747865.png,0,0,0,0,0,0,1,0,0,0,0,0,0,0,0,0,0,0,1,0,1
00747940.png,0,0,0,1,0,0,0,0,0,0,0,0,0,0,0,0,0,0,1,0,1
00748072.png,5,1,0,0,0,0,1,0,0,0,1,0,0,0,0,0,0,0,1,0,1
00748140.png,5,0,0,0,0,0,0,0,0,0,0,0,0,0,0,0,0,0,0,1,0
00748337.png,0,1,0,0,0,0,0,0,0,0,0,0,0,0,0,0,0,0,1,0,1
00748537.png,0,1,0,0,0,0,1,0,0,0,0,0,0,0,0,0,0,0,0,0,1
00748643.png,0,0,0,0,0,0,0,0,0,0,0,0,0,0,0,0,0,0,0,1,0
00748765.png,0,1,0,0,0,0,1,0,0,0,0,0,0,0,0,0,0,0,1,0,1
00748851.png,0,0,0,0,0,0,1,0,0,0,0,0,0,1,0,0,0,0,1,0,1
00748900.png,5,0,0,0,0,0,1,0,0,0,0,0,0,1,0,0,0,0,0,0,1
00749289.png,5,0,0,0,0,0,0,0,0,0,0,0,0,0,0,0,0,0,0,1,0
00749526.png,0,0,0,1,0,0,1,0,0,0,0,0,0,0,0,0,0,0,0,0,1
00749785.png,2,0,0,0,0,0,1,0,0,0,0,0,0,0,0,0,0,0,0,0,1
00749977.png,5,0,0,0,0,0,0,0,0,0,0,0,0,0,0,0,0,0,0,1,0
00750057.png,0,0,0,0,0,0,1,0,0,0,0,0,0,0,0,0,0,0,1,0,1
00750079.png,5,0,0,0,0,0,1,0,0,0,0,0,0,1,0,0,0,0,0,0,1
00750198.png,10,0,0,0,0,0,1,0,0,0,0,0,0,1,0,0,0,0,0,0,1
00750398.png,0,0,0,1,0,0,1,0,0,0,0,0,0,0,0,0,0,0,0,0,1
00750494.png,5,0,0,0,0,0,1,0,0,0,0,0,0,1,0,0,0,0,1,0,1
00750514.png,5,0,1,0,0,0,1,0,0,0,0,0,0,0,0,0,0,0,0,0,1
00750630.png,0,1,0,0,0,0,1,0,0,0,0,0,0,0,0,0,0,0,0,0,1
00750752.png,2,1,0,0,0,0,0,0,0,0,0,0,0,0,0,0,0,0,0,0,0
00750767.png,2,0,0,0,0,0,1,0,0,0,0,0,0,1,0,0,0,0,0,0,1
00750800.png,0,1,0,0,0,0,1,0,0,0,0,0,0,0,0,0,0,0,0,0,1
00750837.png,0,0,0,0,0,0,1,0,0,0,0,0,0,0,0,0,0,0,0,0,1
00751022.png,0,1,0,0,0,0,0,0,0,0,0,0,0,0,0,0,0,0,0,0,0
00751049.png,0,0,0,0,0,0,1,0,0,0,0,0,0,0,0,0,0,0,1,0,1
00751095.png,2,0,0,1,0,0,1,0,0,0,0,0,0,0,0,0,0,0,1,0,1
00751335.png,5,1,0,0,0,0,0,0,0,0,0,0,0,0,0,0,0,0,0,0,0
00751516.png,5,0,0,0,0,0,0,0,0,0,0,0,0,0,0,0,0,0,0,1,0
00751563.png,0,1,0,0,0,0,1,0,0,0,0,0,0,1,0,0,0,0,1,0,1
00751691.png,5,1,0,0,0,0,1,0,0,0,0,0,0,0,0,0,0,0,0,0,1
00751839.png,0,1,0,0,0,0,1,0,0,0,0,0,0,1,0,0,0,0,0,0,1
00751855.png,2,1,0,0,0,0,1,0,0,0,0,0,0,0,0,0,0,0,0,0,1
00751867.png,0,1,0,0,0,0,1,0,0,0,0,0,0,0,0,0,0,0,1,0,1
00751980.png,5,1,0,0,0,0,0,0,0,0,0,0,0,0,0,0,0,0,1,0,1
00751985.png,0,1,0,0,0,0,0,0,0,0,0,0,0,0,0,0,0,0,1,0,1
00752037.png,0,1,0,0,0,0,1,0,0,0,0,0,0,0,0,0,0,0,0,0,1
00752060.png,0,1,1,0,0,0,1,0,0,0,1,0,0,0,0,0,0,0,0,0,1
00752075.png,2,0,0,1,0,0,1,0,0,0,0,0,0,0,0,0,0,0,0,0,1
00752199.png,5,0,0,0,0,0,0,0,0,0,0,0,0,0,0,0,0,0,0,1,0
00752226.png,10,1,0,0,0,0,0,0,0,0,0,0,0,1,0,0,0,0,1,0,1
00752567.png,0,1,0,0,0,0,0,0,0,0,0,0,0,0,0,0,0,0,1,0,1
00752720.png,0,1,0,0,0,0,1,0,0,0,1,0,0,0,0,0,0,0,0,0,1
00752792.png,10,0,0,0,0,0,0,0,0,0,0,0,0,0,0,0,0,0,0,1,0
00752918.png,10,0,0,0,0,0,0,0,0,0,0,0,0,0,0,0,0,0,0,1,0
00752925.png,10,0,0,0,0,0,0,0,0,0,0,0,0,0,0,0,1,0,0,0,1
00753068.png,0,1,1,0,0,0,0,0,0,0,0,0,0,0,0,0,0,0,1,0,1
00753159.png,0,1,0,0,0,0,0,0,0,0,0,0,0,0,0,0,0,0,0,0,0
00753380.png,0,1,0,0,0,0,1,0,0,0,0,0,0,0,0,0,0,0,0,0,1
00753543.png,0,1,0,0,0,0,0,0,0,0,0,0,0,0,0,0,0,0,0,0,0
00753603.png,10,0,0,0,0,0,0,0,0,0,0,0,0,0,0,0,0,0,0,1,0
00753726.png,10,0,0,0,0,0,0,0,0,0,0,0,0,0,0,0,0,0,0,1,0
00753749.png,10,1,0,0,0,0,0,0,0,0,0,0,0,0,0,0,0,0,0,0,0
00753953.png,5,0,0,0,0,0,0,0,0,0,0,0,0,0,0,0,0,0,0,1,0
00754041.png,20,1,0,0,0,0,0,0,0,0,0,0,0,0,0,0,0,0,0,0,0
00754167.png,20,0,0,0,0,0,0,0,0,0,0,0,0,0,0,0,0,0,0,1,0
00754204.png,10,1,0,0,0,0,0,0,0,0,0,0,0,0,0,0,0,0,0,0,0
00754377.png,10,0,0,0,0,0,0,0,0,0,0,0,0,0,0,0,0,0,0,1,0
00754425.png,5,0,0,0,0,0,0,0,0,0,0,1,0,1,0,0,0,0,0,0,1
00754482.png,10,0,0,0,0,0,0,0,0,0,0,0,0,0,0,0,0,0,0,1,0
00754626.png,10,0,0,0,0,0,0,0,0,0,0,0,0,0,0,0,0,0,0,1,0
00754628.png,10,1,0,0,0,0,0,0,0,0,0,0,0,0,0,0,0,0,0,0,0
00754634.png,5,0,0,0,0,0,0,0,0,0,0,0,0,0,0,0,0,0,0,1,0
00754664.png,0,0,0,0,0,0,0,0,0,0,0,0,0,0,0,0,0,0,1,0,1
00754711.png,10,0,0,0,0,0,0,0,0,0,0,0,0,0,0,0,0,0,0,1,0
00754777.png,5,0,0,0,0,0,0,0,0,0,0,0,0,0,0,0,0,0,0,1,0
00754807.png,0,1,0,0,0,0,0,0,0,0,0,0,0,0,0,0,0,0,1,0,1
00755017.png,2,0,0,0,0,0,1,0,0,0,0,0,0,0,0,0,0,0,0,0,1
00755240.png,5,1,0,0,0,0,0,0,0,0,0,0,0,0,0,0,0,0,1,0,1
00755348.png,40,0,0,0,0,0,1,0,0,0,0,0,0,1,0,0,0,0,0,0,1
00755356.png,40,0,0,0,0,1,1,0,0,0,0,0,0,0,0,0,0,0,1,0,1
00755360.png,40,0,1,0,0,0,1,0,0,0,0,0,0,0,0,0,0,0,0,0,1
00755404.png,0,1,0,1,0,0,1,0,0,0,0,0,0,0,0,0,0,0,1,0,1
00755442.png,0,0,1,1,0,0,1,0,0,0,0,0,0,0,0,0,0,0,0,0,1
00755542.png,30,1,0,0,0,0,0,0,0,0,0,0,0,0,0,0,0,0,1,0,1
00755891.png,10,0,0,0,0,0,0,0,0,0,0,0,0,0,0,0,1,0,0,0,1
00755990.png,0,0,0,0,0,0,1,0,0,0,0,0,0,0,0,0,0,0,0,0,1
00756023.png,0,1,0,0,0,0,0,0,0,0,0,0,0,0,0,0,0,0,0,0,0
00756060.png,0,0,0,0,0,0,0,0,0,0,0,0,0,0,0,0,0,0,0,1,0
00756312.png,10,0,0,0,0,0,0,0,0,0,0,0,0,0,0,0,0,0,0,1,0
00756322.png,10,0,0,0,0,0,0,0,0,0,0,0,0,0,0,0,0,0,0,1,0
00756423.png,0,1,0,0,0,0,1,0,0,0,0,0,0,1,0,0,0,0,0,0,1
00756511.png,0,0,0,0,0,0,0,0,0,0,0,0,0,0,0,0,0,0,1,0,1
00756565.png,0,0,0,0,0,0,1,0,0,0,0,0,0,0,0,0,0,0,0,0,1
00756756.png,0,1,0,0,0,0,0,0,0,0,0,0,0,0,0,0,0,0,1,0,1
00756780.png,0,0,0,0,0,0,0,0,0,0,0,0,0,1,0,0,0,0,0,0,1
00756835.png,5,1,0,0,0,0,0,0,0,0,0,0,0,0,0,0,0,0,0,0,0
00756932.png,0,1,0,0,0,1,0,0,0,0,0,0,0,0,0,0,0,1,0,0,1
00757542.png,10,0,0,1,0,0,1,0,0,0,1,0,0,0,0,0,0,0,0,0,1
00757587.png,0,0,0,0,0,0,0,0,0,0,0,0,0,0,0,0,0,0,0,1,0
00757628.png,0,0,0,0,0,0,0,0,0,0,0,0,0,0,0,0,0,0,0,1,0
00758127.png,10,1,0,0,0,0,0,0,0,0,0,0,0,0,0,0,0,0,0,0,0
00758516.png,10,0,0,0,0,0,0,0,0,0,0,0,0,0,0,0,0,0,0,1,0
00758556.png,10,0,0,0,0,0,0,0,0,0,0,0,0,0,0,0,0,0,0,1,0
00758897.png,10,0,0,1,0,0,1,0,0,0,0,0,0,0,0,0,0,0,0,0,1
00758946.png,10,0,0,0,0,0,0,0,0,0,0,0,0,0,0,0,0,0,0,1,0
00758976.png,0,0,0,0,0,0,1,0,0,0,1,0,0,0,0,0,0,0,0,0,1
00759048.png,0,0,0,0,0,0,0,0,0,0,0,0,0,0,0,1,0,0,0,0,1
00759067.png,0,1,0,0,0,0,0,0,0,0,0,0,0,0,0,0,0,0,1,0,1
00759132.png,10,0,0,0,0,0,0,0,0,0,0,0,0,0,0,0,0,0,0,1,0
00759152.png,10,0,0,0,0,1,0,0,0,0,0,0,0,0,0,0,0,0,0,0,1
00759180.png,10,0,0,0,0,0,0,0,0,0,0,0,0,0,0,0,0,0,0,1,0
00759262.png,0,1,0,0,0,0,0,0,0,0,0,0,0,0,0,0,0,0,1,0,1
00759341.png,10,0,0,0,0,0,0,0,0,0,0,0,0,0,0,0,0,0,0,1,0
00759391.png,0,1,0,0,1,1,0,0,0,0,0,0,0,0,0,0,0,0,1,0,1
00759433.png,10,0,0,0,0,1,0,0,0,0,0,0,0,0,0,0,0,1,0,0,1
00759549.png,10,0,0,0,0,0,0,0,0,0,0,0,0,0,0,0,0,1,0,0,1
00759571.png,10,0,0,0,0,0,0,0,0,0,0,0,0,0,0,0,0,0,0,1,0
00759744.png,10,0,0,0,0,0,0,0,0,0,0,0,0,0,0,0,0,0,0,1,0
00759999.png,10,1,0,0,0,0,0,0,0,0,0,0,0,0,0,0,0,0,1,0,1
00760179.png,0,0,0,0,0,1,0,0,0,0,0,0,0,0,0,0,1,0,0,0,1
00760342.png,10,0,0,0,1,1,0,0,0,0,0,0,0,0,0,0,0,0,0,0,1
00760367.png,10,0,0,0,1,1,0,0,0,0,0,0,0,0,0,0,0,0,0,0,1
00760379.png,0,1,0,0,0,1,0,0,0,0,0,0,0,0,0,0,0,0,1,0,1
00760519.png,0,1,0,0,1,0,0,0,0,0,0,0,0,0,0,0,0,0,1,0,1
00760577.png,0,0,0,1,0,0,1,0,0,0,1,0,0,1,0,0,0,0,0,0,1
00760627.png,10,0,0,0,0,0,0,0,0,0,0,0,0,0,0,0,0,0,0,1,0
00760638.png,10,0,0,0,1,0,0,0,0,0,0,0,0,0,0,0,0,1,0,0,1
00760680.png,0,1,0,1,0,0,1,0,0,0,0,0,0,0,0,0,0,0,1,0,1
00760716.png,10,0,0,0,0,0,0,0,0,0,0,0,0,0,0,0,0,0,0,1,0
00760804.png,10,1,0,1,0,0,1,0,0,0,1,0,0,0,0,0,0,0,0,0,1
00761081.png,10,0,0,0,0,0,0,0,0,0,0,0,0,0,0,0,0,0,0,1,0
00761146.png,10,0,0,1,0,0,0,0,0,0,0,0,0,0,1,0,0,0,0,0,1
00761185.png,0,0,0,0,0,0,1,0,0,0,0,0,0,1,0,0,0,0,0,0,1
00761250.png,0,0,0,0,0,0,0,0,0,0,0,0,0,1,0,0,0,0,0,0,1
00761631.png,20,1,1,1,0,0,1,0,0,0,0,0,0,0,0,0,0,0,0,0,1
00761794.png,10,0,0,0,0,0,0,0,0,0,0,0,0,0,0,0,0,0,0,1,0
00762814.png,0,0,0,0,0,0,1,0,0,0,1,0,0,0,0,0,0,0,0,0,1
00762855.png,0,0,0,0,0,0,1,0,0,0,0,0,0,0,0,0,0,0,0,0,1
00763061.png,0,0,0,0,0,0,0,0,0,0,0,0,0,0,0,0,0,0,0,1,0
00763236.png,0,0,0,0,0,0,0,0,0,0,0,0,0,0,0,0,0,0,0,1,0
00763485.png,10,0,0,0,0,0,0,0,0,0,0,0,0,0,0,0,0,0,0,1,0
00763527.png,0,0,0,0,0,0,0,0,0,0,0,0,0,0,0,0,0,0,0,1,0
00763550.png,10,0,0,0,0,0,0,0,0,0,0,0,0,0,0,0,0,0,0,1,0
00763647.png,10,0,0,1,0,0,0,0,0,0,0,1,0,0,0,0,0,0,0,0,1
00763770.png,10,0,0,0,0,0,0,0,0,0,0,0,0,0,0,0,0,0,0,1,0
00763932.png,0,0,0,0,0,0,0,0,0,0,0,0,0,0,0,0,0,0,0,1,0
00764067.png,10,1,0,0,0,0,0,0,0,0,0,0,0,0,0,0,0,0,0,0,0
00764186.png,0,1,0,0,1,0,0,0,0,0,0,0,0,0,0,0,0,0,1,0,1
00764357.png,0,0,0,0,0,0,0,0,0,0,0,0,0,0,0,0,0,0,0,1,0
00764588.png,0,1,0,0,1,0,0,0,0,0,0,0,0,0,0,0,0,0,1,0,1
00764607.png,0,0,0,0,0,0,0,0,0,0,0,0,0,0,0,0,0,0,0,1,0
00764610.png,0,0,0,0,0,1,0,0,0,0,0,0,0,0,0,0,0,0,0,0,1
00764820.png,0,0,0,0,1,1,0,0,0,0,0,0,0,0,0,0,0,0,0,0,1
00764927.png,0,0,0,0,1,0,0,0,0,0,0,0,0,0,0,0,0,0,1,0,1
00764999.png,0,1,0,0,1,0,0,0,0,0,0,0,0,0,0,0,0,0,1,0,1
00765339.png,10,1,0,0,0,0,0,0,0,0,0,0,0,0,0,0,0,0,1,0,1
00765676.png,10,0,0,0,1,0,0,0,0,0,0,0,0,0,0,0,0,1,0,0,1
00765896.png,10,0,1,1,0,0,1,0,0,0,0,0,0,0,0,0,0,0,0,0,1
00765923.png,0,1,1,0,0,0,0,0,0,0,0,0,0,0,0,0,0,0,0,0,1
00766103.png,0,1,0,1,0,0,1,0,0,0,0,0,0,0,0,0,0,0,1,0,1
00766106.png,0,0,0,1,0,0,1,0,0,0,0,0,0,0,0,0,0,0,0,0,1
00766294.png,0,1,0,0,0,0,0,0,0,0,0,0,0,0,0,0,0,0,0,0,0
00766337.png,10,0,0,0,0,0,0,0,0,0,0,0,0,0,0,0,0,0,0,1,0
00766643.png,5,0,0,0,0,0,0,0,0,0,0,0,0,0,0,0,0,0,0,1,0
00766861.png,10,0,0,0,0,0,0,0,0,0,0,0,0,0,0,0,0,0,0,1,0
00766885.png,5,0,0,1,0,0,1,0,0,0,0,1,0,1,0,0,0,0,0,0,1
00766928.png,10,1,0,0,1,0,0,0,0,0,0,0,0,0,0,0,0,0,1,0,1
00766929.png,10,0,0,0,0,0,0,0,0,0,0,0,0,0,0,0,0,0,0,1,0
00767105.png,0,1,0,1,0,0,1,0,0,0,0,0,0,1,0,0,0,0,0,0,1
00767158.png,10,0,0,0,0,0,0,0,0,0,0,0,0,0,0,0,0,0,0,1,0
00767798.png,10,0,0,0,0,0,0,0,0,0,0,0,0,0,0,0,0,0,0,1,0
00767924.png,10,0,0,0,0,0,0,0,0,0,0,0,0,0,0,0,0,0,0,1,0
00768065.png,0,0,0,1,0,0,1,0,0,0,0,0,0,0,0,0,0,0,0,0,1
00768164.png,0,0,0,0,0,0,0,0,0,0,0,0,0,0,0,0,0,0,1,0,1
00768218.png,0,0,0,0,0,0,0,0,0,0,0,0,0,0,0,0,0,0,0,1,0
00768434.png,5,1,0,0,0,0,0,0,0,0,0,0,0,0,0,0,0,0,0,0,0
00768451.png,0,0,0,0,0,0,1,0,0,0,1,0,0,1,0,0,0,0,0,0,1
00768465.png,10,0,0,1,0,0,0,0,0,0,0,0,0,0,0,0,0,0,0,0,1
00768482.png,0,0,1,0,0,0,1,0,1,0,1,0,0,0,0,0,0,0,0,0,1
00768714.png,0,0,0,0,0,0,0,0,0,0,0,0,0,0,0,0,0,0,0,1,0
00768724.png,0,0,0,0,0,0,0,0,0,0,0,0,0,0,0,0,0,0,0,1,0
00768811.png,0,0,0,0,0,0,0,0,0,0,1,0,0,1,0,0,0,0,0,0,1
00768897.png,0,0,0,0,0,0,0,0,0,0,0,0,0,0,0,0,0,0,0,1,0
00769011.png,0,0,0,0,0,0,0,0,0,0,0,0,0,0,0,0,0,0,0,1,0
00769013.png,0,0,0,0,0,0,0,0,0,0,0,0,0,0,0,0,0,0,0,1,0
00769112.png,10,0,0,0,0,0,1,0,0,0,0,0,0,0,0,0,0,0,0,0,1
00769119.png,0,0,1,0,0,0,0,0,0,0,0,0,0,0,0,0,0,0,1,0,1
00769237.png,10,0,0,1,0,0,0,0,0,1,0,1,0,0,0,0,0,0,0,0,1
00769388.png,10,0,0,1,0,0,0,0,0,0,0,0,0,0,0,0,0,0,0,0,1
00769412.png,10,0,0,1,0,0,0,0,0,1,0,1,0,0,0,0,0,0,0,0,1
00769508.png,10,0,1,0,0,0,0,0,0,1,0,0,0,0,1,0,0,0,0,0,1
00769549.png,10,0,0,1,0,0,0,0,0,1,0,1,0,0,0,0,0,0,0,0,1
00769648.png,10,0,0,0,0,0,0,0,0,0,0,0,0,0,0,0,0,0,0,1,0
00769991.png,0,0,0,0,0,0,0,0,0,0,0,0,0,0,0,0,0,0,0,1,0
00770339.png,5,0,0,0,0,0,0,0,0,0,0,0,0,0,0,0,0,0,0,1,0
00770484.png,5,0,0,1,0,0,0,0,0,0,0,1,0,0,1,0,0,0,0,0,1
00770848.png,0,0,0,1,0,0,1,0,0,0,0,1,0,0,0,0,0,0,0,0,1
00770851.png,0,0,1,1,0,0,1,0,0,0,0,1,0,0,0,0,0,0,0,0,1
00770859.png,10,0,0,0,0,0,0,0,0,0,0,0,0,0,0,0,0,0,0,1,0
00770970.png,10,1,0,0,0,1,0,0,0,0,0,0,0,0,0,0,0,0,0,0,1
00771053.png,10,0,0,0,0,0,0,0,0,0,0,0,0,0,0,0,0,0,0,1,0
00771085.png,10,0,0,0,0,0,0,0,0,0,0,0,0,0,0,0,0,0,0,1,0
00771255.png,10,0,0,0,0,0,0,0,0,0,0,0,0,0,0,0,0,0,0,1,0
00771308.png,0,0,0,0,0,0,0,0,0,0,0,0,0,0,0,0,0,0,0,1,0
00771468.png,2,0,0,0,0,0,0,0,0,0,0,0,0,0,0,0,0,0,0,1,0
00771509.png,2,0,0,0,0,0,0,0,0,0,0,0,0,0,0,0,0,0,0,1,0
00771552.png,2,0,0,0,0,0,0,0,0,0,0,0,0,1,0,0,0,0,0,0,1
00771564.png,2,0,0,0,0,0,0,0,0,0,0,0,0,0,0,0,0,0,0,1,0
00771730.png,5,0,0,0,0,0,0,0,0,0,0,0,0,0,0,0,0,0,0,1,0
00771781.png,5,0,0,0,0,0,0,0,0,0,0,0,0,0,0,0,0,0,0,1,0
00771830.png,5,0,0,0,0,0,0,0,0,0,0,0,0,0,0,0,0,0,0,1,0
00771948.png,2,0,0,0,0,0,0,0,0,0,0,0,0,0,0,0,0,0,0,1,0
00772005.png,10,0,0,0,0,0,0,0,0,0,0,0,0,0,0,0,0,0,0,1,0
00772083.png,10,1,0,0,1,0,0,0,0,0,0,0,0,0,0,0,0,0,0,0,1
00772113.png,10,0,0,0,0,0,0,0,0,0,0,0,0,0,0,0,0,0,0,1,0
00772268.png,10,1,0,0,0,0,0,0,0,0,0,0,0,0,0,0,0,0,0,0,0
00772435.png,10,0,0,0,1,0,0,0,0,0,0,0,0,0,0,0,0,0,1,0,1
00772565.png,10,0,0,0,0,0,0,0,0,0,0,0,0,0,0,0,0,0,0,1,0
00772678.png,10,0,0,0,0,0,0,0,0,0,0,0,0,0,0,0,0,0,0,1,0
00772907.png,10,0,0,0,0,0,0,0,0,0,0,0,0,0,0,0,0,0,0,1,0
00772954.png,10,0,0,0,0,0,0,0,0,0,0,0,0,0,0,0,0,0,0,1,0
00773047.png,10,0,0,0,0,0,0,0,0,0,0,0,0,0,0,0,0,0,0,1,0
00773390.png,10,0,0,0,0,0,0,0,0,0,0,0,0,0,0,0,0,0,0,1,0
00773435.png,10,0,0,0,1,0,0,0,0,0,0,0,0,0,0,0,0,0,0,0,1
00773496.png,10,0,0,0,0,0,0,0,0,0,0,0,0,0,0,0,0,0,0,1,0
00773793.png,10,1,0,0,0,0,0,0,0,0,0,0,0,0,0,0,0,0,1,0,1
00773826.png,10,0,0,0,0,0,0,0,0,0,0,0,0,0,0,0,0,0,0,1,0
00773831.png,10,0,0,0,0,0,0,0,0,0,0,0,0,0,0,0,0,1,0,0,1
00774130.png,10,0,0,0,0,0,0,0,0,0,0,0,0,0,0,0,0,0,0,1,0
00774137.png,10,0,0,0,0,0,0,0,0,0,0,0,0,0,0,0,0,0,0,1,0
00774185.png,10,0,0,0,0,0,0,0,0,0,0,0,0,0,0,0,0,0,0,1,0
00774187.png,10,1,0,0,0,0,0,0,0,0,0,0,0,0,0,0,0,0,1,0,1
00774265.png,10,0,0,0,0,0,0,0,0,0,0,0,0,0,0,0,0,0,0,1,0
00774289.png,10,0,0,0,0,0,0,0,0,0,0,0,0,0,0,0,0,0,0,1,0
00774526.png,10,0,0,0,0,0,0,0,0,0,0,0,0,0,0,0,0,0,0,1,0
00774834.png,5,0,0,1,0,0,1,0,0,0,0,0,0,1,0,0,0,0,0,0,1
00774855.png,0,0,0,0,0,1,0,0,0,0,0,0,0,0,0,0,0,0,0,0,1
00775102.png,0,0,0,0,0,0,1,0,0,0,0,0,0,0,0,0,0,0,0,0,1
00775199.png,10,0,0,1,0,0,1,0,0,0,0,0,0,0,0,0,0,0,0,0,1
00775271.png,0,0,0,0,0,0,1,0,0,0,0,0,1,0,0,0,0,0,0,0,1
00775432.png,10,0,0,0,0,0,0,0,0,0,0,0,0,0,0,0,0,0,0,1,0
00775711.png,10,0,0,0,0,0,0,0,0,0,0,0,0,0,0,0,0,0,0,1,0
00775728.png,10,0,0,0,0,0,0,0,0,0,0,0,0,0,0,0,0,0,0,1,0
00775822.png,5,0,0,0,0,0,0,0,0,0,0,0,0,0,0,0,0,0,0,1,0
00775885.png,10,0,0,1,0,0,0,0,0,1,0,0,0,0,0,0,0,0,0,0,1
00775962.png,10,1,0,0,0,0,0,0,0,0,0,0,0,0,0,0,0,0,1,0,1
00776094.png,10,0,0,0,0,0,0,0,0,0,0,0,0,0,0,0,0,0,0,1,0
00776176.png,5,0,0,0,0,0,1,1,0,0,0,0,0,0,0,0,0,0,0,0,1
00776503.png,10,0,0,0,0,0,0,0,0,0,0,0,0,0,0,0,0,0,0,1,0
00776536.png,10,0,0,1,0,0,0,0,0,0,0,1,0,0,0,0,0,0,0,0,1
00776723.png,2,0,0,1,0,0,1,0,0,0,0,0,0,1,0,0,0,0,0,0,1
00776768.png,10,0,0,0,0,0,0,0,0,0,0,0,0,0,0,0,0,0,0,1,0
00776783.png,10,1,0,0,0,0,0,0,0,0,0,0,0,0,0,0,0,0,1,0,1
00776811.png,10,0,0,0,0,0,0,0,0,0,0,0,0,0,0,0,0,0,0,1,0
00776922.png,10,0,0,0,0,0,0,0,0,0,0,0,0,0,0,0,0,0,0,1,0
00777163.png,5,0,0,1,0,0,1,0,0,0,0,1,0,0,0,0,0,0,0,0,1
00777267.png,10,0,0,0,0,0,0,0,0,0,0,0,0,0,0,0,0,0,0,1,0
00777373.png,10,0,0,0,0,0,0,0,0,0,0,0,0,0,0,0,0,0,0,1,0
00777564.png,5,0,0,1,0,0,1,0,0,1,0,1,0,0,0,0,0,0,1,0,1
00777631.png,5,0,0,1,0,0,1,0,0,0,0,0,0,0,0,0,0,0,0,0,1
00777687.png,0,0,0,0,0,0,0,0,0,0,0,0,0,0,0,0,0,0,0,1,0
00777702.png,0,0,0,0,0,0,0,0,0,0,0,0,0,0,0,0,0,0,0,1,0
00777984.png,0,0,0,0,0,0,0,0,0,0,0,0,0,0,0,0,0,0,0,1,0
00778192.png,10,0,0,0,0,0,0,0,0,0,0,0,0,0,0,0,0,0,0,1,0
00778527.png,10,1,0,0,1,0,0,0,0,0,0,0,0,0,0,0,0,0,1,0,1
00778566.png,10,0,0,0,0,0,0,0,0,0,0,0,0,0,0,0,0,0,0,1,0
00778731.png,0,0,0,0,0,0,0,0,0,0,0,0,0,0,0,0,0,0,0,1,0
00778833.png,0,0,0,0,0,0,0,0,0,0,0,0,0,0,0,0,0,0,0,1,0
00778844.png,0,0,0,0,0,0,0,0,0,0,0,0,0,0,0,0,0,0,0,1,0
00778871.png,0,0,0,0,0,0,0,0,0,0,0,0,0,0,0,0,0,0,0,1,0
00779146.png,5,0,0,0,0,0,0,0,0,0,0,0,0,0,0,0,0,0,0,1,0
00779265.png,20,1,0,1,0,0,1,0,0,0,0,1,0,0,0,0,0,0,0,0,1
00779297.png,10,0,0,0,0,0,0,0,0,0,0,0,0,0,0,0,0,0,0,1,0
00779662.png,20,0,0,0,0,0,0,0,0,0,0,0,0,0,0,0,0,0,0,1,0
00779712.png,0,0,1,1,0,0,1,0,0,0,0,1,0,0,0,0,0,0,0,0,1
00780264.png,50,1,0,0,0,0,0,0,0,0,0,0,0,0,0,0,0,0,0,0,0
00780535.png,10,1,0,0,0,0,0,0,0,0,0,0,0,0,0,0,0,0,1,0,1
00780538.png,10,0,0,0,0,0,0,0,0,0,0,0,0,0,0,0,0,0,0,1,0
00780653.png,10,0,0,1,0,0,0,0,1,1,0,0,0,0,0,0,0,0,0,0,1
00780734.png,10,1,0,0,1,0,0,0,0,0,0,0,0,0,0,0,0,0,1,0,1
00781061.png,5,0,0,0,0,0,0,0,0,0,0,0,0,0,0,0,0,0,0,1,0
00781303.png,2,0,0,0,0,0,0,0,0,0,0,0,0,0,0,0,0,0,0,1,0
00781362.png,5,0,0,0,0,0,0,0,0,0,0,0,0,0,0,0,0,0,0,1,0
00781402.png,5,0,0,0,0,0,0,0,0,0,0,0,0,0,0,0,0,0,0,1,0
00781465.png,0,0,0,0,0,0,0,0,0,0,0,0,0,0,0,0,0,0,0,1,0
00781497.png,0,0,0,0,0,0,1,0,0,0,0,0,0,0,0,0,0,0,0,0,1
00781607.png,5,0,0,0,0,0,0,0,1,0,0,0,0,0,0,0,0,0,0,0,1
00781621.png,10,0,0,0,0,0,0,0,0,0,0,0,0,0,0,0,0,0,0,1,0
00781625.png,10,0,0,0,0,0,0,0,0,0,0,0,0,0,0,0,0,0,0,1,0
00781649.png,10,0,0,0,1,0,0,0,0,0,0,0,0,0,0,0,0,0,0,0,1
00781973.png,0,0,0,1,0,0,1,0,0,0,0,1,0,0,0,0,0,0,0,0,1
00782042.png,10,0,0,0,0,0,0,0,0,0,0,0,0,0,0,0,0,0,0,1,0
00782184.png,10,0,0,0,0,0,0,0,0,0,0,0,0,0,0,0,0,0,0,1,0
00782223.png,0,1,0,1,0,0,1,0,0,0,0,1,0,0,0,0,0,0,0,0,1
00782276.png,10,1,0,0,1,0,0,0,0,0,0,0,0,0,0,0,0,0,1,0,1
00782318.png,0,0,0,1,0,0,1,0,0,0,0,0,0,0,0,0,0,0,0,0,1
00782361.png,0,1,0,1,0,0,1,0,0,1,0,0,0,0,0,0,0,0,0,0,1
00782543.png,10,1,0,0,1,0,0,0,0,0,0,0,0,0,0,0,0,0,1,0,1
00782620.png,10,0,0,0,0,0,0,0,0,0,0,0,0,0,0,0,0,0,0,1,0
00782650.png,0,0,0,1,0,0,1,0,0,0,0,0,0,0,0,0,0,0,0,0,1
00782756.png,10,0,0,0,0,0,0,0,0,0,0,0,0,0,0,0,0,0,0,1,0
00782760.png,10,0,0,0,0,0,0,0,0,0,0,0,0,0,0,0,0,0,0,1,0
00782835.png,0,0,0,1,0,0,1,0,0,0,0,0,0,1,0,0,0,0,0,0,1
00782943.png,10,1,0,0,0,0,0,0,0,0,0,0,0,0,0,0,0,0,0,0,0
00783152.png,10,0,0,0,0,0,0,0,0,0,0,0,0,0,0,0,0,0,0,1,0
00783271.png,0,1,0,0,0,0,0,0,0,0,0,0,0,0,0,0,0,0,0,0,0
00783328.png,0,1,0,0,0,0,0,0,0,0,0,0,0,0,0,0,0,0,0,0,0
00783686.png,0,0,0,0,0,0,0,0,0,0,0,0,0,0,0,0,0,0,0,1,0
00783753.png,0,1,0,0,0,0,0,0,0,0,0,0,0,0,0,0,0,0,1,0,1
00783780.png,10,0,0,1,0,0,1,0,0,0,1,0,0,0,0,0,0,0,0,0,1
00784053.png,0,0,0,0,0,0,0,0,0,0,1,0,0,0,0,0,0,0,0,0,1
00784359.png,5,1,0,0,0,0,1,0,0,0,0,0,0,0,0,0,0,0,1,0,1
00784568.png,10,0,0,1,0,0,1,0,0,0,0,0,0,0,1,0,0,0,0,0,1
00784704.png,10,0,0,0,0,0,0,0,0,0,0,0,0,0,0,0,0,0,0,1,0
00784731.png,10,0,0,0,0,0,0,0,0,0,0,0,0,0,0,0,0,0,0,1,0
00784954.png,10,0,0,0,0,0,0,0,0,0,0,0,0,0,0,0,0,0,0,1,0
00785085.png,10,0,0,0,0,0,0,0,0,0,0,0,0,0,0,0,0,0,0,1,0
00785140.png,10,0,0,0,0,0,0,0,0,0,0,0,0,0,0,0,0,0,0,1,0
00785162.png,0,1,0,0,0,0,1,0,0,0,1,0,0,0,0,0,0,0,0,0,1
00785211.png,10,0,0,0,0,0,0,0,0,0,0,0,0,0,0,0,0,0,0,1,0
00785221.png,10,0,0,0,0,0,0,0,0,0,0,0,0,0,0,0,0,0,0,1,0
00785241.png,10,0,0,0,0,0,0,0,0,0,0,0,0,0,0,0,0,0,0,1,0
00785265.png,10,0,0,0,0,0,0,0,0,0,0,0,0,0,0,0,0,0,0,1,0
00785379.png,10,0,0,1,0,0,0,0,0,0,0,0,0,0,0,0,0,0,0,0,1
00785552.png,10,0,0,0,0,1,0,0,0,0,0,0,0,0,0,0,0,0,0,0,1
00785560.png,10,0,0,0,0,0,0,0,0,0,0,0,0,0,0,0,0,0,0,1,0
00785564.png,10,0,0,0,0,0,0,0,0,0,0,0,0,0,0,0,0,0,0,1,0
00785668.png,10,0,0,0,0,0,0,0,0,0,0,0,0,0,0,0,0,0,0,1,0
00785679.png,10,0,0,0,0,0,0,0,0,0,0,0,0,0,0,0,0,0,0,1,0
00785742.png,0,1,0,0,0,0,0,0,0,0,1,0,0,0,0,0,0,0,0,0,1
00785887.png,10,1,0,0,0,0,0,0,0,0,0,0,0,0,0,0,0,0,0,0,0
00785902.png,0,1,0,1,0,0,1,0,0,0,0,0,0,0,0,0,0,0,1,0,1
00786064.png,0,1,0,1,0,0,1,0,0,0,0,0,1,0,0,0,0,0,0,0,1
00786214.png,10,0,0,0,0,0,0,0,0,0,0,0,0,0,0,0,0,0,0,1,0
00786275.png,10,1,0,0,0,0,1,0,0,0,1,0,0,0,0,0,0,0,0,0,1
00786314.png,10,1,0,0,0,0,0,0,0,0,0,0,0,0,0,0,0,0,0,0,0
00786386.png,10,0,0,0,0,0,0,0,0,0,0,0,0,0,0,0,0,0,0,1,0
00786459.png,10,0,0,0,0,0,1,0,0,0,0,0,0,0,0,0,0,0,0,0,1
00786717.png,10,0,0,0,0,0,0,0,0,0,0,0,0,0,0,0,0,0,0,1,0
00786766.png,0,1,0,0,0,0,0,0,0,0,0,0,0,0,0,0,0,0,0,0,0
00787032.png,10,0,0,0,0,0,0,0,0,0,0,0,0,0,0,0,0,0,0,1,0
00787140.png,0,0,0,0,1,1,0,0,0,0,0,0,0,0,0,0,0,0,0,0,1
00787165.png,10,0,0,0,0,0,0,0,0,0,0,0,0,0,0,0,0,0,0,1,0
00787537.png,10,0,0,0,0,0,0,0,0,0,0,0,0,0,0,0,0,0,0,1,0
00787546.png,20,0,0,0,0,0,0,0,0,0,0,0,0,0,0,0,0,0,0,1,0
00787638.png,10,0,0,1,0,0,1,0,0,0,0,0,0,0,0,0,0,0,0,0,1
00787852.png,10,0,0,1,0,0,1,0,0,1,0,1,0,0,0,0,0,0,0,0,1
00788212.png,0,0,0,0,0,0,0,0,0,0,0,0,0,0,0,0,0,0,0,1,0
00788240.png,0,0,0,0,0,0,0,0,0,0,0,0,0,0,0,0,0,0,0,1,0
00788549.png,0,0,0,1,0,0,1,0,0,0,1,0,0,0,0,0,0,0,0,0,1
00788675.png,0,0,0,0,0,0,0,0,0,0,0,0,0,0,0,0,0,0,0,1,0
00788888.png,0,0,0,0,0,0,0,0,0,0,1,0,0,0,0,0,0,0,0,0,1
00789275.png,10,0,0,0,0,0,0,0,0,0,0,0,0,0,0,0,0,0,0,1,0
00789501.png,0,1,0,0,0,0,1,0,0,0,0,0,0,0,0,0,0,0,1,0,1
00789900.png,0,1,0,0,0,0,1,0,0,0,0,0,0,0,0,0,0,0,1,0,1
00789972.png,0,1,0,0,0,0,1,0,0,0,0,0,0,0,0,0,0,0,1,0,1
00790084.png,10,1,1,0,0,0,1,0,0,0,0,0,0,0,0,0,0,0,1,0,1
00790418.png,0,1,0,0,0,0,0,0,0,0,0,0,0,0,0,0,0,0,1,0,1
00790545.png,10,0,0,0,0,0,0,0,0,0,0,0,0,0,0,0,0,0,0,1,0
00790568.png,20,1,0,0,0,0,0,0,0,0,0,0,0,0,0,0,0,0,0,0,0
00790602.png,0,1,0,0,0,0,1,0,0,0,0,0,0,0,0,0,0,0,1,0,1
00790934.png,0,1,0,0,0,0,1,0,0,0,0,0,0,0,0,0,0,0,1,0,1
00791382.png,10,0,0,0,0,0,1,0,0,1,0,0,0,0,0,0,0,0,0,0,1
00791396.png,0,0,0,1,0,0,1,0,0,1,0,0,0,0,0,0,0,0,0,0,1
00791465.png,10,0,0,1,0,0,1,0,0,0,0,1,0,1,0,0,0,0,0,0,1
00791491.png,0,1,0,1,0,0,0,0,0,1,0,1,0,0,0,0,0,0,0,0,1
00791591.png,0,1,0,1,0,0,0,0,0,0,0,0,0,0,0,0,0,0,0,0,1
00791637.png,10,0,0,0,0,0,0,0,0,0,0,0,0,0,0,0,0,0,0,1,0
00791659.png,10,0,0,0,0,0,0,0,0,0,0,0,0,0,0,0,0,0,0,1,0
00791664.png,10,0,0,0,0,0,0,0,0,0,0,0,0,0,0,0,0,0,0,1,0
00791851.png,0,0,0,0,0,0,0,0,0,0,0,0,0,0,0,0,0,0,0,1,0
00791869.png,0,0,0,0,0,1,0,0,0,0,0,0,0,0,0,0,0,0,0,0,1
00791946.png,0,0,0,1,0,0,1,0,0,0,0,0,0,0,0,0,0,0,0,0,1
00792056.png,0,0,0,0,0,0,0,0,0,0,0,0,0,0,0,0,0,0,0,1,0
00792115.png,10,1,0,0,0,0,0,0,0,0,0,1,0,0,0,0,0,0,0,0,1
00792164.png,10,0,0,0,0,0,0,0,0,0,0,0,0,0,0,0,0,0,0,1,0
00792279.png,10,1,0,0,0,0,0,0,0,0,1,0,0,0,0,0,0,0,0,0,1
00792343.png,10,0,0,0,0,0,0,0,0,0,0,0,0,0,0,0,0,0,0,1,0
00792660.png,0,0,0,0,0,0,0,0,0,0,0,0,0,0,0,0,0,0,0,1,0
00792766.png,0,0,0,0,0,0,0,0,0,0,0,0,0,0,0,0,0,0,0,1,0
00792838.png,0,0,0,0,0,0,0,0,0,0,0,0,0,0,0,0,0,0,0,1,0
00792998.png,0,0,0,0,0,0,0,0,0,0,0,0,0,0,0,0,0,0,0,1,0
00793268.png,0,0,0,0,0,0,0,0,0,0,0,0,0,0,0,0,0,0,0,1,0
00793456.png,0,0,0,0,0,0,1,0,0,0,0,0,0,0,0,0,0,0,0,0,1
00793542.png,0,0,0,0,0,0,0,0,0,0,0,0,0,0,0,0,0,0,0,1,0
00793964.png,0,0,0,0,0,0,0,0,0,0,0,0,0,0,0,0,0,0,0,1,0
00793979.png,0,0,0,0,0,0,0,0,0,0,0,0,0,0,0,0,0,0,0,1,0
00794227.png,0,0,0,0,0,0,0,0,0,0,0,0,0,0,0,0,0,0,0,1,0
00794242.png,0,0,0,0,0,0,0,0,0,0,0,0,0,0,0,0,0,0,0,1,0
00794272.png,0,1,0,0,0,0,0,0,0,0,0,0,0,0,0,0,0,0,0,0,0
00794283.png,0,0,0,0,0,0,0,0,0,0,0,0,0,0,0,0,0,0,0,1,0
00794301.png,0,1,0,0,0,0,0,0,0,0,0,0,0,0,0,0,0,0,1,0,1
00794427.png,0,0,0,0,0,0,0,0,0,0,0,0,0,0,0,0,0,0,0,1,0
00794488.png,0,0,0,0,0,0,0,0,0,0,0,0,0,0,0,0,0,0,0,1,0
00794829.png,0,0,0,0,0,0,0,0,0,0,0,0,0,0,0,0,0,0,1,0,1
00795025.png,0,0,0,0,0,0,0,0,0,0,0,0,0,0,0,0,0,0,0,1,0
00795098.png,0,0,0,0,0,0,0,0,0,0,0,0,0,0,0,0,0,0,0,1,0
00795577.png,0,0,0,0,0,0,0,0,0,0,0,0,0,0,0,0,0,0,0,1,0
00795679.png,0,1,0,1,0,0,1,0,0,0,0,0,0,0,0,0,0,0,0,0,1
00795847.png,0,0,0,0,0,0,0,0,0,0,0,0,0,0,0,0,0,0,0,1,0
00795863.png,0,0,0,1,0,0,1,0,0,0,1,0,0,0,0,0,0,0,0,0,1
00795895.png,10,0,0,0,0,0,0,0,0,0,0,0,0,0,0,0,0,0,0,1,0
00796078.png,0,0,0,0,0,0,0,0,0,0,0,0,0,0,0,0,0,0,0,1,0
00796145.png,0,0,0,0,0,0,0,0,0,0,0,0,0,0,0,0,0,0,0,1,0
00796199.png,0,1,0,0,0,0,0,0,0,0,0,0,0,0,0,0,0,0,1,0,1
00796225.png,0,0,0,0,0,0,0,0,0,0,0,0,0,0,0,0,0,0,0,1,0
00796237.png,0,0,0,0,0,0,0,0,0,0,0,0,0,0,0,0,0,0,0,1,0
00796250.png,0,0,0,0,0,0,0,0,0,0,0,0,0,0,0,0,0,0,0,1,0
00796314.png,0,0,0,0,0,0,0,0,0,0,0,0,0,0,0,0,0,0,0,1,0
00796396.png,0,1,0,0,0,0,0,0,0,0,0,0,0,0,0,0,0,0,0,0,0
00796456.png,0,0,0,0,0,0,0,0,0,0,0,0,0,0,0,0,0,0,0,1,0
00796496.png,0,0,0,0,0,0,0,0,0,0,0,0,0,1,0,0,0,0,0,0,1
00796577.png,10,0,0,0,0,0,0,0,0,0,0,0,0,0,0,0,0,0,0,1,0
00796649.png,10,0,0,0,0,0,0,0,0,0,0,0,0,0,0,0,0,0,0,1,0
00796725.png,0,0,0,0,0,0,0,0,0,0,0,0,0,0,0,0,0,0,0,1,0
00797248.png,10,0,0,0,0,0,0,0,0,0,0,0,0,0,0,0,0,0,0,1,0
00797329.png,50,0,0,0,0,0,0,0,0,0,0,0,0,0,0,0,0,0,0,1,0
00797363.png,20,1,0,0,0,0,0,0,0,0,0,0,0,0,0,0,0,0,0,0,0
00797583.png,10,0,0,0,0,0,0,0,0,0,0,0,0,0,0,0,0,0,0,1,0
00797803.png,0,0,0,0,0,0,0,0,0,0,0,0,0,0,0,0,0,0,0,1,0
00797845.png,10,0,0,0,0,0,0,0,0,0,0,0,0,0,0,0,0,0,0,1,0
00797850.png,10,1,0,0,0,0,0,0,0,0,0,0,0,0,0,0,0,0,0,0,0
00797914.png,10,0,0,1,0,0,1,0,0,1,0,0,0,0,0,0,0,0,0,0,1
00798054.png,10,0,0,0,0,0,0,0,0,0,0,0,0,0,0,0,0,0,0,1,0
00798371.png,0,0,0,0,0,0,0,0,0,0,0,0,0,0,0,0,0,0,0,1,0
00798385.png,0,0,0,0,0,0,0,0,0,0,0,0,0,0,0,0,0,0,0,1,0
00798426.png,0,0,0,0,0,0,0,0,0,0,0,0,0,0,0,0,0,0,0,1,0
00798590.png,10,0,0,0,0,0,0,0,0,0,0,0,0,0,0,0,0,0,0,1,0
00798607.png,10,0,0,0,0,0,0,0,0,0,0,0,0,0,0,0,0,0,0,1,0
00798659.png,10,0,0,0,0,0,0,0,0,0,0,0,0,0,0,0,0,0,0,1,0
00798667.png,10,0,0,0,0,0,0,0,0,0,0,0,0,0,0,0,0,0,0,1,0
00798704.png,0,1,0,0,0,0,0,0,0,0,0,0,0,0,0,0,0,0,1,0,1
00798899.png,0,0,0,0,0,0,0,0,0,0,0,0,0,1,0,0,0,0,0,0,1
00798904.png,0,0,0,0,0,0,0,0,0,0,0,0,0,0,0,0,0,0,0,1,0
00799078.png,10,0,0,0,0,0,0,0,0,0,0,0,0,0,0,0,0,0,0,1,0
00799140.png,10,0,0,0,0,0,0,0,0,0,0,0,0,0,0,0,0,0,0,1,0
00799244.png,0,0,0,0,0,0,0,0,0,0,0,0,0,0,0,0,0,0,0,1,0
00799246.png,0,0,0,0,0,0,0,0,0,0,0,0,0,0,0,0,0,0,0,1,0
00799619.png,0,1,0,0,0,0,0,0,0,0,0,0,0,0,0,0,0,0,0,0,0
00800089.png,0,0,0,0,0,0,0,0,0,0,0,0,0,0,0,0,0,0,0,1,0
00800409.png,0,0,0,0,0,0,0,0,0,0,0,0,0,0,0,0,0,0,0,1,0
00800515.png,5,0,0,0,0,0,1,0,0,0,0,0,0,0,0,0,0,0,0,0,1
00800628.png,2,0,0,0,0,0,0,0,0,0,0,0,0,0,0,0,0,0,0,1,0
00801074.png,2,0,0,0,0,0,0,0,0,0,0,0,0,0,0,0,0,0,0,1,0
00801178.png,10,0,0,0,0,0,1,0,0,0,0,0,0,1,0,0,0,0,0,0,1
00801344.png,10,0,0,0,0,0,0,0,0,0,0,0,0,0,0,0,0,0,0,1,0
00801541.png,10,1,0,0,0,0,1,0,0,0,0,0,0,0,0,0,0,0,0,0,1
00801877.png,10,0,0,0,0,0,0,0,0,0,0,0,0,0,0,0,0,0,0,1,0
00802128.png,2,0,0,0,0,0,0,0,0,0,0,0,0,0,0,0,0,0,0,1,0
00802369.png,0,0,0,0,0,0,0,0,0,0,0,0,0,0,0,0,0,0,0,1,0
00802455.png,0,0,0,0,0,0,0,0,0,0,0,0,0,0,0,0,0,0,0,1,0
00802461.png,0,0,0,0,0,0,0,0,0,0,0,0,0,0,0,0,0,0,0,1,0
00802514.png,10,0,0,0,0,0,1,0,0,0,0,0,0,0,0,0,0,0,0,0,1
00802611.png,10,0,1,0,0,0,1,0,0,0,0,0,0,1,0,0,0,0,0,0,1
00802756.png,2,0,0,1,0,0,1,0,1,0,0,0,0,0,0,0,0,0,0,0,1
00802872.png,0,1,0,1,0,0,0,0,0,0,0,0,0,0,0,0,0,0,0,0,1
00802970.png,5,0,0,0,0,0,0,0,0,0,0,0,0,0,0,0,0,0,0,1,0
00802983.png,5,0,0,0,0,0,0,0,0,0,0,0,0,0,0,0,0,0,0,1,0
00803284.png,2,0,0,0,0,0,0,0,0,0,0,0,0,0,0,0,0,0,0,1,0
00803377.png,5,0,0,0,0,0,0,0,0,0,0,0,0,0,0,0,0,0,0,1,0
00803545.png,5,0,0,0,0,0,0,0,0,0,0,0,0,0,0,0,0,0,0,1,0
00803552.png,5,0,0,0,0,0,0,0,0,0,0,0,0,0,0,0,0,0,0,1,0
00803660.png,5,0,0,0,0,0,1,0,0,0,0,0,0,0,0,0,0,0,0,0,1
00803662.png,5,0,0,0,0,0,0,0,0,0,0,0,0,0,0,0,0,0,0,1,0
00803866.png,2,0,0,0,0,0,0,0,0,0,0,0,0,0,0,0,0,0,0,1,0
00804123.png,30,0,0,0,0,0,0,0,0,1,0,0,0,0,0,0,0,0,0,0,1
00804194.png,10,0,0,0,0,0,0,0,0,0,0,0,0,0,0,0,0,0,0,1,0
00804291.png,5,0,0,0,0,0,0,0,0,0,0,0,0,0,0,0,0,0,0,1,0
00804319.png,2,0,0,0,0,0,0,0,0,1,0,0,0,0,0,0,0,0,0,0,1
00804403.png,5,0,0,0,0,0,0,0,0,0,0,0,0,0,0,0,0,0,0,1,0
00804511.png,5,0,0,0,0,0,0,0,0,0,0,0,0,0,0,0,0,0,0,1,0
00804584.png,5,0,0,0,0,0,0,0,0,0,0,0,0,0,0,0,0,0,0,1,0
00805025.png,2,0,0,0,0,0,0,0,0,0,0,0,0,0,0,0,0,0,0,1,0
00805040.png,5,0,1,0,0,0,0,0,0,1,0,0,0,0,0,0,0,0,0,0,1
00805301.png,2,0,0,0,0,0,0,0,0,0,0,0,0,0,0,0,0,0,0,1,0
00805310.png,2,0,0,0,0,0,0,0,0,0,0,0,0,0,0,0,0,0,0,1,0
00805314.png,2,0,0,0,0,0,0,0,0,0,0,0,0,0,0,0,0,0,0,1,0
00805388.png,10,0,0,0,0,0,0,0,0,0,0,0,0,0,0,0,0,0,0,1,0
00805470.png,10,0,0,0,0,0,0,0,0,0,0,0,0,0,0,0,0,0,0,1,0
00805587.png,10,0,0,0,0,0,0,0,0,0,0,0,0,0,0,0,0,0,0,1,0
00805634.png,10,0,0,0,0,0,0,0,0,0,0,0,0,0,0,1,0,0,0,0,1
00805775.png,5,0,0,0,0,0,1,0,0,0,0,0,0,0,0,0,0,0,0,0,1
00805787.png,5,0,0,0,0,0,1,0,0,0,0,0,0,0,0,0,0,0,0,0,1
00805899.png,5,0,0,0,0,0,0,0,0,0,0,0,0,0,0,0,0,0,0,1,0
00805979.png,2,0,0,0,0,0,0,0,0,0,0,0,0,0,0,0,0,0,0,1,0
00806113.png,10,0,0,0,0,0,0,0,0,0,0,0,0,0,0,0,0,0,0,1,0
00806191.png,5,0,0,0,0,0,0,0,0,0,0,0,0,0,0,0,0,0,0,1,0
00806580.png,5,0,0,0,0,0,0,0,0,0,0,0,0,0,0,0,0,0,0,1,0
00806690.png,2,0,0,0,0,0,0,0,0,0,0,0,0,0,0,0,0,0,0,1,0
00806906.png,40,0,0,0,0,0,1,0,0,0,0,0,0,0,0,0,0,0,0,0,1
00806951.png,2,0,0,0,0,0,0,0,0,0,0,0,0,0,0,0,0,0,0,1,0
00807062.png,5,1,0,1,0,0,1,0,0,1,0,0,0,0,0,0,0,0,0,0,1
00807126.png,0,0,0,0,0,0,0,0,0,0,0,0,0,0,0,0,0,0,0,1,0
00807168.png,0,0,0,0,0,0,1,0,0,0,0,0,0,0,0,0,0,0,0,0,1
00807421.png,10,0,0,0,0,0,0,0,0,0,0,0,0,0,0,0,0,0,0,1,0
00807448.png,10,0,0,0,0,0,1,0,0,0,0,0,0,0,0,0,0,0,0,0,1
00807506.png,10,0,0,0,0,0,0,0,0,0,0,0,0,0,0,0,0,0,0,1,0
00807534.png,5,0,0,0,0,0,1,0,0,0,0,0,0,0,0,0,0,0,0,0,1
00807588.png,5,0,0,0,0,0,0,0,0,0,0,0,0,0,0,0,0,0,0,1,0
00807715.png,5,0,0,0,0,0,1,0,0,0,0,0,0,0,0,0,0,0,0,0,1
00808602.png,10,0,0,0,0,0,0,0,0,0,0,0,0,0,0,0,0,0,0,1,0
00808624.png,10,0,0,0,0,0,0,0,0,0,0,0,0,0,0,0,0,0,0,1,0
00808631.png,10,0,0,0,0,0,0,0,0,0,0,0,0,0,0,0,0,0,0,1,0
00808733.png,10,0,0,0,0,0,0,0,0,0,0,0,0,0,0,0,0,0,0,1,0
00808999.png,20,1,0,1,0,0,1,0,0,0,0,0,0,0,0,0,0,0,0,0,1
00809293.png,50,0,0,0,0,0,0,0,0,0,0,0,0,0,0,0,0,0,0,1,0
00809379.png,0,0,0,0,0,0,0,0,0,0,0,0,0,0,0,0,0,0,0,1,0
00809461.png,2,0,0,0,0,0,0,0,0,0,0,0,0,0,0,0,0,0,0,1,0
00809558.png,0,0,0,0,0,0,0,0,0,0,0,0,0,0,0,0,0,0,0,1,0
00809749.png,10,1,0,0,0,0,0,0,0,0,0,0,0,0,0,0,0,0,0,0,0
00809971.png,10,0,0,0,0,0,0,0,0,0,0,0,0,1,0,0,0,0,0,0,1
00810217.png,5,0,0,0,0,0,1,0,0,0,0,1,0,0,0,0,0,0,0,0,1
00810270.png,5,1,0,0,0,0,0,0,0,0,0,0,0,0,0,0,0,0,0,0,0
00810277.png,5,0,0,0,0,0,0,0,1,1,0,0,0,0,0,0,0,0,0,0,1
00810322.png,5,0,0,0,0,0,0,0,0,0,0,0,0,0,0,0,0,0,0,1,0
00810362.png,5,0,0,0,0,0,0,0,0,0,0,0,0,0,0,0,0,0,0,1,0
00810592.png,2,0,0,0,0,0,0,0,0,0,0,0,0,0,0,0,0,0,0,1,0
00810725.png,0,0,0,0,0,0,0,0,0,0,0,0,0,0,0,0,0,0,0,1,0
00810748.png,0,0,0,0,0,0,0,0,0,0,0,0,0,0,0,0,0,0,0,1,0
00810832.png,0,0,0,0,0,0,0,0,0,0,0,0,0,0,0,0,0,0,0,1,0
00811024.png,5,0,0,0,0,0,0,0,0,0,0,0,0,0,0,0,0,0,0,1,0
00811139.png,2,0,0,0,0,0,1,0,0,0,0,0,0,0,1,0,0,0,0,0,1
00811242.png,5,0,0,0,0,0,0,0,0,0,0,0,0,0,0,0,0,0,0,1,0
00811359.png,5,0,0,0,0,0,0,0,0,0,0,0,0,0,0,0,0,0,0,1,0
00811411.png,0,1,0,0,0,0,0,0,0,0,0,0,0,0,0,0,0,0,0,0,0
00811416.png,0,0,0,0,0,0,0,0,0,0,0,0,0,0,0,0,0,0,0,1,0
00811427.png,0,0,0,0,0,0,0,0,0,0,0,0,0,0,0,0,0,0,0,1,0
00811841.png,0,0,0,0,0,0,0,0,0,0,0,0,0,0,0,0,0,0,0,1,0
00812022.png,0,0,0,0,0,0,0,0,0,0,0,0,0,0,0,0,0,0,0,1,0
00812084.png,0,0,0,0,0,0,0,0,0,0,0,0,0,0,0,0,0,0,0,1,0
00812499.png,0,1,0,0,0,0,0,0,0,0,1,0,0,0,0,0,0,0,0,0,1
00812548.png,0,0,0,0,0,0,0,0,0,0,0,0,0,0,0,0,0,0,0,1,0
00812895.png,0,1,0,0,0,0,0,0,0,0,0,0,0,0,0,0,0,0,0,0,0
00812956.png,0,0,0,0,1,0,0,0,0,0,0,0,0,0,0,0,0,0,0,0,1
00813135.png,0,1,0,0,0,0,0,0,0,0,0,0,0,0,0,0,0,0,0,0,0
00813145.png,0,1,0,0,0,0,0,0,0,0,0,0,0,0,0,0,0,0,0,0,0
00813300.png,0,1,0,0,0,0,0,0,0,0,0,0,0,0,0,0,0,0,0,0,0
00813318.png,0,0,0,0,0,0,0,0,0,0,0,0,0,0,0,0,0,0,0,1,0
00813438.png,0,0,0,0,0,0,0,0,0,0,0,0,0,0,0,0,0,0,0,1,0
00813490.png,20,1,0,1,0,0,1,0,0,0,0,0,0,0,0,0,0,0,0,0,1
00813697.png,5,0,0,1,0,0,1,0,0,0,0,0,0,1,0,0,0,0,0,0,1
00813822.png,5,1,0,0,0,0,0,0,0,0,0,0,0,0,0,0,0,0,0,0,0
00813893.png,5,0,1,0,0,0,1,0,0,0,0,0,0,0,1,0,0,0,0,0,1
00813930.png,20,0,0,0,0,0,0,0,0,0,0,0,0,0,0,0,0,0,0,1,0
00813948.png,10,0,0,0,0,0,0,0,0,0,0,0,0,0,0,0,0,0,0,1,0
00813989.png,5,0,1,0,0,0,0,0,0,0,0,0,0,0,0,0,0,0,1,0,1
00814003.png,10,0,0,0,0,0,0,0,0,0,0,0,0,0,0,0,0,0,0,1,0
00814067.png,10,1,0,0,0,0,1,0,0,0,0,0,0,0,0,0,0,0,0,0,1
00814128.png,0,0,0,0,0,0,0,0,0,0,0,0,0,0,0,0,0,0,1,0,1
00814237.png,2,0,0,0,0,0,1,0,0,0,0,0,0,0,1,0,0,0,0,0,1
00814272.png,5,1,0,0,0,0,0,0,0,0,0,0,0,0,0,0,0,0,0,0,0
00814312.png,2,1,0,0,0,0,0,0,0,0,0,0,0,0,0,0,0,0,0,0,0
00814448.png,5,0,0,0,0,0,0,0,0,0,0,0,0,0,0,0,0,0,0,1,0
00814600.png,0,0,0,0,0,0,0,0,0,0,0,0,0,0,0,0,0,0,0,1,0
00814667.png,0,0,0,0,0,0,0,0,0,0,0,0,0,0,0,0,0,0,0,1,0
00814776.png,10,0,0,0,0,0,0,0,0,0,0,0,0,0,0,0,0,0,0,1,0
00815840.png,0,0,0,1,0,0,0,0,0,0,0,0,0,0,0,0,0,0,0,0,1
00815991.png,5,0,0,0,0,0,0,0,0,0,0,0,0,0,0,0,0,0,0,1,0
00815995.png,5,0,0,0,0,0,0,0,1,0,0,0,0,0,0,0,0,0,0,0,1
00816563.png,0,0,0,0,0,0,0,0,0,0,0,0,0,0,0,0,0,0,0,1,0
00816799.png,5,0,0,0,0,0,0,0,0,0,0,0,0,0,0,0,0,0,0,1,0
00816836.png,10,0,1,0,0,0,0,0,0,0,0,0,0,0,1,0,0,0,0,0,1
00816897.png,5,0,0,0,0,0,0,0,0,0,0,0,0,0,0,0,0,0,0,1,0
00816899.png,5,0,1,0,0,0,0,0,0,0,0,0,0,0,1,0,0,0,0,0,1
00816937.png,5,0,0,0,0,0,0,0,0,0,0,0,0,0,0,0,0,0,0,1,0
00816978.png,20,1,0,0,0,0,0,0,0,0,0,0,0,0,0,0,0,0,0,0,0
00817027.png,5,0,0,1,0,0,0,0,0,0,0,0,0,0,0,0,0,0,0,0,1
00817127.png,0,0,0,0,0,0,0,0,0,1,1,1,0,0,0,0,0,0,0,0,1
00817149.png,5,0,0,0,0,0,0,0,0,0,0,0,0,0,0,0,0,0,0,1,0
00817183.png,5,0,0,0,0,0,1,0,0,0,0,0,0,0,0,0,0,0,0,0,1
00817289.png,5,0,0,0,0,0,0,0,0,0,0,0,0,0,0,0,0,0,0,1,0
00817480.png,5,0,1,0,0,0,0,0,0,0,0,1,0,0,1,0,0,0,0,0,1
00817541.png,5,1,0,0,0,0,0,0,0,0,0,0,0,0,0,0,0,0,0,0,0
00817577.png,5,0,1,0,0,0,0,0,0,0,0,1,0,0,0,0,0,0,0,0,1
00817699.png,2,0,0,1,0,0,0,0,0,0,0,0,0,0,0,0,0,0,0,0,1
00817776.png,2,0,0,0,0,0,0,0,0,0,0,0,0,0,0,0,0,0,0,1,0
00817953.png,2,0,0,0,0,0,0,0,0,0,0,0,0,0,0,0,0,0,0,1,0
00817962.png,5,0,0,1,0,0,1,0,0,0,0,0,0,0,0,0,0,0,0,0,1
00818007.png,10,1,0,0,0,0,0,0,0,1,0,0,0,0,0,0,0,0,0,0,1
00818103.png,2,0,0,0,0,0,0,0,0,0,0,0,0,0,0,0,0,0,0,1,0
00818165.png,10,1,0,1,0,0,1,0,0,0,0,0,0,0,0,0,0,0,0,0,1
00818186.png,2,0,0,0,0,0,0,0,0,0,0,0,0,0,0,0,0,0,0,1,0
00818221.png,2,1,0,0,0,0,0,0,0,0,0,0,0,0,0,0,0,0,0,0,0
00818368.png,0,0,0,0,0,0,0,0,0,0,0,0,0,0,0,0,0,0,0,1,0
00818397.png,5,0,0,0,0,0,0,0,0,0,0,0,0,0,0,0,0,0,0,1,0
00818577.png,2,1,0,0,0,0,0,0,0,0,0,0,0,0,0,0,0,0,0,0,0
00818770.png,0,0,0,0,0,0,0,0,0,0,0,0,0,0,0,0,0,0,0,1,0
00818875.png,5,0,0,0,0,0,0,0,0,0,0,0,0,1,0,0,0,0,1,0,1
00818942.png,10,1,0,0,0,0,0,0,0,0,0,0,0,0,0,0,0,0,0,0,0
00819296.png,0,0,0,0,0,0,0,0,0,0,1,0,0,0,0,0,0,0,0,0,1
00819408.png,0,0,0,0,0,0,0,0,0,0,0,0,0,0,0,0,0,0,0,1,0
00819560.png,5,0,0,0,0,0,0,0,0,0,0,0,0,0,0,0,0,0,0,1,0
00819748.png,0,0,0,0,0,0,0,0,0,0,0,0,0,1,0,0,0,0,0,0,1
00819751.png,0,0,0,0,0,0,0,0,0,0,0,0,0,0,0,0,0,0,0,1,0
00819973.png,2,1,0,0,0,0,0,0,0,0,0,0,0,0,0,0,0,0,0,0,0
00820107.png,0,0,0,0,0,0,0,0,0,0,0,0,0,0,0,0,0,0,0,1,0
00820110.png,0,0,0,0,0,0,0,0,0,0,0,0,0,0,0,0,0,0,0,1,0
00820121.png,0,0,0,0,0,0,1,0,0,0,0,0,0,1,0,0,0,0,0,0,1
00820187.png,2,0,0,0,0,0,0,0,0,0,0,0,0,0,0,0,0,0,0,1,0
00820218.png,2,0,0,0,0,0,0,0,0,0,0,0,0,0,0,0,0,0,0,1,0
00820285.png,0,0,0,0,0,0,0,0,0,0,0,0,0,0,0,0,0,0,0,1,0
00820307.png,2,0,0,0,0,0,0,0,0,0,0,0,0,0,0,0,0,0,0,1,0
00820458.png,0,1,0,1,0,0,1,0,0,0,1,0,0,0,0,0,0,0,0,0,1
00820542.png,10,1,0,1,0,0,1,0,0,0,0,0,0,0,0,0,0,0,0,0,1
00820636.png,10,1,0,1,0,0,1,0,0,0,0,1,0,1,0,0,0,0,0,0,1
00820955.png,5,0,0,1,0,0,1,0,1,0,0,0,0,0,1,0,0,0,0,0,1
00820989.png,10,0,0,1,0,0,1,0,0,0,0,0,0,0,0,0,0,0,0,0,1
00821023.png,0,0,0,0,0,0,0,0,0,0,0,0,0,0,0,0,0,0,0,1,0
00821171.png,0,0,0,0,0,0,0,0,0,0,0,0,0,0,0,0,0,0,0,1,0
00821414.png,0,0,0,0,0,0,0,0,0,0,0,0,0,0,0,0,0,0,0,1,0
00821470.png,0,0,0,0,0,0,0,0,0,0,0,0,0,0,0,0,0,0,0,1,0
00821786.png,0,0,0,0,0,0,0,0,0,0,0,0,0,0,0,0,0,0,0,1,0
00822022.png,0,0,0,0,0,0,0,0,0,0,0,0,0,0,0,0,0,0,0,1,0
00822187.png,0,0,0,0,0,0,0,0,0,0,0,0,0,1,0,0,0,0,0,0,1
00822257.png,0,0,0,0,0,0,0,0,0,0,0,0,0,0,0,0,0,0,0,1,0
00823010.png,0,0,0,0,0,0,0,0,0,0,0,0,0,0,0,0,0,0,0,1,0
00823105.png,0,1,0,0,0,0,0,0,0,0,0,0,0,0,0,0,0,0,1,0,1
00823171.png,0,0,0,0,0,0,0,0,0,0,0,0,0,0,0,0,0,0,0,1,0
00823617.png,0,0,0,0,0,0,0,0,0,0,0,0,0,0,0,0,0,0,0,1,0
00823661.png,0,0,0,0,0,0,0,0,0,0,0,0,0,0,0,0,0,0,0,1,0
00823757.png,0,0,0,0,0,0,0,0,0,0,0,0,0,0,0,0,0,0,0,1,0
00823799.png,0,1,0,0,0,0,0,0,0,0,0,0,0,0,0,0,0,0,1,0,1
00823916.png,0,0,0,0,0,0,0,0,0,0,0,0,0,0,0,0,0,0,0,1,0
00823984.png,0,0,0,0,0,0,0,0,0,0,0,0,0,0,0,0,0,0,0,1,0
00824107.png,0,0,0,0,0,0,0,0,0,0,0,0,0,0,0,0,0,0,0,1,0
00824475.png,0,0,0,0,0,0,0,0,0,0,0,0,0,0,0,0,0,0,0,1,0
00824723.png,0,0,0,0,0,0,0,0,0,0,0,0,0,0,0,0,0,0,0,1,0
00824922.png,0,0,0,0,0,0,0,0,0,0,0,0,0,0,0,0,0,0,0,1,0
00825057.png,0,0,0,0,0,0,0,0,0,0,0,0,0,0,0,0,0,0,0,1,0
00825210.png,0,0,0,0,0,0,0,0,0,0,0,0,0,0,0,0,0,0,0,1,0
00825598.png,0,0,0,0,0,0,0,0,0,0,0,0,0,0,0,0,0,0,0,1,0
00825746.png,0,0,0,0,0,0,0,0,0,0,0,0,0,0,0,0,0,0,0,1,0
00825797.png,0,0,0,0,0,0,0,0,0,0,0,0,0,0,0,0,0,0,0,1,0
00825850.png,0,0,0,0,0,0,0,0,0,0,0,0,0,0,0,0,0,0,0,1,0
00825866.png,0,0,0,0,0,0,0,0,0,0,0,0,0,0,0,0,0,0,0,1,0
00825915.png,0,0,0,0,0,0,0,0,0,0,0,0,0,0,0,0,0,0,0,1,0
00826004.png,0,0,0,0,0,0,0,0,0,0,0,0,0,0,0,0,0,0,0,1,0
00826024.png,0,0,0,0,0,0,0,0,0,0,0,0,0,0,0,0,0,0,0,1,0
00826253.png,5,0,0,0,0,0,0,0,0,0,0,0,0,0,0,0,0,0,0,1,0
00826878.png,10,0,0,0,0,0,0,0,0,0,0,0,0,0,0,0,0,0,0,1,0
00826882.png,10,0,0,0,0,0,0,0,0,0,0,0,0,0,0,0,0,0,0,1,0
00827009.png,10,0,0,0,1,0,0,0,0,0,0,0,0,0,0,0,0,0,1,0,1
00827046.png,10,0,0,0,0,1,0,0,0,0,0,0,0,0,0,0,0,0,0,0,1
00827073.png,10,0,0,0,0,0,0,0,0,0,0,0,0,0,0,0,0,0,0,1,0
00827158.png,0,1,0,0,1,0,0,0,0,0,0,0,0,0,0,0,0,0,1,0,1
00827329.png,0,1,0,0,1,0,0,0,0,0,0,0,0,0,0,0,0,0,0,0,1
00827701.png,10,1,0,0,0,0,0,0,0,0,0,0,0,0,0,0,0,0,0,0,0
00827754.png,10,1,0,0,1,0,0,0,0,0,0,0,0,0,0,0,0,0,1,0,1
00827775.png,10,0,0,0,0,0,1,0,0,0,0,1,0,0,0,0,0,0,0,0,1
00828064.png,10,0,0,0,0,0,0,0,0,0,0,0,0,0,0,0,0,0,0,1,0
00828066.png,10,0,0,0,0,0,0,0,0,0,0,0,0,0,0,0,0,0,0,1,0
00828154.png,10,0,0,0,0,0,0,0,0,0,0,0,0,0,0,0,0,0,0,1,0
00828298.png,0,0,0,0,0,0,0,0,0,0,0,0,0,0,0,0,0,0,0,1,0
00828725.png,0,0,0,0,0,0,0,0,0,0,0,0,0,0,0,0,0,0,0,1,0
00828910.png,0,0,0,0,0,0,0,0,0,0,0,0,0,0,0,0,0,0,0,1,0
00829116.png,10,0,0,0,0,0,0,0,0,0,1,0,0,0,0,0,0,0,0,0,1
00829395.png,10,0,0,0,0,0,0,0,0,0,0,0,0,0,0,0,0,0,0,1,0
00829462.png,0,0,0,0,0,0,0,0,0,0,0,0,0,0,0,0,0,0,0,1,0
00829510.png,0,0,0,0,0,0,0,0,0,0,0,0,0,0,0,0,0,0,0,1,0
00829604.png,0,0,0,0,0,0,0,0,0,0,0,0,0,0,0,0,0,0,0,1,0
00829730.png,0,1,0,0,0,0,0,0,0,0,0,0,0,0,0,0,0,0,0,0,0
00829731.png,0,0,0,0,0,0,0,0,0,0,0,0,0,0,0,0,0,0,0,1,0
00829889.png,0,0,0,0,0,0,0,0,0,0,0,0,0,0,0,0,0,0,0,1,0
00829925.png,0,0,0,0,0,0,0,0,0,0,0,0,0,0,0,0,0,0,0,1,0
00830017.png,0,1,0,0,0,0,0,0,0,0,0,0,0,0,0,0,0,0,0,0,0
00830103.png,0,0,0,0,0,0,0,0,0,0,0,0,0,0,0,0,0,0,0,1,0
00830171.png,0,0,0,0,0,0,0,0,0,0,0,0,0,0,0,0,0,0,0,1,0
00830177.png,0,1,0,0,0,0,0,0,0,0,0,0,0,0,0,0,0,0,1,0,1
00830254.png,0,0,0,0,0,0,0,0,0,0,0,0,0,0,0,0,0,0,0,1,0
00830384.png,10,0,0,0,0,0,0,0,0,0,0,0,0,0,0,0,0,0,0,1,0
00830785.png,0,0,0,0,0,0,0,0,0,0,0,0,0,0,0,0,0,0,0,1,0
00830865.png,0,0,0,0,0,0,0,0,0,0,0,0,0,0,0,0,0,0,0,1,0
00831177.png,0,0,0,0,0,0,0,0,0,0,0,0,0,0,0,0,0,0,0,1,0
00831193.png,0,1,0,0,0,0,0,0,0,0,0,0,0,0,0,0,0,0,0,0,0
00831258.png,0,0,0,0,0,0,0,0,0,0,0,0,0,0,0,0,0,0,0,1,0
00831452.png,10,1,0,0,1,0,0,0,0,0,0,0,0,0,0,0,0,0,1,0,1
00831598.png,10,0,0,0,0,1,0,0,0,0,0,0,0,0,0,0,0,1,0,0,1
00831758.png,10,0,0,0,0,1,0,0,0,0,0,0,0,0,0,0,0,1,0,0,1
00832050.png,10,0,1,1,0,0,0,0,0,0,0,0,0,1,0,0,0,0,0,0,1
00832133.png,10,0,0,0,0,0,0,0,0,0,0,0,0,0,0,0,0,0,0,1,0
00832146.png,10,0,0,0,0,0,0,0,0,0,0,0,0,0,0,0,0,0,0,1,0
00832557.png,0,0,0,1,0,0,1,0,0,1,0,1,0,0,0,0,0,0,0,0,1
00832627.png,10,1,0,1,0,0,1,0,0,0,1,0,0,0,0,0,0,0,1,0,1
00832756.png,10,0,0,0,0,0,0,0,0,0,0,0,0,0,0,0,0,0,0,1,0
00832777.png,0,1,0,0,1,0,0,0,0,0,0,0,0,0,0,0,0,0,1,0,1
00832778.png,10,1,0,0,1,0,0,0,0,0,0,0,0,0,0,0,0,0,1,0,1
00832848.png,0,1,0,0,1,0,0,0,0,0,0,0,0,0,0,0,0,0,1,0,1
00833019.png,10,0,0,0,0,0,0,0,0,0,0,0,0,0,0,0,0,0,0,1,0
00833242.png,10,0,0,0,0,0,0,0,0,0,0,0,0,0,0,0,0,0,0,1,0
00833824.png,2,0,0,0,0,0,0,0,0,0,0,0,0,0,0,0,0,0,0,1,0
00834203.png,0,0,0,1,0,0,1,0,0,0,1,0,0,0,0,0,0,0,0,0,1
00834258.png,20,1,0,0,0,0,0,0,0,0,0,0,0,0,0,0,0,0,0,0,0
00834546.png,0,0,0,0,0,0,1,0,1,1,0,0,0,0,0,0,0,0,0,0,1
00834557.png,10,0,0,0,0,0,1,0,0,0,0,0,1,0,0,0,0,0,1,0,1
00834644.png,10,1,0,0,1,1,0,0,0,0,0,0,0,0,0,0,0,0,0,0,1
00835042.png,10,0,0,0,0,0,0,0,0,0,0,0,0,0,0,0,0,0,0,1,0
00835145.png,10,1,0,0,1,1,0,0,0,0,0,0,0,0,0,0,0,0,1,0,1
00835453.png,10,1,0,0,0,0,0,0,0,0,0,0,0,0,0,0,0,0,0,0,0
00835466.png,0,1,0,0,0,1,0,0,0,0,0,0,0,0,0,0,0,0,1,0,1
00835593.png,0,0,0,0,0,0,0,0,0,0,0,0,0,0,0,0,0,0,0,1,0
00835673.png,10,0,0,0,0,0,0,0,0,0,0,0,0,0,0,0,0,0,0,1,0
00835690.png,10,0,0,0,0,0,0,0,0,0,0,0,0,0,0,0,0,0,0,1,0
00835729.png,10,0,0,0,0,0,0,0,0,0,0,0,0,0,0,0,0,0,0,1,0
00835841.png,10,0,0,0,0,0,0,0,0,0,0,0,0,0,0,0,0,0,0,1,0
00835898.png,10,0,0,0,0,0,0,0,0,0,0,0,0,0,0,0,0,0,0,1,0
00835975.png,10,0,0,0,0,0,0,0,0,0,0,0,0,0,0,0,0,0,0,1,0
00836129.png,5,0,0,0,0,1,0,0,0,0,0,0,0,0,0,0,0,0,0,0,1
00836200.png,10,0,0,0,1,0,0,0,0,0,0,0,0,0,0,0,0,0,0,0,1
00836247.png,5,1,0,0,0,0,0,0,0,0,0,0,0,0,0,0,0,0,1,0,1
00836282.png,10,0,0,0,0,0,0,0,0,0,0,0,0,0,0,0,0,0,0,1,0
00836388.png,5,1,0,0,0,0,0,0,0,0,0,0,0,0,0,0,0,0,0,0,0
00836498.png,10,0,0,0,0,0,0,0,0,0,0,0,0,0,0,0,0,0,0,1,0
00836500.png,10,0,0,0,0,0,0,0,0,0,0,0,0,0,0,0,0,0,0,1,0
00836721.png,5,0,0,0,0,1,0,0,0,0,0,0,0,0,0,0,0,0,0,0,1
00836726.png,5,0,0,0,0,1,0,0,0,0,0,0,0,0,0,0,0,0,0,0,1
00836727.png,5,1,0,0,0,1,0,0,0,0,0,0,0,0,0,0,0,0,1,0,1
00836880.png,5,1,0,0,0,0,0,0,0,0,0,0,0,0,0,0,0,0,0,0,0
00837253.png,0,0,0,1,0,0,1,0,0,0,1,0,0,0,0,0,0,0,0,0,1
00837258.png,0,0,0,1,0,0,1,0,0,0,0,0,0,1,0,0,0,0,0,0,1
00837487.png,0,1,0,0,0,0,0,0,0,0,0,0,0,0,0,0,0,0,0,0,0
00837510.png,10,0,0,1,0,0,0,0,0,1,0,1,0,0,0,0,0,0,0,0,1
00837520.png,10,1,0,0,0,0,0,0,0,0,0,0,0,0,0,0,0,0,0,0,0
00837538.png,10,0,0,0,0,0,0,0,0,0,0,0,0,0,0,0,0,0,0,1,0
00837690.png,10,0,0,0,0,0,0,0,0,0,0,0,0,0,0,0,0,0,0,1,0
00837715.png,10,0,0,0,0,0,0,0,0,0,0,0,0,0,0,0,0,0,0,1,0
00838183.png,0,0,0,0,0,0,0,0,0,0,0,0,0,0,0,0,0,0,0,1,0
00838195.png,0,0,0,0,0,0,0,0,0,0,0,0,0,0,0,0,0,0,0,1,0
00838257.png,10,0,0,0,0,0,0,0,0,0,0,0,0,0,0,0,0,0,0,1,0
00838408.png,0,0,0,0,0,0,0,0,0,0,1,0,0,0,0,0,0,0,0,0,1
00838507.png,0,0,0,1,0,0,1,0,0,0,0,1,0,0,0,0,0,0,0,0,1
00838687.png,10,0,0,0,0,0,0,0,0,0,0,0,0,0,0,0,0,0,0,1,0
00838724.png,10,1,0,0,0,1,0,0,0,0,0,0,0,0,0,0,0,0,1,0,1
00838816.png,0,1,0,0,1,0,0,0,0,0,0,0,0,0,0,0,0,0,1,0,1
00839171.png,0,0,0,0,0,0,0,0,0,0,0,0,0,0,0,0,0,0,0,1,0
00839314.png,0,0,0,0,0,0,0,0,0,0,0,0,0,0,0,0,0,0,0,1,0
00839329.png,0,0,0,0,0,0,0,0,0,0,0,0,0,0,0,0,0,0,1,0,1
00839432.png,10,0,0,0,0,0,0,0,0,0,0,0,0,0,0,0,0,0,0,1,0
00839486.png,10,0,0,0,0,0,0,0,0,0,0,0,0,0,0,0,0,0,0,1,0
00839489.png,10,0,0,0,0,0,0,0,0,0,0,0,0,0,0,0,0,0,0,1,0
00839708.png,10,0,0,0,0,0,0,0,0,0,0,0,0,0,0,0,0,0,0,1,0
00839933.png,10,0,0,0,0,0,0,0,0,0,0,0,0,0,0,0,0,0,0,1,0
00840208.png,10,0,0,0,0,0,0,0,0,0,0,0,0,0,0,0,0,0,0,1,0
00840243.png,10,1,0,0,1,0,0,0,0,0,0,0,0,0,0,0,0,0,1,0,1
00840252.png,10,1,0,0,0,0,0,0,0,0,0,0,0,0,0,0,0,0,1,0,1
00840483.png,10,0,0,0,0,0,0,0,0,0,0,0,0,0,0,0,0,0,0,1,0
00840540.png,10,0,0,0,0,0,0,0,0,0,0,0,0,0,0,0,0,0,0,1,0
00840545.png,10,0,0,0,0,0,0,0,0,0,0,0,0,0,0,0,0,0,0,1,0
00840783.png,10,1,0,0,0,0,0,0,0,0,0,0,0,0,0,0,0,0,0,0,0
00840973.png,10,0,0,0,0,0,0,0,0,0,0,0,0,0,0,0,0,0,0,1,0
00841011.png,10,0,0,0,0,0,0,0,0,0,0,0,0,0,0,0,0,0,0,1,0
00841037.png,10,0,0,0,0,0,0,0,0,0,0,0,0,0,0,0,0,0,0,1,0
00841714.png,0,0,0,0,0,0,0,0,0,0,0,0,0,0,0,0,0,0,0,1,0
00842015.png,10,0,0,0,0,0,0,0,0,0,0,0,0,0,0,0,0,0,0,1,0
00842016.png,10,0,0,0,0,0,0,0,0,0,0,0,0,0,0,0,0,0,0,1,0
00842035.png,10,0,0,0,0,0,0,0,0,0,0,0,0,0,0,0,0,0,0,1,0
00842037.png,10,0,0,0,0,0,0,0,0,0,0,0,0,0,0,0,0,0,0,1,0
00842595.png,10,0,0,0,0,0,0,0,0,0,0,0,0,0,0,0,0,0,0,1,0
00842727.png,10,0,0,0,0,0,0,0,0,0,0,0,0,0,0,0,0,0,0,1,0
00842883.png,10,0,0,0,0,0,0,0,0,0,0,0,0,0,0,0,0,0,0,1,0
00842885.png,10,0,0,0,0,0,0,0,0,0,0,0,0,0,0,0,0,0,0,1,0
00842955.png,0,0,0,0,0,0,0,0,0,0,0,0,0,0,0,0,0,0,0,1,0
00843611.png,10,0,0,0,0,0,0,0,0,0,0,0,0,0,0,0,0,0,0,1,0
00843817.png,10,0,0,0,0,0,0,0,0,0,0,0,0,0,0,0,0,0,0,1,0
00843956.png,0,0,0,0,0,0,0,0,0,0,0,0,0,0,0,0,0,0,0,1,0
00843992.png,0,0,0,0,0,0,0,0,0,0,0,0,0,0,0,0,0,0,0,1,0
00844033.png,0,1,0,0,0,0,0,0,0,0,0,0,0,0,0,0,0,0,1,0,1
00844524.png,10,0,0,0,0,0,0,0,0,0,0,0,0,0,0,0,0,0,0,1,0
00844612.png,10,0,0,0,0,0,0,0,0,0,0,0,0,0,0,0,0,0,0,1,0
00844626.png,10,0,0,0,0,0,1,0,0,0,0,0,0,1,0,0,0,0,0,0,1
00844723.png,0,0,0,0,0,0,0,0,0,0,0,0,0,0,0,0,0,0,0,1,0
00844747.png,10,0,0,0,0,0,0,0,0,0,0,0,0,0,0,0,0,0,0,1,0
00844876.png,0,1,0,0,0,0,0,0,0,0,0,0,0,0,0,0,0,0,0,0,0
00845237.png,0,0,0,0,0,0,0,0,0,0,0,0,0,0,0,0,0,0,0,1,0
00845864.png,0,0,0,0,0,0,0,0,0,0,0,0,0,0,0,0,0,0,0,1,0
00846000.png,40,1,0,0,0,0,0,0,0,0,0,0,0,0,0,0,0,0,0,0,0
00846206.png,0,1,0,0,0,0,0,0,0,0,0,0,0,0,0,0,0,0,0,0,0
00846224.png,0,0,0,0,0,0,0,0,0,0,0,0,0,0,0,0,0,0,0,1,0
00846564.png,0,0,0,0,0,0,0,0,0,0,0,0,0,0,0,0,0,0,0,1,0
00846846.png,0,0,0,0,0,0,0,0,0,0,0,0,0,0,0,0,0,0,0,1,0
00846970.png,0,0,0,0,0,0,0,0,0,0,0,0,0,0,0,0,0,0,0,1,0
00847015.png,0,0,0,0,0,0,0,0,0,0,0,0,0,0,0,0,0,0,0,1,0
00847155.png,0,0,0,0,0,0,0,0,0,0,0,0,0,0,0,0,0,0,0,1,0
00847158.png,0,0,0,0,0,0,0,0,0,0,0,0,0,0,0,0,0,0,0,1,0
00847257.png,0,1,0,0,0,0,0,0,0,0,0,0,0,0,0,0,0,0,0,0,0
00847265.png,0,0,0,0,0,0,0,0,0,0,0,0,0,0,0,0,0,0,0,1,0
00847274.png,0,0,0,0,0,0,0,0,0,0,0,0,0,0,0,0,0,0,0,1,0
00847289.png,10,0,0,0,0,0,0,0,0,0,0,0,0,0,0,1,0,0,0,0,1
00847508.png,0,0,0,0,0,0,0,0,0,0,0,0,0,0,0,0,0,0,0,1,0
00847626.png,0,0,0,0,0,0,0,0,0,0,0,0,0,1,0,0,0,0,0,0,1
00847703.png,0,1,0,0,0,0,0,0,0,0,0,0,0,0,0,0,0,0,1,0,1
00847738.png,0,0,0,0,0,0,0,0,0,0,0,0,0,0,0,0,0,0,0,1,0
00847952.png,0,0,0,0,0,0,0,0,0,0,0,0,0,0,0,0,0,0,0,1,0
00847970.png,0,0,0,0,0,0,0,0,0,0,0,0,0,0,0,0,0,0,0,1,0
00848135.png,10,0,0,0,0,0,0,0,0,0,0,0,0,0,0,0,0,0,0,1,0
00848206.png,0,0,0,0,0,0,0,0,0,0,0,0,0,0,0,0,0,0,0,1,0
00848316.png,0,0,0,0,0,0,0,0,0,0,0,0,0,0,0,0,0,0,0,1,0
00848327.png,0,0,0,0,0,0,0,0,0,0,0,0,0,0,0,0,0,0,0,1,0
00848401.png,0,0,0,0,0,0,0,0,0,0,0,0,0,0,0,0,0,0,0,1,0
00848587.png,0,0,0,0,0,0,0,0,0,0,0,0,0,0,0,0,0,0,0,1,0
00848718.png,0,0,0,0,0,0,0,0,0,0,0,0,0,0,0,0,0,0,0,1,0
00848975.png,0,0,0,0,0,0,0,0,0,0,0,0,0,0,0,0,0,0,0,1,0
00849058.png,0,0,0,0,0,0,0,0,0,0,0,0,0,0,0,0,0,0,0,1,0
00849405.png,0,0,0,0,0,0,0,0,0,0,0,0,0,0,0,0,0,0,0,1,0
00849459.png,0,0,0,0,0,0,0,0,0,0,0,0,0,0,0,0,0,0,0,1,0
00849605.png,0,0,0,0,0,0,0,0,0,0,0,0,0,0,0,0,0,0,0,1,0
00850033.png,0,0,0,0,0,0,0,0,0,0,0,0,0,0,0,0,0,0,0,1,0
00850116.png,0,0,0,0,0,0,0,0,0,0,0,0,0,0,0,0,0,0,0,1,0
00850118.png,0,0,0,0,0,0,0,0,0,0,0,0,0,0,0,0,0,0,0,1,0
00850207.png,0,0,0,0,0,0,0,0,0,0,0,0,0,0,0,0,0,0,0,1,0
00850386.png,0,0,0,0,0,0,0,0,0,0,0,0,0,0,0,0,0,0,1,0,1
00850403.png,10,0,0,0,0,0,0,0,0,0,0,0,0,0,0,0,0,0,0,1,0
00850614.png,0,0,0,0,0,0,0,0,0,0,0,0,0,0,0,0,0,0,0,1,0
00850782.png,0,0,0,0,0,0,0,0,0,0,0,0,0,0,0,0,0,0,0,1,0
00850953.png,0,0,0,0,0,0,0,0,0,0,0,0,0,0,0,0,0,0,0,1,0
00851016.png,0,0,0,0,0,0,0,0,0,0,0,0,0,0,0,0,0,0,0,1,0
00851076.png,0,0,0,0,0,0,0,0,0,0,0,0,0,0,0,0,0,0,0,1,0
00851137.png,0,0,0,0,0,0,0,0,0,0,0,0,0,1,0,0,0,0,0,0,1
00851166.png,0,0,0,0,0,0,0,0,0,0,0,0,0,0,0,0,0,0,0,1,0
00851210.png,0,0,0,0,0,0,0,0,0,0,0,0,0,0,0,0,0,0,0,1,0
00851427.png,0,0,0,0,0,0,0,0,0,0,0,0,0,0,0,0,0,0,0,1,0
00851562.png,0,1,0,0,0,0,0,0,0,0,1,0,0,0,0,0,0,0,0,0,1
00851632.png,0,0,0,0,0,0,0,0,0,0,0,0,0,0,0,0,0,0,0,1,0
00851710.png,0,0,0,0,0,0,0,0,0,0,0,0,0,0,0,0,0,0,0,1,0
00851711.png,0,0,0,0,0,0,0,0,0,0,0,0,0,0,0,0,0,0,0,1,0
00851944.png,0,0,0,0,0,0,0,0,0,0,0,0,0,0,0,0,0,0,0,1,0
00851945.png,0,0,0,0,0,0,0,0,0,0,0,0,0,0,0,0,0,0,0,1,0
00852087.png,0,0,0,0,0,0,0,0,0,0,0,0,0,0,0,0,0,0,1,0,1
00852138.png,0,1,0,0,0,0,0,0,0,0,0,0,0,0,0,0,0,0,0,0,0
00852183.png,0,0,0,0,0,0,0,0,0,0,0,0,0,0,0,0,0,0,0,1,0
00852186.png,0,0,0,0,0,0,0,0,0,0,0,0,0,0,0,0,0,0,0,1,0
00852275.png,0,0,0,0,0,0,0,0,0,0,0,0,0,1,0,0,0,0,0,0,1
00852297.png,0,1,0,0,0,0,0,0,0,0,0,0,0,0,0,0,0,0,0,0,0
00852299.png,0,1,0,0,0,0,0,0,0,0,0,0,0,0,0,0,0,0,1,0,1
00852379.png,10,0,0,0,0,0,0,0,0,0,0,0,0,0,0,0,0,0,0,1,0
00852474.png,0,0,0,0,0,0,0,0,0,0,0,0,0,0,0,0,0,0,0,1,0
00852721.png,0,0,0,0,0,0,0,0,0,0,0,0,0,0,0,0,0,0,0,1,0
00852739.png,0,0,0,0,0,0,0,0,0,0,0,0,0,0,0,0,0,0,0,1,0
00852769.png,0,0,0,0,0,0,0,0,0,0,0,0,0,0,0,0,0,0,0,1,0
00852953.png,0,0,0,0,0,0,0,0,0,0,0,0,0,0,0,0,0,0,0,1,0
00853005.png,0,0,0,0,0,0,0,0,0,0,0,0,0,0,0,0,0,0,0,1,0
00853115.png,0,0,0,0,0,0,0,0,0,0,0,0,0,0,0,0,0,0,0,1,0
00853172.png,0,0,0,0,0,0,0,0,0,0,0,0,0,0,0,0,0,0,0,1,0
00853248.png,10,0,0,0,0,0,0,0,0,0,0,0,0,0,0,0,0,0,0,1,0
00853274.png,10,0,0,0,0,0,0,0,0,0,0,0,0,0,0,0,0,0,0,1,0
00853477.png,0,0,0,0,0,0,0,0,0,0,0,0,0,0,0,0,0,0,0,1,0
00853480.png,0,0,0,0,0,0,0,0,0,0,0,0,0,0,0,0,0,0,0,1,0
00853576.png,0,0,0,0,0,0,0,0,0,0,0,0,0,0,0,0,0,0,0,1,0
00853759.png,0,0,0,0,0,0,0,0,0,0,0,0,0,0,0,0,0,0,0,1,0
00853779.png,5,0,0,0,0,0,0,0,0,0,0,0,0,0,0,0,0,0,0,1,0
00853838.png,0,1,0,0,0,0,0,0,0,0,0,0,0,0,0,0,0,0,1,0,1
00853959.png,0,1,0,0,0,0,0,0,0,0,0,0,0,0,0,0,0,0,0,0,0
00854092.png,5,0,0,0,0,0,0,0,0,0,0,0,0,0,0,0,0,0,0,1,0
00854096.png,5,0,0,0,0,0,0,0,0,0,0,0,0,0,0,0,0,0,0,1,0
00854166.png,0,1,0,0,0,0,0,0,0,0,0,0,0,0,0,0,0,0,0,0,0
00854183.png,0,1,0,0,0,0,0,0,0,0,0,0,0,0,0,0,0,0,0,0,0
00854184.png,0,0,0,0,1,0,0,0,0,0,0,0,1,0,0,0,0,0,0,0,1
00854215.png,0,0,0,0,0,0,0,0,0,0,0,0,0,0,0,0,0,0,0,1,0
00854220.png,0,0,0,0,0,0,0,0,0,0,0,0,0,0,0,0,0,0,0,1,0
00854484.png,0,0,0,0,0,0,0,0,0,0,0,0,0,0,0,0,0,0,0,1,0
00854552.png,0,0,0,0,0,0,0,0,0,0,0,0,0,0,0,0,0,0,0,1,0
00854766.png,0,0,0,0,0,0,0,0,0,0,0,0,0,0,0,0,0,0,0,1,0
00854842.png,0,0,0,0,0,0,0,0,0,0,0,0,0,0,0,0,0,0,0,1,0
00854915.png,0,0,0,0,0,0,0,0,0,0,0,0,0,0,0,0,0,0,0,1,0
00855179.png,0,0,0,0,0,0,0,0,0,0,0,0,0,0,0,0,0,0,0,1,0
00855322.png,0,0,0,0,0,0,0,0,0,0,0,0,0,0,0,0,0,0,0,1,0
00855336.png,0,0,0,0,0,0,0,0,0,0,0,0,0,0,0,0,0,0,0,1,0
00855492.png,10,1,0,0,0,0,0,0,0,0,0,0,0,0,0,0,0,0,0,0,0
00855561.png,10,0,0,0,0,0,0,0,0,0,0,0,0,0,0,0,0,0,0,1,0
00855870.png,10,0,0,0,0,0,0,0,0,0,0,0,0,0,0,0,0,0,0,1,0
00856013.png,10,1,0,0,0,0,0,0,0,0,0,0,0,0,0,0,0,0,1,0,1
00856128.png,10,0,0,0,0,0,0,0,0,0,0,0,0,0,0,0,0,0,0,1,0
00856165.png,10,1,0,0,1,0,0,0,0,0,0,0,0,0,0,0,0,0,1,0,1
00856204.png,10,0,0,0,0,0,0,0,0,0,0,0,0,0,0,0,0,0,0,1,0
00856232.png,10,0,0,0,0,0,0,0,0,0,0,0,0,0,0,0,0,0,0,1,0
00856334.png,10,1,0,0,1,0,0,0,0,0,0,0,0,0,0,0,0,0,1,0,1
00856363.png,0,0,0,0,0,0,0,0,0,0,0,0,0,0,0,0,0,0,0,1,0
00856431.png,10,0,0,0,0,0,0,0,0,0,0,0,0,0,0,0,0,1,0,0,1
00856721.png,10,0,0,0,0,0,0,0,0,0,0,0,0,0,0,0,0,1,0,0,1
00856973.png,10,0,0,0,0,0,0,0,0,0,0,0,0,0,0,0,0,0,0,1,0
00857099.png,10,0,0,0,0,0,0,0,0,0,0,0,0,0,0,0,0,0,0,1,0
00857116.png,10,0,0,0,0,0,0,0,0,0,0,0,0,0,0,0,0,0,0,1,0
00857146.png,10,0,0,0,0,0,0,0,0,0,0,0,0,0,0,0,0,0,0,1,0
00857262.png,10,0,0,0,0,0,0,0,0,0,0,0,0,0,0,0,0,0,0,1,0
00857373.png,10,0,0,0,0,0,0,0,0,0,0,0,0,0,0,0,0,0,0,1,0
00857475.png,10,0,0,0,0,0,0,0,0,0,0,0,0,0,0,0,0,0,0,1,0
00857497.png,10,0,0,0,0,0,0,0,0,0,0,0,0,0,0,0,0,0,0,1,0
00857559.png,10,0,0,0,0,0,0,0,0,0,0,0,0,0,0,0,0,0,0,1,0
00857700.png,10,0,0,0,0,0,0,0,0,0,0,0,0,0,0,0,0,0,0,1,0
00857760.png,10,0,0,0,0,0,0,0,0,0,0,0,0,0,0,0,0,0,0,1,0
00858123.png,10,0,0,0,0,0,0,0,0,0,0,0,0,0,0,0,0,0,0,1,0
00858240.png,10,1,0,0,0,0,0,0,0,0,0,0,0,0,0,0,0,0,0,0,0
00858248.png,10,0,0,0,0,0,0,0,0,0,0,0,0,0,0,0,0,0,0,1,0
00858302.png,10,0,0,0,0,0,0,0,0,0,0,0,0,0,0,0,0,0,0,1,0
00858536.png,10,0,0,0,0,0,0,0,0,0,0,0,0,0,0,0,0,0,0,1,0
00858636.png,10,0,0,0,0,0,0,0,0,0,0,0,0,0,0,0,0,0,0,1,0
00858754.png,10,1,0,0,0,0,0,0,0,0,0,0,0,0,0,0,0,0,0,0,0
00858758.png,10,1,0,0,0,0,0,0,0,0,0,0,0,0,0,0,0,0,0,0,0
00858969.png,0,0,0,0,0,0,0,0,0,0,0,0,0,0,0,0,0,0,0,1,0
00858983.png,0,0,0,0,0,0,0,0,0,0,0,0,0,0,0,0,0,0,0,1,0
00858998.png,0,0,0,0,0,0,0,0,0,0,0,0,0,0,0,0,0,0,0,1,0
00859191.png,0,0,0,0,0,0,0,0,0,0,0,0,0,0,0,0,0,0,0,1,0
00859294.png,0,0,0,0,0,0,0,0,0,0,0,0,0,0,0,0,0,0,1,0,1
00859442.png,0,0,0,1,0,0,1,0,0,0,0,0,0,0,0,0,0,0,0,0,1
00859504.png,10,0,0,0,0,0,0,0,0,0,0,0,0,0,0,0,0,0,0,1,0
00859695.png,0,0,0,0,0,0,0,0,0,0,0,0,0,1,0,0,0,0,0,0,1
00860336.png,0,0,0,0,0,0,0,0,0,0,0,0,0,0,0,0,0,0,0,1,0
00860385.png,0,0,0,0,0,0,0,0,0,0,0,0,0,0,0,0,0,0,0,1,0
00860679.png,10,0,0,0,0,0,0,0,0,0,0,0,0,0,0,0,0,0,0,1,0
00860687.png,10,0,0,0,0,0,0,0,0,0,0,0,0,0,0,0,0,0,0,1,0
00861009.png,0,1,0,0,0,0,0,0,0,0,0,0,0,0,0,0,0,0,1,0,1
00861098.png,0,0,0,0,0,0,0,0,0,0,0,0,0,0,0,0,0,0,0,1,0
00861150.png,0,0,0,0,0,0,0,0,0,0,0,0,0,0,0,0,0,0,0,1,0
00861252.png,10,0,0,0,0,0,0,0,0,0,0,0,0,0,0,0,0,0,0,1,0
00861323.png,10,0,0,0,0,0,0,0,0,0,0,0,0,0,0,0,0,0,0,1,0
00861706.png,0,0,0,0,0,0,0,0,0,0,0,0,0,0,0,0,0,0,0,1,0
00862017.png,10,0,0,0,0,0,0,0,0,0,0,0,0,0,0,0,0,0,0,1,0
00862018.png,10,0,0,0,0,0,0,0,0,0,0,0,0,0,0,0,0,0,0,1,0
00862218.png,10,0,0,0,0,0,0,0,0,0,0,0,0,0,0,0,0,0,0,1,0
00862268.png,10,0,0,0,0,0,0,0,0,0,0,0,0,0,0,0,0,0,0,1,0
00862286.png,30,1,0,0,0,0,0,0,0,0,0,0,0,0,0,0,0,0,0,0,0
00862305.png,10,0,0,0,0,0,0,0,0,0,0,0,0,0,0,0,0,0,0,1,0
00862372.png,10,0,0,0,0,0,0,0,0,0,0,0,0,0,0,0,0,0,0,1,0
00862427.png,20,0,0,0,0,0,0,0,0,0,0,0,0,0,0,0,0,0,0,1,0
00862430.png,20,0,0,0,0,0,0,0,0,0,0,0,0,0,0,0,0,0,0,1,0
00862457.png,20,0,0,0,0,0,0,0,0,0,0,0,0,0,0,0,0,0,0,1,0
00862652.png,0,0,0,0,0,0,0,0,0,0,0,0,0,0,0,0,0,0,0,1,0
00862706.png,0,1,0,0,0,0,1,0,0,0,0,0,0,0,0,0,0,0,0,0,1
00863072.png,10,1,0,0,0,0,0,0,0,1,0,1,0,0,0,0,0,0,0,0,1
00863124.png,10,0,0,0,0,0,0,0,0,0,0,0,0,0,0,0,0,0,0,1,0
00863142.png,0,0,0,0,0,0,1,0,0,0,0,0,0,0,0,0,0,0,1,0,1
00863210.png,0,1,0,0,0,0,0,0,0,0,0,0,0,0,0,0,0,0,0,0,0
00863286.png,0,1,0,0,1,0,0,0,0,0,0,0,0,0,0,0,0,0,0,0,1
00863393.png,0,0,0,0,0,0,0,0,0,0,0,0,0,0,0,0,0,0,0,1,0
00863480.png,10,0,0,0,0,0,0,0,0,0,0,0,0,0,0,0,0,0,0,1,0
00863740.png,0,0,0,0,0,0,0,0,0,0,0,0,0,0,0,0,0,0,0,1,0
00863787.png,0,0,0,0,0,0,0,0,0,0,0,0,0,0,0,0,0,0,0,1,0
00863873.png,10,0,0,0,0,0,0,0,0,0,0,0,0,0,0,0,0,0,0,1,0
00863900.png,0,1,0,0,0,0,0,0,0,0,0,0,0,0,0,0,0,0,1,0,1
00864049.png,0,1,0,1,0,0,1,0,0,0,1,0,0,1,0,0,0,0,1,0,1
00864322.png,0,0,0,0,0,0,1,0,0,0,0,0,0,0,0,0,0,0,1,0,1
00864387.png,0,0,0,0,0,0,0,0,0,0,0,0,0,0,0,0,0,0,0,1,0
00864432.png,0,1,0,0,0,0,0,0,0,0,0,0,0,0,0,0,0,0,0,0,0
00864607.png,10,0,1,0,0,0,0,0,0,0,0,0,0,0,0,0,0,0,0,0,1
00864628.png,0,0,0,0,0,0,0,0,0,0,0,0,0,0,0,0,0,0,0,1,0
00864648.png,0,1,0,0,0,0,1,0,0,0,0,0,0,0,0,0,0,0,0,0,1
00864658.png,0,0,0,0,0,0,0,0,0,0,0,0,0,0,0,0,0,0,0,1,0
00864913.png,0,1,0,0,0,0,0,0,0,0,0,0,0,0,0,0,0,0,1,0,1
00865032.png,0,1,0,1,0,0,1,0,0,0,0,0,0,0,0,0,0,0,1,0,1
00865065.png,5,1,0,0,0,0,0,0,0,0,0,0,0,0,0,0,0,0,0,0,0
00865113.png,0,0,0,0,0,0,1,0,0,0,0,0,0,0,0,0,0,0,1,0,1
00865449.png,0,0,0,0,0,0,0,0,0,0,0,0,0,0,0,0,0,0,0,1,0
00865696.png,0,1,0,0,0,0,0,0,0,0,0,0,0,0,0,0,0,1,0,0,1
00865725.png,0,1,0,0,0,0,0,0,0,0,0,0,0,0,0,0,0,0,1,0,1
00865786.png,0,1,0,0,0,0,1,0,0,0,0,0,0,0,0,0,0,0,1,0,1
00865913.png,0,1,0,0,0,0,1,0,1,0,0,0,0,0,0,0,0,0,1,0,1
00866207.png,0,1,0,0,0,0,1,0,0,0,0,0,0,0,0,0,0,0,1,0,1
00866221.png,0,1,0,0,0,0,0,0,0,0,0,0,0,0,0,0,0,0,0,0,0
00866358.png,0,1,0,1,0,0,0,0,0,0,0,0,0,0,0,0,0,0,0,0,1
00866507.png,5,0,0,1,0,0,0,0,0,0,1,0,0,0,0,0,0,0,0,0,1
00866690.png,0,1,0,0,0,0,0,0,0,0,0,0,0,0,0,0,0,0,1,0,1
00866709.png,10,0,0,0,0,0,0,0,0,0,0,0,0,0,0,0,0,0,0,1,0
00866818.png,0,1,0,0,0,0,0,0,0,0,1,0,0,0,0,0,0,0,1,0,1
00867100.png,5,0,0,0,0,0,0,0,0,0,0,0,0,0,0,0,1,0,0,0,1
00867112.png,5,0,0,0,0,0,0,0,0,0,0,0,0,0,0,0,0,0,0,1,0
00867289.png,10,1,0,0,0,0,1,0,0,0,0,0,0,0,0,0,0,0,0,0,1
00867413.png,0,0,0,0,0,0,0,0,0,0,0,0,0,0,0,0,0,0,0,1,0
00867648.png,2,1,0,0,0,0,0,0,0,0,0,0,0,0,0,0,0,0,0,0,0
00867907.png,0,0,0,0,0,0,1,0,0,0,1,0,0,0,0,0,0,0,0,0,1
00868250.png,0,0,0,0,0,0,0,0,0,0,0,0,0,0,0,0,0,0,0,1,0
00868363.png,10,1,0,0,0,0,0,0,0,0,0,0,0,0,0,0,0,0,0,0,0
00868381.png,0,1,0,0,0,0,0,0,0,0,1,0,0,0,0,0,0,0,0,0,1
00868719.png,0,1,0,0,0,0,1,0,0,0,0,0,0,1,0,0,0,0,1,0,1
00868763.png,5,0,0,0,0,0,0,0,0,0,0,0,0,0,0,0,0,0,0,1,0
00868905.png,0,0,0,0,0,0,0,0,0,0,0,0,0,0,0,0,0,0,0,1,0
00869106.png,10,0,0,0,0,0,0,0,0,0,0,0,0,0,0,0,0,0,0,1,0
00869279.png,0,1,0,0,0,0,0,0,0,0,0,0,0,0,0,0,0,0,1,0,1
00869313.png,10,0,0,0,0,0,0,0,0,0,0,0,0,0,0,0,0,0,0,1,0
00869349.png,10,0,0,0,0,0,0,0,0,0,0,0,0,0,0,0,0,0,0,1,0
00869564.png,0,0,0,0,0,0,0,0,0,0,0,0,0,0,0,0,0,0,0,1,0
00869760.png,0,1,0,0,0,0,0,0,0,0,0,0,0,0,0,0,0,0,1,0,1
00869975.png,10,0,0,0,0,0,0,0,0,0,0,0,0,0,0,0,0,0,0,1,0
00869980.png,0,0,0,0,0,0,1,0,0,0,0,0,0,0,0,0,0,0,0,0,1
00870108.png,30,0,1,1,0,0,1,0,0,0,0,0,0,0,1,0,0,0,0,0,1
00870137.png,10,0,0,0,0,0,0,0,0,0,0,0,0,0,0,0,0,0,0,1,0
00870352.png,0,0,1,0,0,0,1,0,0,0,0,0,0,0,0,0,0,0,0,0,1
00870397.png,0,0,0,0,0,0,1,0,0,0,0,0,0,1,0,0,0,0,1,0,1
00870485.png,0,1,0,0,0,0,1,0,0,0,0,0,0,0,0,0,0,0,1,0,1
00870715.png,10,0,0,0,0,0,0,0,0,0,0,0,0,0,0,0,0,0,0,1,0
00870743.png,0,0,0,0,0,0,1,0,0,0,0,0,0,1,0,0,0,0,0,0,1
00870966.png,0,0,0,0,0,0,0,0,0,0,0,0,0,0,0,0,0,0,0,1,0
00870987.png,0,1,0,0,1,0,0,0,0,0,0,0,0,0,0,0,0,0,1,0,1
00871024.png,0,1,0,0,0,0,1,0,0,0,0,0,0,0,0,0,0,0,1,0,1
00871072.png,0,0,0,0,0,0,0,0,0,0,0,0,0,0,0,0,0,0,0,1,0
00871266.png,0,1,1,0,0,0,1,0,0,0,1,0,0,0,0,0,0,0,0,0,1
00871453.png,0,0,0,0,0,0,1,0,0,0,0,0,0,0,0,0,0,0,1,0,1
00871534.png,10,0,1,1,0,0,1,0,0,0,0,1,0,0,0,0,0,0,0,0,1
00872019.png,5,0,0,0,0,0,0,0,0,0,0,0,0,0,0,0,0,0,0,1,0
00872093.png,20,0,1,0,0,0,0,0,0,0,0,0,0,0,0,1,0,0,0,0,1
00872214.png,0,0,0,0,0,0,0,0,0,0,0,0,0,0,0,0,0,0,0,1,0
00872303.png,0,1,0,0,0,0,0,0,0,0,0,0,0,0,0,0,0,0,1,0,1
00872416.png,0,0,0,0,0,0,0,0,0,0,0,0,0,0,0,0,0,0,0,1,0
00872445.png,0,1,0,0,0,0,0,0,0,0,0,0,0,0,0,0,0,0,1,0,1
00872481.png,10,0,0,0,0,0,0,0,0,0,0,0,0,0,0,0,0,0,0,1,0
00872528.png,0,1,0,0,0,0,0,0,0,0,0,0,0,0,0,0,0,0,1,0,1
00872581.png,10,0,0,0,0,0,1,0,0,0,0,1,0,0,0,0,0,0,0,0,1
00872629.png,0,1,0,0,0,0,1,0,0,0,1,0,0,0,0,0,0,0,0,0,1
00872674.png,10,0,0,0,0,0,0,0,0,0,0,0,0,0,0,0,0,0,0,1,0
00872682.png,10,0,0,0,0,0,0,0,0,0,0,0,0,0,0,0,0,0,0,1,0
00872826.png,0,1,0,0,0,0,0,1,0,0,1,0,0,0,0,0,0,0,1,0,1
00873028.png,0,1,0,0,0,0,0,0,0,0,0,0,0,0,0,0,0,0,1,0,1
00873172.png,5,0,0,0,0,0,0,0,0,0,0,1,0,0,0,0,0,0,0,0,1
00873270.png,5,0,0,0,0,1,0,0,0,0,0,0,0,0,0,0,0,0,0,0,1
00873410.png,0,1,0,0,0,0,0,0,0,0,1,0,0,0,0,0,0,0,1,0,1
00873475.png,0,0,0,0,0,0,1,0,0,0,0,0,0,0,0,0,0,0,1,0,1
00873584.png,0,0,1,0,0,0,1,0,0,0,1,0,0,1,0,0,0,0,1,0,1
00873680.png,10,0,0,0,0,0,0,0,0,0,0,0,0,0,0,0,0,0,0,1,0
00873702.png,0,1,0,0,0,0,0,0,0,0,0,0,0,0,0,0,0,0,1,0,1
00873717.png,0,1,0,0,0,0,1,0,0,0,1,0,0,0,0,0,0,0,0,0,1
00873830.png,10,0,0,0,0,0,0,0,0,0,0,0,0,0,0,0,0,0,0,1,0
00873915.png,0,0,0,0,0,0,0,0,0,0,0,0,0,0,0,0,0,0,0,1,0
00874766.png,0,1,0,0,0,0,0,0,0,0,0,0,0,0,0,0,0,0,1,0,1
00874777.png,10,0,0,0,0,0,1,0,0,0,0,1,0,0,0,0,0,0,0,0,1
00874872.png,10,0,0,0,0,0,0,0,0,0,0,0,0,0,0,0,0,0,0,1,0
00875146.png,10,0,0,0,0,0,0,0,0,0,0,0,0,0,0,0,1,0,0,0,1
00875251.png,10,0,0,0,0,0,0,0,0,0,0,0,0,0,0,0,0,0,0,1,0
00875268.png,40,0,0,0,0,0,0,0,0,0,0,0,0,0,0,0,0,0,0,1,0
00875489.png,10,0,0,0,0,0,0,0,0,0,0,0,0,0,0,0,0,0,0,1,0
00875523.png,2,1,0,0,0,0,0,0,0,0,0,0,0,0,0,0,0,0,1,0,1
00875585.png,5,0,0,0,0,0,0,0,0,0,0,0,0,0,0,0,0,0,0,1,0
00875687.png,0,0,0,0,0,0,1,0,0,0,0,0,0,0,0,0,0,0,1,0,1
00875793.png,0,1,0,0,0,0,1,0,0,0,0,0,0,0,0,0,0,0,1,0,1
00875953.png,10,0,0,0,0,0,0,0,0,0,0,0,0,0,0,0,0,0,0,1,0
00876234.png,0,0,0,0,0,0,0,0,0,0,0,0,0,0,0,0,0,0,0,1,0
00876260.png,0,0,0,0,0,0,0,0,0,0,0,0,0,0,0,0,0,0,0,1,0
00876261.png,0,0,0,0,0,0,0,0,0,0,0,0,0,0,0,0,0,0,0,1,0
00876320.png,0,0,0,0,0,0,0,0,0,0,0,0,0,0,0,0,0,0,1,0,1
00876477.png,10,0,0,0,0,0,0,0,0,0,0,0,0,0,0,0,0,0,0,1,0
00876502.png,0,1,0,0,0,0,0,0,0,0,0,0,0,0,0,0,0,0,1,0,1
00876583.png,0,0,0,0,0,0,0,0,0,0,0,0,0,0,0,0,0,0,1,0,1
00876666.png,0,0,0,0,0,0,1,0,0,0,1,0,0,0,0,0,0,0,1,0,1
00876933.png,30,1,0,0,0,0,0,0,0,0,0,0,0,0,0,0,0,0,0,0,0
00877095.png,5,0,0,0,0,1,0,0,0,0,0,0,0,0,0,0,0,0,0,0,1
00877105.png,5,0,0,0,0,0,0,0,0,0,0,0,0,0,0,0,0,0,0,1,0
00877135.png,5,0,0,0,0,0,0,0,0,0,0,0,0,0,0,1,0,0,1,0,1
00877181.png,5,0,0,0,0,0,1,0,0,0,1,0,0,0,0,0,0,0,0,0,1
00877426.png,5,0,0,0,0,0,0,0,0,0,0,0,0,0,0,0,0,0,0,1,0
00877483.png,5,0,0,0,0,0,1,0,0,0,0,0,0,0,0,0,0,0,1,0,1
00877638.png,0,0,0,0,0,0,0,0,0,0,0,0,0,0,0,0,0,0,0,1,0
00877832.png,0,1,0,0,0,0,0,0,0,0,0,0,0,0,0,0,0,0,1,0,1
00877881.png,2,0,0,0,0,0,0,0,0,0,0,0,0,0,0,0,0,0,0,1,0
00877903.png,2,0,0,0,0,0,0,0,0,0,0,0,0,0,0,0,0,0,0,1,0
00877904.png,2,0,0,0,0,0,0,0,0,0,0,0,0,0,0,0,0,0,0,1,0
00878105.png,10,1,0,0,0,0,0,0,0,0,0,0,0,1,0,0,0,0,0,0,1
00878147.png,0,0,0,0,1,0,0,0,0,0,1,0,0,0,0,0,0,0,1,0,1
00878300.png,10,0,0,0,0,0,0,0,0,0,0,0,0,1,0,0,0,0,0,0,1
00878779.png,20,0,0,0,0,0,0,0,0,0,0,0,0,0,0,0,0,0,0,1,0
00878785.png,20,0,0,0,0,0,0,0,0,0,0,0,0,0,0,0,0,0,0,1,0
00878919.png,30,0,0,0,0,0,0,0,0,0,0,0,0,0,0,0,0,0,0,1,0
00879025.png,0,0,0,0,0,0,0,0,0,0,0,0,0,0,0,1,0,0,0,0,1
00879027.png,0,0,0,0,0,0,0,0,0,0,0,0,0,0,0,0,0,0,0,1,0
00879266.png,10,0,0,0,0,0,0,0,0,0,0,0,0,0,0,0,0,0,0,1,0
00879273.png,10,0,0,0,0,0,0,0,0,0,0,0,0,0,0,0,0,0,0,1,0
00879420.png,20,1,0,0,0,0,0,0,0,0,0,0,0,0,0,0,0,0,1,0,1
00879451.png,0,0,0,0,0,0,0,0,0,0,0,0,0,0,0,0,0,0,0,1,0
00879467.png,10,0,0,0,0,0,0,0,0,0,0,0,0,0,0,0,0,1,0,0,1
00879618.png,0,1,0,0,0,0,0,0,0,0,0,0,0,0,0,0,0,0,0,0,0
00879634.png,0,1,0,0,0,0,0,0,0,0,0,0,0,0,0,0,0,0,0,0,0
00879758.png,10,0,0,0,0,0,0,0,0,0,0,0,0,0,0,0,0,0,0,1,0
00880000.png,10,0,0,0,0,0,0,0,0,0,0,0,0,0,0,0,0,0,0,1,0
00880008.png,10,0,0,0,0,0,0,0,0,0,0,0,0,0,0,0,0,0,0,1,0
00880106.png,10,0,0,0,0,0,0,0,0,0,0,0,0,0,0,0,0,0,0,1,0
00880197.png,0,0,0,0,0,0,0,0,0,0,0,0,0,0,0,0,0,0,1,0,1
00880375.png,0,0,0,0,0,0,0,0,0,0,0,0,0,0,0,0,0,0,0,1,0
00880826.png,0,1,0,0,0,0,0,0,0,0,0,0,0,0,0,0,0,0,0,0,0
00881101.png,0,1,0,0,0,0,0,0,0,0,0,0,0,0,0,0,0,0,1,0,1
00881307.png,0,0,0,0,0,0,0,0,0,0,0,0,0,0,0,0,0,0,0,1,0
00881312.png,0,0,0,0,0,0,0,0,0,0,0,0,0,0,0,0,0,0,0,1,0
00881461.png,0,0,0,0,0,0,0,0,0,0,0,0,0,0,0,0,0,0,1,0,1
00881473.png,0,0,0,1,0,0,0,0,0,0,0,0,0,0,0,0,0,0,1,0,1
00881536.png,0,1,0,0,0,0,0,0,0,0,0,0,0,0,0,0,0,0,1,0,1
00881630.png,0,0,0,0,0,0,0,0,0,0,0,0,0,0,0,0,0,0,1,0,1
00881643.png,5,1,0,0,0,0,0,0,0,0,0,0,0,0,0,0,0,0,1,0,1
00881669.png,10,0,0,0,0,0,0,0,0,0,0,0,0,0,0,1,0,0,0,0,1
00881768.png,5,0,0,0,0,0,0,0,0,0,0,0,0,0,0,0,0,0,0,1,0
00881831.png,5,0,0,0,0,0,0,0,0,0,0,0,0,0,0,0,0,0,0,1,0
00881933.png,0,1,0,0,0,0,0,0,0,0,0,0,0,0,0,0,0,0,1,0,1
00881961.png,0,1,0,0,0,0,0,0,0,0,0,0,0,0,0,0,0,0,0,0,0
00882079.png,0,1,0,0,0,0,1,0,0,0,0,0,0,0,0,0,0,0,1,0,1
00882223.png,10,0,0,0,0,0,0,0,0,0,0,0,0,0,0,0,0,0,0,1,0
00882296.png,10,1,0,0,0,0,0,0,0,0,0,0,0,0,0,0,1,0,0,0,1
00882375.png,10,1,0,0,0,0,0,0,0,0,0,0,0,0,0,0,0,0,0,0,0
00882554.png,5,0,0,0,0,0,0,0,0,0,0,0,0,0,0,0,0,0,0,1,0
00882672.png,2,1,0,0,0,0,0,0,0,0,0,0,0,1,0,0,0,0,0,0,1
00882861.png,0,1,0,0,0,0,0,0,0,0,0,0,0,0,0,0,0,0,1,0,1
00883130.png,0,1,0,0,0,0,0,0,0,0,0,0,0,0,0,0,0,0,1,0,1
00883233.png,2,0,0,0,0,0,0,0,0,0,0,0,0,0,0,0,0,0,0,1,0
00883325.png,0,1,0,0,0,0,1,0,0,0,0,0,0,0,0,0,0,0,1,0,1
00883440.png,10,0,0,0,0,0,0,0,0,0,0,0,0,0,0,0,0,0,0,1,0
00883506.png,10,0,0,0,0,0,0,0,0,0,0,0,0,0,0,1,0,0,0,0,1
00883622.png,0,1,0,0,0,0,0,0,0,0,0,0,0,0,0,0,0,0,0,0,0
00883658.png,10,1,0,0,0,1,0,0,0,0,0,0,0,0,0,0,0,0,1,0,1
00883807.png,10,0,0,0,0,0,0,0,0,0,0,0,0,0,1,0,0,0,0,0,1
00883848.png,10,0,0,0,0,0,0,0,0,0,0,0,0,0,0,0,0,0,0,1,0
00884313.png,5,1,0,0,0,0,0,0,0,0,0,0,0,0,0,0,0,0,0,0,0
00884374.png,0,0,0,0,0,0,0,0,0,0,0,0,0,0,0,0,0,0,0,1,0
00884392.png,0,1,0,0,0,0,0,0,0,0,0,0,0,0,0,0,0,0,1,0,1
00884665.png,10,0,0,0,0,0,0,0,0,0,0,0,0,0,0,0,0,0,0,1,0
00884677.png,0,1,0,0,0,0,0,0,0,0,0,0,0,0,0,0,0,0,1,0,1
00884844.png,0,1,0,0,0,0,0,0,0,0,0,0,0,0,0,0,0,0,0,0,0
00885065.png,10,0,0,0,0,0,0,0,0,0,0,0,0,0,0,0,0,0,0,1,0
00885108.png,10,0,0,0,0,0,0,0,0,0,0,0,0,0,0,1,0,0,0,0,1
00885127.png,10,0,0,0,0,0,0,0,0,0,0,0,0,0,0,0,0,0,0,1,0
00885211.png,10,0,0,0,0,0,0,0,0,0,0,0,0,0,0,0,0,0,0,1,0
00885271.png,0,1,0,0,0,0,0,0,0,0,0,0,0,0,0,0,0,0,1,0,1
00885371.png,10,0,0,0,0,0,1,0,0,0,0,0,0,0,0,1,0,0,0,0,1
00885379.png,0,0,0,0,0,0,0,0,0,0,0,0,0,0,0,0,0,0,0,1,0
00885409.png,0,0,0,0,0,0,0,0,0,0,0,0,0,0,0,0,0,0,0,1,0
00885440.png,0,1,0,0,0,0,1,0,0,0,1,0,0,0,0,0,0,0,1,0,1
00885460.png,0,0,0,0,0,0,0,0,0,0,0,0,0,0,0,0,0,0,0,1,0
00885571.png,10,0,0,0,0,0,0,0,0,0,0,0,0,0,0,0,0,0,0,1,0
00885685.png,0,1,0,0,0,0,0,0,0,0,0,0,0,0,0,0,0,0,0,0,0
00885699.png,0,0,0,0,0,0,1,0,0,0,0,0,0,0,0,0,0,0,0,0,1
00886021.png,10,1,0,0,0,0,0,0,0,0,0,0,0,0,0,0,0,0,0,0,0
00886048.png,10,0,0,0,0,0,0,0,0,0,0,0,0,0,0,0,0,1,0,0,1
00886081.png,0,0,0,0,0,0,0,0,0,0,0,0,0,0,0,0,0,0,1,0,1
00886285.png,0,0,0,0,0,0,1,0,0,0,0,0,0,0,0,0,0,0,1,0,1
00886346.png,0,0,0,0,0,0,0,0,0,0,0,0,0,0,0,0,0,0,1,0,1
00886410.png,5,0,0,0,0,0,0,0,0,0,0,0,0,0,0,0,0,0,0,1,0
00886523.png,0,1,0,0,0,0,0,0,0,0,0,0,0,0,0,0,0,0,0,0,0
00886615.png,0,0,0,0,0,0,0,0,0,0,0,0,0,0,0,0,0,0,0,1,0
00886839.png,0,0,0,0,0,0,0,0,0,0,0,0,0,0,0,0,0,0,0,1,0
00887240.png,0,1,0,0,0,0,0,0,0,0,0,0,0,0,0,0,0,0,1,0,1
00887475.png,0,0,0,0,0,0,0,0,0,0,0,0,0,0,0,0,0,0,0,1,0
00887508.png,0,0,0,0,0,0,0,0,0,0,0,0,0,0,0,0,0,0,0,1,0
00887780.png,2,0,0,0,0,0,1,0,0,0,0,0,0,0,0,0,0,0,1,0,1
00887990.png,5,0,0,0,0,0,0,0,0,0,0,0,0,0,0,0,0,0,0,1,0
00888024.png,2,0,0,0,0,0,0,0,0,0,0,0,0,0,0,0,0,0,0,1,0
00888124.png,2,0,0,0,0,0,1,0,0,0,0,0,0,1,0,0,0,0,1,0,1
00888146.png,0,0,0,0,0,0,0,0,0,0,0,0,0,0,0,0,0,0,1,0,1
00888147.png,0,0,0,0,0,0,0,0,0,0,0,0,0,0,0,0,0,0,0,1,0
00888362.png,5,0,0,0,0,0,0,0,0,0,0,0,0,0,0,0,0,0,0,1,0
00888680.png,5,0,0,0,0,0,0,0,0,0,0,0,0,0,0,0,0,0,0,1,0
00888741.png,0,1,0,0,0,0,0,0,0,0,0,0,0,0,0,0,0,0,1,0,1
00888882.png,0,1,0,0,0,0,0,0,0,0,0,0,0,0,0,0,0,0,1,0,1
00888901.png,0,1,0,0,0,0,1,0,0,0,0,0,0,0,0,0,0,0,1,0,1
00888911.png,0,1,0,0,0,0,0,0,0,0,0,0,0,0,0,0,0,0,1,0,1
00888988.png,5,0,0,0,0,0,0,0,0,0,0,0,0,0,0,0,0,0,0,1,0
00889036.png,5,0,0,0,0,0,0,0,0,0,0,0,0,0,0,1,0,0,0,0,1
00889382.png,2,0,0,0,0,0,0,0,0,0,0,0,0,0,0,0,0,0,0,1,0
00889397.png,2,0,0,0,0,0,0,0,0,0,0,0,0,0,0,0,0,0,0,1,0
00889408.png,5,1,0,0,0,0,0,0,0,0,0,0,0,0,0,0,0,0,1,0,1
00889543.png,10,1,0,0,0,0,1,0,0,0,0,0,0,0,0,0,0,0,0,0,1
00889600.png,10,0,0,0,0,0,0,0,0,0,0,0,0,0,0,0,0,0,0,1,0
00889959.png,0,1,0,0,0,0,0,0,0,0,0,0,0,0,0,0,0,0,1,0,1
00890181.png,0,1,0,0,1,0,0,0,0,0,0,0,0,0,0,0,0,0,1,0,1
00890388.png,0,1,0,0,0,0,0,0,0,0,0,0,0,0,0,0,0,0,1,0,1
00890593.png,0,1,0,0,0,0,0,0,0,0,0,0,0,0,0,0,0,0,1,0,1
00891041.png,10,0,0,0,0,0,0,0,0,0,0,0,0,0,0,0,0,0,0,1,0
00891065.png,10,0,0,0,0,0,0,0,0,0,0,0,0,0,0,0,0,0,0,1,0
00891089.png,10,0,0,0,0,0,0,0,0,0,0,0,0,0,0,0,0,0,0,1,0
00891106.png,10,0,0,0,0,0,0,0,0,0,0,0,0,0,0,0,0,0,0,1,0
00891240.png,0,0,0,0,0,0,0,0,0,0,0,0,0,0,0,0,0,0,0,1,0
00891328.png,0,0,0,0,0,0,0,0,0,0,0,0,0,0,0,0,0,0,0,1,0
00891330.png,0,0,0,0,0,0,0,0,0,0,0,0,0,0,0,0,0,0,0,1,0
00891394.png,10,0,0,0,0,0,0,0,0,0,0,0,0,0,0,0,0,0,0,1,0
00891515.png,0,1,0,0,0,0,0,0,0,0,0,0,0,0,0,0,0,0,1,0,1
00891571.png,0,0,0,0,0,0,1,0,0,0,0,0,0,0,0,0,0,0,1,0,1
00891712.png,0,0,0,0,0,0,0,0,0,0,0,0,0,0,0,0,0,0,0,1,0
00891802.png,10,0,0,0,0,0,0,0,0,0,0,0,0,0,0,0,0,0,0,1,0
00891889.png,0,1,0,0,0,0,0,0,0,0,0,0,0,0,0,0,0,0,1,0,1
00891896.png,0,1,0,0,0,0,0,0,0,0,1,0,0,0,0,0,0,0,1,0,1
00891919.png,2,1,0,0,0,0,0,0,0,0,0,0,0,0,0,0,0,0,0,0,0
00891968.png,2,0,0,0,0,0,0,0,0,1,0,1,0,0,0,1,0,0,0,0,1
00891986.png,10,1,1,0,0,0,1,0,0,0,1,0,1,0,0,0,0,0,0,0,1
00892027.png,30,0,0,0,0,0,1,0,0,0,0,0,0,0,0,0,0,0,0,0,1
00892116.png,10,0,1,0,0,0,1,0,0,0,1,0,0,1,0,0,0,0,0,0,1
00892161.png,0,0,0,0,0,0,0,0,0,0,1,0,0,0,0,0,0,0,0,0,1
00892242.png,0,0,0,0,0,0,1,0,0,0,1,0,0,0,0,0,0,0,0,0,1
00892310.png,0,0,1,0,0,0,1,0,0,0,0,0,0,0,0,0,0,0,0,0,1
00892399.png,0,1,0,0,0,0,1,0,0,0,1,1,0,0,0,0,0,0,0,0,1
00892591.png,0,1,0,0,0,0,1,0,0,0,0,0,0,0,0,0,0,0,0,0,1
00892799.png,20,1,0,0,0,0,0,0,0,0,0,0,0,0,0,0,0,0,0,0,0
00892831.png,20,1,0,0,0,0,0,0,0,0,0,1,0,0,0,0,0,0,1,0,1
00892941.png,5,0,0,0,0,1,0,0,0,0,0,0,0,0,0,0,0,1,0,0,1
00893148.png,0,1,0,0,0,0,1,1,0,0,0,0,0,0,0,0,0,0,0,0,1
00893153.png,0,0,0,0,0,0,1,0,0,0,0,0,0,0,0,0,0,0,1,0,1
00893249.png,0,1,0,0,0,0,0,0,0,0,0,0,0,0,0,0,0,0,1,0,1
00893550.png,10,0,0,0,0,0,1,0,0,0,0,0,0,1,0,0,0,0,0,0,1
00893694.png,0,0,0,0,0,0,1,0,0,0,0,0,0,0,0,0,0,0,1,0,1
00893733.png,0,0,0,0,0,0,0,0,0,0,0,0,0,0,0,0,0,0,0,1,0
00893813.png,10,0,0,0,0,0,0,0,0,0,0,0,0,0,0,0,0,0,0,1,0
00894127.png,0,0,0,0,0,0,0,0,0,0,0,0,0,0,0,0,0,0,0,1,0
00894140.png,10,1,0,0,0,0,0,0,0,0,0,0,0,1,0,0,0,0,1,0,1
00894322.png,10,1,0,0,0,1,0,0,0,0,0,0,0,0,0,0,0,0,1,0,1
00894335.png,0,0,0,0,0,0,0,0,0,0,0,0,0,0,0,0,0,0,0,1,0
00894359.png,0,0,0,0,0,0,0,0,0,0,0,0,0,0,0,0,0,0,0,1,0
00894970.png,0,0,0,0,0,0,0,0,0,0,0,0,0,0,0,1,0,0,0,0,1
00895420.png,0,1,0,1,0,0,0,0,0,0,0,0,0,0,0,0,0,0,1,0,1
00895441.png,0,1,0,0,0,0,0,0,0,0,0,0,0,0,0,0,0,0,1,0,1
00895715.png,0,1,0,0,0,0,0,0,0,0,0,0,0,0,0,0,0,0,0,0,0
00896039.png,10,0,1,1,0,0,0,0,0,0,0,0,0,0,1,0,0,0,0,0,1
00896041.png,10,0,0,1,0,0,0,0,0,0,0,0,0,0,1,0,0,0,0,0,1
00896075.png,0,1,0,0,0,0,1,0,0,0,0,0,0,0,0,0,0,0,1,0,1
00896188.png,0,0,0,0,0,0,0,0,0,0,0,0,0,0,0,0,0,0,0,1,0
00896422.png,0,1,0,0,0,0,1,0,1,0,0,0,0,0,0,0,0,0,0,0,1
00896747.png,10,0,0,0,0,0,0,0,0,0,0,0,0,0,0,0,0,0,0,1,0
00896784.png,20,1,0,0,0,0,0,0,0,0,0,0,0,0,0,0,0,0,0,0,0
00896791.png,10,0,0,0,0,0,0,0,0,0,0,0,0,0,0,0,0,0,0,1,0
00896810.png,10,0,0,0,0,0,0,0,0,0,0,0,0,1,0,0,0,0,0,0,1
00896941.png,0,1,0,0,0,0,1,0,0,0,1,0,0,0,0,0,0,0,1,0,1
00897521.png,10,1,0,0,0,0,0,0,0,0,0,0,0,0,0,0,0,0,1,0,1
00897622.png,0,0,0,0,0,0,0,0,0,0,0,0,0,0,0,0,0,0,0,1,0
00897636.png,0,0,0,0,0,0,0,0,0,0,0,0,0,0,0,0,0,0,0,1,0
00897638.png,0,0,0,0,0,0,0,0,0,0,0,0,0,0,0,0,0,0,0,1,0
00898144.png,10,0,0,0,0,0,0,0,0,0,0,1,0,0,0,0,0,0,0,0,1
00898145.png,10,1,0,0,0,0,0,0,0,0,0,1,0,0,1,0,0,0,0,0,1
00898208.png,0,1,0,0,0,0,1,0,0,0,0,0,0,1,0,0,0,0,0,0,1
00898254.png,5,0,0,0,0,0,0,0,0,0,0,0,0,0,0,0,0,0,0,1,0
00898285.png,5,0,0,0,0,0,0,0,0,0,0,0,0,0,0,0,0,0,0,1,0
00898333.png,10,0,0,0,0,0,0,0,0,0,0,0,0,0,0,0,0,0,0,1,0
00898603.png,10,0,1,0,0,0,0,0,0,0,0,0,0,0,0,1,0,0,0,0,1
00898654.png,10,0,0,0,0,0,0,0,0,0,0,0,0,0,0,0,0,0,0,1,0
00898705.png,0,1,0,0,0,0,0,0,0,0,0,0,0,0,0,0,0,0,1,0,1
00898736.png,10,1,0,0,0,0,1,0,0,0,0,0,0,1,0,0,0,0,1,0,1
00898737.png,10,1,0,0,0,1,1,0,0,0,0,0,0,1,0,0,0,0,1,0,1
00898758.png,0,1,0,0,0,0,1,0,0,0,0,0,0,0,0,0,0,0,1,0,1
00898761.png,0,0,0,0,0,0,0,0,0,0,0,0,0,0,0,0,0,0,1,0,1
00898805.png,0,1,1,0,0,0,1,0,0,0,1,0,0,0,0,0,0,0,1,0,1
00899086.png,10,0,0,0,0,0,0,0,0,0,0,0,0,0,0,0,0,0,0,1,0
00899103.png,0,1,0,0,0,0,0,0,0,0,0,0,0,0,0,0,0,0,0,0,0
00899112.png,0,1,0,1,0,0,1,0,0,0,0,0,0,1,0,0,0,0,1,0,1
00899325.png,0,0,0,0,0,0,1,0,0,0,0,0,0,0,0,0,0,0,1,0,1
00899446.png,5,0,0,0,0,0,0,0,0,0,0,0,0,0,0,0,0,0,0,1,0
00899609.png,0,1,0,0,0,0,1,0,0,0,0,0,0,0,0,0,0,0,1,0,1
00899996.png,5,0,0,0,0,0,0,0,0,0,0,0,0,0,0,0,0,0,0,1,0
00899998.png,5,0,0,0,0,0,0,0,0,0,0,0,0,0,0,0,0,0,0,1,0
00900092.png,10,0,0,0,0,0,1,0,0,0,0,0,0,0,0,0,0,0,0,0,1
00900220.png,0,1,0,0,0,0,0,0,0,0,0,0,0,0,0,0,0,0,1,0,1
00900505.png,10,1,0,0,0,0,0,0,0,0,0,0,0,0,0,0,0,0,0,0,0
00900523.png,10,0,0,0,0,0,0,0,0,0,0,0,0,0,0,0,0,0,0,1,0
00900528.png,10,0,0,0,0,0,0,0,0,0,0,0,0,0,0,0,0,0,0,1,0
00900687.png,0,1,0,0,0,0,0,0,0,1,0,0,0,0,0,0,0,0,1,0,1
00901009.png,0,0,0,0,0,0,0,0,0,0,0,0,0,0,0,0,0,0,0,1,0
00901395.png,10,0,0,0,0,0,0,0,0,0,0,0,0,0,0,0,0,0,0,1,0
00901425.png,10,1,0,0,0,0,0,0,0,0,0,0,0,0,0,0,0,0,0,0,0
00901472.png,0,0,0,0,0,0,0,0,0,0,0,0,0,0,0,0,0,0,0,1,0
00901492.png,0,1,0,0,0,0,1,0,0,0,1,0,0,0,0,0,0,0,0,0,1
00901529.png,0,1,0,0,0,0,0,0,0,0,1,0,0,0,0,0,0,0,1,0,1
00901531.png,0,0,0,0,0,0,0,0,0,0,1,0,0,0,0,0,0,0,1,0,1
00901687.png,50,0,0,0,0,0,0,0,0,0,0,0,0,0,0,0,0,0,0,1,0
00901840.png,0,1,0,0,0,0,0,0,0,0,0,0,0,0,0,0,0,0,0,0,0
00901904.png,0,0,0,0,0,0,0,0,0,0,0,0,0,0,0,0,0,0,0,1,0
00902570.png,10,0,0,0,0,0,0,0,0,0,0,0,0,0,0,0,0,0,0,1,0
00902595.png,10,0,0,0,0,0,0,0,0,0,0,0,0,0,0,0,0,0,0,1,0
00902608.png,10,0,0,0,0,0,0,0,0,0,0,0,0,0,0,0,0,0,0,1,0
00902736.png,10,0,0,0,0,1,0,0,0,0,0,1,0,0,0,0,0,0,0,0,1
00902898.png,10,0,0,1,0,0,1,0,0,0,0,0,0,0,0,0,0,0,0,0,1
00902969.png,10,0,0,0,0,0,1,0,1,0,0,0,0,0,1,0,0,0,0,0,1
00903000.png,10,0,0,0,0,0,0,0,0,0,0,0,0,0,0,0,0,0,0,1,0
00903021.png,0,1,0,0,0,0,1,0,0,0,0,1,0,0,0,0,0,0,1,0,1
00903032.png,0,0,0,0,0,0,0,0,0,0,0,0,0,0,0,0,0,0,0,1,0
00903056.png,0,0,0,0,0,0,0,0,0,0,0,0,0,0,0,0,0,0,0,1,0
00903151.png,0,0,0,0,0,0,0,0,0,0,0,0,0,0,0,0,0,0,0,1,0
00903312.png,10,0,1,1,0,0,1,0,0,0,0,0,0,0,0,0,0,0,0,0,1
00903397.png,10,0,0,0,0,0,1,0,0,0,0,0,0,0,0,0,0,0,0,0,1
00903713.png,20,0,1,1,0,0,1,0,0,0,0,1,0,0,0,0,0,0,0,0,1
00903947.png,5,1,0,0,0,0,0,0,0,0,0,0,0,0,0,0,0,0,0,0,0
00904159.png,30,1,0,1,0,0,0,0,0,0,0,0,0,0,0,0,0,0,0,0,1
00904169.png,0,0,0,1,0,0,0,0,0,0,0,0,0,1,0,0,0,0,0,0,1
00904663.png,0,1,0,0,0,0,0,0,0,0,0,0,0,0,0,0,0,0,0,0,0
00904679.png,0,0,0,0,0,0,0,0,0,0,0,0,0,0,0,0,0,0,0,1,0
00904812.png,0,1,0,0,0,0,0,0,0,0,0,0,0,0,0,0,0,0,0,0,0
00904813.png,0,0,0,0,0,0,0,0,0,0,0,0,0,0,0,0,0,0,0,1,0
00904971.png,0,0,0,0,0,0,0,0,0,0,0,0,0,0,0,0,0,0,0,1,0
00905053.png,0,0,0,0,0,0,0,0,0,0,0,0,0,0,0,0,0,0,0,1,0
00905279.png,0,0,0,0,0,0,0,0,0,0,0,0,0,0,0,0,0,0,0,1,0
00905326.png,0,1,0,0,0,0,1,0,0,0,0,0,0,0,0,0,0,0,1,0,1
00905363.png,0,0,0,0,0,0,0,0,0,0,0,0,0,1,0,0,0,0,0,0,1
00905428.png,0,0,0,0,0,0,0,0,0,0,0,0,0,0,0,0,0,0,0,1,0
00905509.png,0,0,0,0,0,0,0,0,0,0,0,0,0,0,0,0,0,0,0,1,0
00905570.png,0,0,0,0,0,0,0,0,0,0,1,0,0,0,0,0,0,0,0,0,1
00905635.png,0,1,0,0,0,0,0,0,0,0,1,0,0,0,0,0,0,0,0,0,1
00905878.png,10,0,0,1,0,0,0,0,0,1,0,1,0,0,0,0,0,0,0,0,1
00906371.png,0,0,0,0,0,0,0,0,0,0,0,0,0,0,0,0,0,0,0,1,0
00906604.png,0,0,0,0,0,0,1,0,0,0,0,0,0,0,0,0,0,0,1,0,1
00906640.png,10,0,0,0,0,0,0,0,0,0,0,0,0,0,0,0,0,0,0,1,0
00906830.png,0,0,0,0,0,0,0,0,0,0,0,0,0,0,0,0,0,0,0,1,0
00906895.png,0,0,0,0,0,0,0,0,0,0,0,0,0,0,0,0,0,0,0,1,0
00906910.png,0,0,0,0,0,0,0,0,0,0,1,0,0,0,0,0,0,0,1,0,1
00907173.png,0,0,0,0,0,0,0,0,0,0,0,0,0,0,0,0,0,0,0,1,0
00907294.png,0,0,0,0,0,0,0,0,0,0,0,0,0,0,0,0,0,0,0,1,0
00907341.png,0,1,0,0,0,0,0,0,0,0,0,0,0,0,0,0,0,0,1,0,1
00907385.png,0,0,0,0,0,0,0,0,0,0,0,0,0,0,0,0,0,0,0,1,0
00907938.png,0,0,0,0,0,0,0,0,0,0,0,0,0,0,0,0,0,0,0,1,0
00907946.png,0,0,0,0,0,0,0,0,0,0,0,0,0,0,0,0,0,0,0,1,0
00908010.png,0,0,0,0,0,0,0,0,0,0,0,0,0,0,0,0,0,0,0,1,0
00908131.png,0,0,0,0,0,0,0,0,0,0,0,0,0,0,0,0,0,0,0,1,0
00908378.png,10,0,0,0,0,0,0,0,0,0,0,0,0,0,0,0,0,0,0,1,0
00908506.png,10,0,0,0,0,0,0,0,0,0,0,0,0,0,0,0,0,0,0,1,0
00908508.png,10,0,0,0,0,0,0,0,0,0,0,0,0,0,0,0,0,0,0,1,0
00908580.png,20,0,0,1,0,0,1,0,0,0,0,1,0,0,0,0,0,0,0,0,1
00908589.png,20,0,0,1,0,0,1,0,0,1,0,1,0,0,0,0,0,0,1,0,1
00908640.png,40,0,0,0,0,0,0,0,0,0,0,0,0,0,0,0,0,0,0,1,0
00908663.png,20,0,0,0,0,0,0,0,0,0,0,0,0,0,0,0,0,0,0,1,0
00908695.png,0,1,0,0,0,0,0,0,0,0,1,1,0,0,0,0,0,0,0,0,1
00908768.png,10,0,0,0,0,0,0,0,0,0,0,0,0,0,0,0,0,0,0,1,0
00908812.png,10,0,0,0,0,0,0,0,0,0,0,0,0,0,0,0,0,0,0,1,0
00908938.png,20,1,0,0,0,0,0,0,0,0,0,0,0,0,0,0,0,0,0,0,0
00909162.png,10,1,0,0,0,0,0,0,0,0,0,0,0,0,0,0,0,0,0,0,0
00909422.png,0,0,0,0,0,0,0,0,0,0,0,0,0,0,0,0,0,0,0,1,0
00909474.png,0,0,0,0,0,0,0,0,0,0,0,0,0,0,0,0,0,0,0,1,0
00909650.png,0,0,0,0,0,0,0,0,0,0,0,0,0,0,0,0,0,0,0,1,0
00909961.png,10,1,0,1,0,0,1,0,0,0,0,1,0,0,0,0,0,0,1,0,1
00910489.png,10,0,0,0,0,0,0,0,0,0,0,0,0,0,0,0,0,0,0,1,0
00910564.png,0,0,0,0,0,0,0,0,0,0,0,0,0,0,0,0,0,0,0,1,0
00910708.png,0,0,0,0,0,0,0,0,0,0,0,0,0,0,0,0,0,0,0,1,0
00910834.png,0,0,0,0,0,0,0,0,0,0,0,0,0,0,0,0,0,0,0,1,0
00910936.png,0,0,0,0,0,0,0,0,0,0,0,0,0,0,0,0,0,0,0,1,0
00910963.png,0,0,0,0,0,0,0,0,0,0,0,0,0,0,0,0,0,0,0,1,0
00911333.png,0,1,0,1,0,0,0,0,0,0,0,0,0,0,0,0,0,0,0,0,1
00911342.png,0,1,0,1,0,0,0,0,0,0,0,0,0,0,0,0,0,0,0,0,1
00911356.png,0,1,0,0,0,0,0,0,0,0,0,0,0,0,0,0,0,0,0,0,0
00911509.png,0,0,0,1,1,0,1,0,0,0,1,1,0,0,0,0,0,0,0,0,1
00911608.png,10,1,0,0,0,0,1,0,0,0,0,1,0,0,0,0,0,0,0,0,1
00911696.png,10,0,0,1,0,0,1,0,0,0,1,0,0,0,0,0,0,0,0,0,1
00911711.png,10,1,0,1,0,0,1,0,0,0,0,0,0,0,0,0,0,0,0,0,1
00911821.png,0,0,0,1,0,0,1,0,0,0,0,1,0,0,0,0,0,0,0,0,1
00911855.png,0,0,0,1,0,0,1,0,0,0,0,0,0,0,0,0,0,0,1,0,1
00911956.png,0,0,0,1,0,0,0,0,0,0,1,1,0,0,0,0,0,0,0,0,1
00912053.png,10,1,0,1,0,0,0,0,0,0,1,0,0,0,0,0,0,0,0,0,1
00912078.png,0,1,0,1,0,0,0,0,0,0,1,0,0,0,0,0,0,0,0,0,1
00912107.png,0,1,0,0,0,0,0,0,0,0,0,0,0,0,0,0,0,0,0,0,0
00912256.png,0,1,0,1,0,0,0,0,0,0,0,0,0,0,0,0,0,0,1,0,1
00912335.png,0,0,0,1,0,0,0,0,0,0,0,1,0,0,0,0,0,0,0,0,1
00912508.png,10,1,0,1,0,0,1,0,0,0,1,0,0,0,0,0,0,0,1,0,1
00912562.png,0,1,1,0,0,1,1,0,1,0,0,0,0,0,0,0,0,0,0,0,1
00912930.png,0,0,0,0,0,0,0,0,0,0,0,0,0,0,0,0,0,0,0,1,0
00912962.png,0,1,0,0,0,0,0,0,0,0,0,0,0,0,0,0,0,0,0,0,0
00913067.png,10,0,0,0,0,1,1,0,0,0,0,0,0,0,0,0,0,0,0,0,1
00913419.png,0,0,0,0,0,0,0,0,0,0,0,0,0,0,0,0,0,0,0,1,0
00913430.png,0,1,0,0,0,0,0,0,0,0,0,0,0,0,0,0,0,0,0,0,0
00913563.png,0,0,0,0,0,0,0,0,0,0,0,0,0,0,0,0,0,0,0,1,0
00913756.png,10,1,0,0,0,0,0,0,0,0,1,0,0,1,0,0,0,0,0,0,1
00913831.png,0,0,0,0,0,0,0,0,0,0,1,1,0,0,0,0,0,0,0,0,1
00913948.png,0,1,0,0,0,1,0,0,0,0,1,0,0,0,0,0,0,0,0,0,1
00914232.png,0,0,0,0,0,0,0,0,0,0,0,0,0,0,0,0,0,0,0,1,0
00914353.png,10,1,0,0,0,0,0,0,0,0,1,0,0,0,0,0,0,0,0,0,1
00914409.png,10,0,0,0,0,0,0,0,0,0,0,0,0,0,0,0,0,0,0,1,0
00914480.png,0,0,0,0,0,0,0,0,0,0,0,0,0,0,0,0,0,0,0,1,0
00914485.png,0,1,0,0,0,0,0,0,0,0,1,0,0,0,0,0,0,0,0,0,1
00914700.png,0,0,0,0,0,0,0,0,0,0,0,0,0,0,0,0,0,0,0,1,0
00914725.png,0,0,0,0,0,0,0,0,0,0,0,0,0,0,0,0,0,0,0,1,0
00915218.png,0,0,0,0,0,0,0,0,0,0,0,0,0,0,0,0,0,0,0,1,0
00915390.png,0,0,0,0,0,0,0,0,0,0,0,0,0,0,0,0,0,0,0,1,0
00915394.png,0,0,0,0,0,0,0,0,0,0,0,0,0,0,0,0,0,0,0,1,0
00915446.png,10,0,0,0,0,0,0,0,0,0,0,0,0,0,0,0,0,0,0,1,0
00915473.png,10,0,0,0,0,0,0,0,0,0,0,0,0,0,0,0,0,0,0,1,0
00915641.png,10,0,0,0,0,0,0,0,0,0,0,0,0,0,0,0,0,0,0,1,0
00915662.png,10,0,0,0,0,0,0,0,0,0,0,0,0,0,0,0,0,0,0,1,0
00915728.png,0,0,0,1,0,0,1,0,0,0,0,0,0,0,0,0,0,0,1,0,1
00915758.png,0,1,0,1,0,0,0,0,0,0,0,0,0,0,0,0,0,0,1,0,1
00915814.png,10,0,0,0,0,0,0,0,0,0,0,0,0,0,0,0,0,0,0,1,0
00915897.png,2,0,0,0,0,0,0,0,0,0,0,0,0,0,0,0,0,0,0,1,0
00915927.png,2,0,0,0,0,0,0,0,0,0,0,0,0,0,0,0,0,0,0,1,0
00916111.png,0,0,0,1,0,0,1,0,0,0,0,0,0,0,0,0,0,0,1,0,1
00916139.png,10,1,0,0,0,0,1,0,0,0,0,0,0,0,0,0,0,0,0,0,1
00916147.png,20,1,0,0,0,0,0,0,0,0,0,0,0,0,0,0,0,0,0,0,0
00916319.png,0,1,0,0,0,0,0,0,0,0,0,0,0,0,0,0,0,0,0,0,0
00916451.png,10,0,0,0,0,0,0,0,0,0,0,0,0,0,0,0,0,0,0,1,0
00916558.png,0,0,0,0,0,0,0,0,0,0,0,0,0,0,0,0,0,0,0,1,0
00916595.png,0,1,0,0,0,0,0,0,0,0,0,0,0,0,0,0,0,0,1,0,1
00916685.png,0,0,0,0,0,0,0,0,0,0,0,0,0,0,0,0,0,0,0,1,0
00917626.png,0,0,0,0,0,0,0,0,0,0,0,0,0,0,0,0,0,0,1,0,1
00917689.png,10,0,0,0,0,0,0,0,0,0,0,0,0,0,0,0,0,0,0,1,0
00917720.png,10,0,0,0,0,0,0,0,0,0,0,0,0,0,0,0,0,0,0,1,0
00917754.png,0,0,0,0,0,0,1,0,1,0,0,0,0,0,0,0,0,0,0,0,1
00917766.png,10,1,0,0,0,0,0,0,0,0,0,0,0,0,0,0,0,0,0,0,0
00917769.png,10,0,0,0,0,0,0,0,0,0,0,0,0,0,0,0,0,0,0,1,0
00917955.png,0,0,0,0,0,0,0,0,0,0,0,0,0,0,0,0,0,0,0,1,0
00918318.png,0,0,1,0,0,0,1,0,0,0,0,0,0,0,0,0,0,0,0,0,1
00918326.png,100,0,0,0,0,0,0,0,0,0,0,0,0,0,0,0,0,0,0,1,0
00918355.png,0,0,1,0,0,0,1,0,0,0,0,0,0,0,0,0,0,0,0,0,1
00918426.png,0,1,0,0,0,0,1,0,0,0,1,0,0,0,0,0,0,0,0,0,1
00918546.png,10,1,0,0,0,0,0,0,0,0,0,0,0,0,0,0,0,0,0,0,0
00918689.png,0,0,0,0,0,0,0,0,0,0,0,0,0,0,0,0,0,0,0,1,0
00918741.png,0,0,0,0,0,0,0,0,0,0,0,0,0,0,0,0,0,0,0,1,0
00918772.png,0,0,0,0,0,0,0,0,0,0,0,0,0,0,0,0,0,0,0,1,0
00918853.png,0,0,0,0,0,0,0,0,0,0,0,0,0,0,0,0,0,0,0,1,0
00918910.png,0,0,0,0,0,0,0,0,0,0,0,0,0,0,0,0,0,0,0,1,0
00918915.png,0,0,0,0,0,0,0,0,0,0,0,0,0,0,0,0,0,0,0,1,0
00918983.png,0,0,0,0,0,0,0,0,0,0,0,0,0,0,0,0,0,0,0,1,0
00918985.png,0,0,0,0,0,0,0,0,0,0,0,0,0,0,0,0,0,0,0,1,0
00918994.png,0,0,0,0,0,0,0,0,0,0,0,0,0,0,0,1,0,0,0,0,1
00919102.png,0,0,0,0,0,0,0,0,0,0,0,0,0,0,0,0,0,0,0,1,0
00919123.png,0,0,0,0,0,0,0,0,0,0,0,0,0,1,0,0,0,0,0,0,1
00919323.png,0,1,0,0,0,0,1,0,0,0,0,0,0,0,0,0,0,0,1,0,1
00919362.png,0,0,0,0,0,0,0,0,0,0,0,0,0,0,0,0,0,0,0,1,0
00919719.png,0,0,0,0,0,0,0,0,0,0,0,0,0,0,0,0,0,0,0,1,0
00919753.png,0,0,0,0,0,0,0,0,0,0,0,0,0,0,0,0,0,0,0,1,0
00919877.png,5,0,0,0,0,0,0,0,0,0,0,0,0,0,0,0,0,0,0,1,0
00919919.png,0,1,0,0,0,0,0,0,0,0,0,0,0,0,0,0,0,0,1,0,1
00919981.png,0,1,0,0,1,0,0,0,0,0,0,0,0,0,0,0,0,0,1,0,1
00920066.png,5,0,0,0,0,0,0,0,0,0,0,0,0,0,0,0,0,0,0,1,0
00920072.png,5,0,0,0,0,0,0,0,0,0,0,0,0,0,0,0,0,0,0,1,0
00920146.png,5,0,0,0,0,0,0,0,0,0,0,0,0,0,0,0,0,0,0,1,0
00920147.png,5,0,0,0,0,0,0,0,0,0,0,0,0,0,0,0,0,0,0,1,0
00920198.png,0,0,0,0,0,0,0,0,0,0,0,0,0,0,0,0,0,0,0,1,0
00920210.png,0,0,0,0,0,0,0,0,0,0,0,0,0,0,0,0,0,0,0,1,0
00920217.png,0,1,0,0,1,0,0,0,0,0,0,0,0,0,0,0,0,0,1,0,1
00920267.png,5,0,0,0,0,0,0,0,0,0,0,0,0,0,0,0,0,0,0,1,0
00920273.png,5,0,0,0,0,0,0,0,0,0,0,0,0,0,0,0,0,0,0,1,0
00920473.png,0,0,0,0,0,0,0,0,0,0,0,0,0,0,0,0,0,0,0,1,0
00920507.png,20,0,0,0,0,0,0,0,0,0,0,0,0,0,0,0,0,0,0,1,0
00920768.png,0,0,0,0,0,0,0,0,0,0,0,0,0,0,0,0,0,0,0,1,0
00920848.png,10,1,0,0,0,0,0,0,0,0,0,0,0,0,0,0,0,0,1,0,1
00920853.png,0,0,0,0,0,0,0,0,0,0,0,0,0,0,0,0,0,0,0,1,0
00920906.png,0,0,0,0,0,0,0,0,0,0,0,0,0,0,0,0,0,0,0,1,0
00920909.png,0,0,0,0,0,0,0,0,0,0,0,0,0,0,0,0,0,0,0,1,0
00921077.png,0,0,0,0,0,0,0,0,0,0,0,0,0,0,0,0,0,0,0,1,0
00921164.png,0,1,0,0,0,0,0,0,0,0,0,0,0,0,0,0,0,0,1,0,1
00921471.png,0,0,0,0,0,0,0,0,0,0,0,0,0,0,0,0,0,0,0,1,0
00921555.png,0,0,0,0,0,0,0,0,0,0,0,0,0,0,0,0,0,0,0,1,0
00921605.png,0,0,0,0,0,0,0,0,0,0,0,0,0,1,0,0,0,0,0,0,1
00921752.png,0,0,0,0,0,0,0,0,0,0,0,0,0,0,0,0,0,0,0,1,0
00921804.png,0,0,0,0,0,0,0,0,0,0,0,0,0,0,0,0,0,0,0,1,0
00922162.png,0,0,0,0,0,0,0,0,0,0,0,0,0,0,0,0,0,0,0,1,0
00922381.png,0,1,0,0,0,0,0,0,0,0,0,0,0,0,0,0,0,0,0,0,0
00922432.png,0,1,0,0,0,0,0,0,0,0,0,0,0,0,0,0,0,0,1,0,1
00922663.png,0,0,0,0,0,0,0,0,0,0,0,0,0,0,0,0,0,0,0,1,0
00922737.png,0,0,0,0,0,0,0,0,0,0,0,0,0,1,0,0,0,0,0,0,1
00922751.png,0,0,0,0,0,0,0,0,0,0,0,0,0,1,0,0,0,0,0,0,1
00922783.png,0,0,0,0,0,0,0,0,0,0,0,0,0,0,0,0,0,0,0,1,0
00922813.png,0,0,0,0,0,0,0,0,0,0,0,0,0,0,0,0,0,0,1,0,1
00922975.png,0,1,0,0,0,0,0,0,0,0,0,0,0,0,0,0,0,0,0,0,0
00923063.png,0,1,0,0,0,0,0,0,0,0,0,0,0,0,0,0,0,0,1,0,1
00923182.png,0,0,0,0,0,0,0,0,0,0,0,0,0,0,0,0,0,0,0,1,0
00923393.png,10,0,0,0,0,0,0,0,0,0,0,0,0,0,0,0,0,0,0,1,0
00923469.png,10,0,0,0,0,0,0,0,0,0,0,0,0,0,0,0,0,0,0,1,0
00923606.png,10,0,0,0,0,0,0,0,0,0,0,0,0,0,0,0,0,0,0,1,0
00923932.png,0,0,0,0,0,0,0,0,0,0,0,0,0,0,0,0,0,0,0,1,0
00923965.png,0,0,0,0,0,0,0,0,0,0,0,0,0,0,0,0,0,0,0,1,0
00923987.png,0,0,0,0,0,0,0,0,0,0,0,0,0,0,0,0,0,0,0,1,0
00924126.png,0,0,0,0,0,0,0,0,0,0,0,0,0,0,0,0,0,0,0,1,0
00924200.png,0,0,0,0,0,0,0,0,0,0,0,0,0,0,0,0,0,0,0,1,0
00924284.png,10,1,0,0,0,0,0,0,0,0,0,0,0,0,0,0,0,0,0,0,0
00924703.png,10,0,0,0,0,0,0,0,0,0,0,0,0,0,0,0,0,0,0,1,0
00924897.png,0,1,1,0,0,0,0,0,0,0,0,0,0,0,0,0,0,0,1,0,1
00925176.png,0,0,0,0,0,0,0,0,0,0,0,0,0,0,0,0,0,0,0,1,0
00925185.png,0,0,0,0,0,0,0,0,0,0,0,0,0,0,0,0,0,0,0,1,0
00925407.png,0,0,0,0,0,0,0,0,0,0,0,0,0,0,0,0,0,0,0,1,0
00925430.png,0,0,0,0,0,0,0,0,0,0,0,0,0,0,0,0,0,0,0,1,0
00925450.png,0,0,0,0,0,0,0,0,0,0,0,0,0,0,0,0,0,0,0,1,0
00925711.png,0,1,0,0,0,1,0,0,0,0,0,0,0,0,0,0,0,0,0,0,1
00925743.png,0,0,0,0,0,0,0,0,0,0,0,0,0,0,0,0,0,0,0,1,0
00926412.png,10,0,0,0,0,1,0,0,0,0,0,0,0,0,0,0,0,0,0,0,1
00926928.png,10,0,0,0,0,0,0,0,0,0,0,0,0,0,0,0,0,0,0,1,0
00926994.png,20,0,0,0,0,0,0,0,0,0,0,0,0,0,0,0,0,0,0,1,0
00927127.png,40,0,0,0,0,0,0,0,0,0,0,0,0,0,0,0,0,0,0,1,0
00927429.png,0,0,0,0,0,0,0,0,0,0,0,0,0,0,0,0,0,0,0,1,0
00927475.png,20,0,0,0,0,0,0,0,0,0,0,0,0,0,0,0,0,0,0,1,0
00927818.png,10,0,0,0,0,0,0,0,0,0,0,0,0,0,0,0,0,0,0,1,0
00927970.png,10,0,0,0,0,0,0,0,0,0,0,0,0,0,0,0,0,0,0,1,0
00928028.png,10,0,0,0,0,0,0,0,0,0,0,0,0,0,0,0,0,0,0,1,0
00928078.png,10,0,0,0,0,0,0,0,0,0,0,0,0,0,0,0,0,0,0,1,0
00928129.png,10,0,0,0,0,0,0,0,0,0,0,0,0,0,0,0,0,0,0,1,0
00928362.png,10,0,0,0,0,0,0,0,0,0,0,0,0,0,0,0,0,0,0,1,0
00928547.png,0,0,0,0,0,0,0,0,0,0,0,0,0,0,0,0,0,0,0,1,0
00928571.png,0,0,0,0,0,0,0,0,0,0,0,0,0,0,0,0,0,0,0,1,0
00928576.png,10,0,0,0,0,0,0,0,0,0,0,0,0,0,0,0,0,0,0,1,0
00928671.png,10,0,0,0,0,0,0,0,0,0,0,0,0,0,0,0,0,0,0,1,0
00928821.png,10,0,0,0,0,0,0,0,0,0,0,0,0,0,0,0,0,0,0,1,0
00928919.png,10,0,0,0,0,0,0,0,0,0,0,0,0,0,0,0,0,0,0,1,0
00928955.png,10,0,0,0,0,0,0,0,0,0,0,0,0,0,0,0,0,0,0,1,0
00929025.png,30,0,0,0,0,0,0,0,0,0,0,0,0,0,0,0,0,0,0,1,0
00929131.png,10,0,0,0,0,0,1,0,0,0,0,0,0,0,0,0,0,0,0,0,1
00929138.png,10,0,0,0,0,0,0,0,0,0,0,0,0,0,0,0,0,0,0,1,0
00929430.png,10,0,0,1,0,0,0,0,0,0,0,1,0,0,0,0,0,0,0,0,1
00929467.png,10,1,0,0,0,0,0,0,0,0,0,0,0,0,0,0,0,0,0,0,0
00929530.png,10,0,0,0,0,0,1,0,1,0,0,0,0,0,0,0,0,0,0,0,1
00929679.png,10,0,0,1,0,0,0,0,0,0,0,0,0,0,0,0,0,0,0,0,1
00930025.png,10,0,0,0,0,0,0,0,0,0,0,0,0,0,0,0,0,0,0,1,0
00930257.png,10,0,0,0,0,0,0,0,0,0,0,0,0,0,0,0,0,0,0,1,0
00930361.png,20,1,0,0,0,0,1,0,0,0,0,0,0,0,0,0,0,0,0,0,1
00930394.png,20,1,0,0,0,0,0,0,0,0,0,0,0,0,0,0,0,0,0,0,0
00931184.png,10,0,0,0,0,0,0,0,0,0,0,0,0,0,0,0,0,0,0,1,0
00931232.png,10,0,0,0,0,0,0,0,0,0,0,0,0,0,0,0,0,0,0,1,0
00931414.png,80,0,0,0,0,0,0,0,0,0,0,0,0,0,0,0,0,0,0,1,0
00931416.png,80,0,0,0,0,0,0,0,0,0,0,0,0,0,0,0,0,0,0,1,0
00931484.png,10,0,0,0,0,0,0,0,0,0,0,0,0,0,0,0,0,0,0,1,0
00931502.png,10,0,0,0,0,0,0,0,0,0,0,0,0,0,0,0,0,0,0,1,0
00931654.png,10,1,0,0,0,0,0,0,0,0,0,0,0,0,0,0,0,0,0,0,0
00931677.png,10,0,0,0,0,0,0,0,0,0,0,0,0,0,0,0,0,0,0,1,0
00931816.png,10,0,0,0,0,0,0,0,0,0,0,0,0,0,0,0,0,0,0,1,0
00931833.png,10,0,0,0,0,0,0,0,0,0,0,0,0,0,0,0,0,0,0,1,0
00931980.png,0,1,0,0,0,0,0,0,0,0,1,0,0,0,0,0,0,0,0,0,1
00931997.png,10,1,0,0,0,0,0,0,0,0,0,0,0,0,0,0,0,0,0,0,0
00932292.png,10,0,0,0,0,0,0,0,0,0,0,0,0,0,0,0,0,0,0,1,0
00932328.png,10,0,0,0,0,0,0,0,0,0,0,0,0,0,0,0,0,0,0,1,0
00932426.png,10,0,0,0,0,0,0,0,0,0,0,0,0,0,0,0,0,0,0,1,0
00932447.png,10,0,0,0,0,0,0,0,0,0,0,0,0,0,0,0,0,0,0,1,0
00932880.png,0,0,0,0,0,0,1,0,0,0,0,0,0,0,0,0,0,0,0,0,1
00932953.png,10,0,0,0,0,0,1,0,0,0,0,0,0,0,0,0,0,0,0,0,1
00933326.png,0,1,0,0,0,0,0,0,0,0,0,0,0,0,0,0,0,0,0,0,0
00933402.png,10,1,1,1,0,0,1,0,0,0,0,0,0,0,0,0,0,0,1,0,1
00933474.png,0,1,0,1,0,0,1,0,0,0,0,0,0,0,0,0,0,0,0,0,1
00933535.png,10,0,0,0,0,0,0,0,0,0,0,0,0,0,0,0,0,0,0,1,0
00933563.png,80,0,0,0,0,0,0,0,0,0,0,0,0,0,0,0,0,0,0,1,0
00933635.png,0,1,0,0,0,0,0,0,0,0,0,0,0,0,0,0,0,0,0,0,0
00933855.png,10,0,0,0,0,0,0,0,0,0,0,0,0,0,0,0,0,0,0,1,0
00933924.png,20,0,0,0,0,0,0,0,0,0,0,0,0,0,0,0,0,0,0,1,0
00934150.png,0,0,0,0,0,0,0,0,0,0,0,0,0,0,1,0,0,0,0,0,1
00934305.png,10,0,0,0,0,0,0,0,0,0,0,0,0,0,0,0,0,0,0,1,0
00934532.png,0,0,0,0,0,0,0,0,0,0,0,0,0,0,0,0,0,0,0,1,0
00934672.png,10,1,0,0,0,0,0,0,0,0,0,0,0,0,0,0,0,0,0,0,0
00935284.png,10,0,0,0,0,0,0,0,0,0,0,0,0,0,0,0,0,0,0,1,0
00935311.png,10,0,0,0,0,0,0,0,0,0,0,0,0,0,0,0,0,0,0,1,0
00935719.png,0,0,0,0,0,0,0,0,0,0,0,0,0,0,0,0,0,0,0,1,0
00935788.png,0,0,0,0,0,0,0,0,0,0,0,0,0,0,0,0,0,0,0,1,0
00935923.png,0,0,0,0,0,1,0,0,0,0,1,0,0,0,0,0,0,0,0,0,1
00935926.png,0,0,0,0,0,0,0,0,0,0,0,0,0,0,0,0,0,0,0,1,0
00935973.png,0,0,0,0,0,0,0,0,0,0,0,0,0,0,0,0,0,0,0,1,0
00936014.png,0,0,0,0,0,0,0,0,0,0,0,0,0,0,0,0,0,0,0,1,0
00936025.png,0,0,0,0,0,0,0,0,0,0,0,0,0,0,0,0,0,0,0,1,0
00936062.png,0,1,0,0,0,0,0,0,0,0,0,0,0,0,0,0,0,0,1,0,1
00936216.png,10,0,1,1,0,0,0,0,0,0,0,1,0,0,0,0,0,0,0,0,1
00936224.png,10,0,0,1,0,0,0,0,0,0,0,1,0,0,1,0,0,0,0,0,1
00936541.png,0,0,0,1,0,0,0,0,0,0,0,0,0,0,1,0,0,0,0,0,1
00937115.png,30,0,0,0,0,0,1,0,0,0,0,0,0,1,0,0,0,0,0,0,1
00937207.png,0,0,0,1,0,0,0,0,0,0,0,1,0,1,0,0,0,0,0,0,1
00937305.png,10,0,0,0,0,0,0,0,0,0,0,0,0,1,0,0,0,0,0,0,1
00937402.png,10,0,0,0,0,0,0,0,0,0,0,0,0,0,0,0,0,0,0,1,0
00937599.png,0,0,0,1,0,0,1,0,0,0,0,1,0,0,0,0,0,0,0,0,1
00937662.png,10,0,0,0,0,0,0,0,0,0,0,0,0,0,0,0,0,0,0,1,0
00937722.png,10,0,0,0,0,0,0,0,0,0,0,1,0,0,0,1,0,0,0,0,1
00937726.png,10,0,0,0,0,0,0,0,0,0,0,0,0,0,0,1,0,0,0,0,1
00937963.png,10,1,0,0,0,0,0,0,0,0,0,0,0,0,0,0,1,0,0,0,1
00938228.png,10,1,0,0,0,0,1,0,0,0,0,0,0,0,0,0,0,0,0,0,1
00938248.png,0,0,0,0,0,0,1,0,0,0,0,0,0,1,0,0,0,0,0,0,1
00938454.png,0,0,0,0,0,0,0,0,0,0,0,0,0,0,0,0,0,0,0,1,0
00938468.png,0,0,0,0,0,0,0,0,0,0,0,0,0,0,0,0,0,0,0,1,0
00938480.png,0,0,0,0,0,0,0,0,0,0,0,0,0,0,0,0,0,0,0,1,0
00938807.png,0,0,0,0,0,0,0,0,0,0,0,0,0,0,0,0,0,0,0,1,0
00938863.png,0,0,0,0,0,0,0,0,0,0,0,0,0,0,0,0,0,0,0,1,0
00938899.png,0,0,0,0,0,0,0,0,0,0,0,0,0,0,0,0,0,0,0,1,0
00938900.png,0,0,0,0,0,0,0,0,0,0,0,0,0,0,0,0,0,0,0,1,0
00938911.png,0,0,0,0,0,0,0,0,0,0,0,0,0,0,0,0,0,0,0,1,0
00939011.png,0,0,0,0,0,0,0,0,0,0,0,0,0,0,0,0,0,0,0,1,0
00939084.png,0,1,0,0,0,0,0,0,0,0,0,0,0,0,0,0,0,0,0,0,0
00939535.png,0,1,0,0,0,0,0,0,0,0,0,0,0,0,0,0,0,0,0,0,0
00939655.png,0,0,0,1,0,0,1,0,0,0,0,1,0,0,0,0,0,0,0,0,1
00939706.png,0,0,0,1,0,0,1,0,0,0,0,1,0,0,1,0,0,0,0,0,1
00939838.png,0,0,0,0,0,0,0,0,0,0,0,0,0,0,0,0,0,0,0,1,0
00939848.png,0,0,0,0,0,0,0,0,0,0,0,0,0,0,0,0,0,0,0,1,0
00940001.png,0,0,0,0,0,0,0,0,0,0,0,0,0,0,0,0,0,0,0,1,0
00940130.png,0,1,0,1,0,0,0,0,0,0,1,1,0,0,0,0,0,0,0,0,1
00940488.png,20,1,0,1,0,0,1,0,0,0,0,0,0,0,0,0,0,0,0,0,1
00940521.png,20,1,0,1,0,0,1,0,0,0,0,0,0,0,0,0,0,0,0,0,1
00940777.png,0,0,1,1,0,0,1,0,0,0,0,0,0,0,0,0,0,0,0,0,1
00940923.png,0,0,0,1,0,0,0,0,0,0,0,1,0,0,1,0,0,0,0,0,1
00941013.png,0,0,0,0,0,0,0,0,0,0,0,0,0,0,0,0,0,0,0,1,0
00941165.png,0,0,0,0,0,0,0,0,0,0,0,0,0,0,0,0,0,0,0,1,0
00941553.png,0,0,1,1,0,0,1,0,0,0,0,1,0,1,0,0,0,0,0,0,1
00941622.png,0,0,0,1,0,0,1,0,0,0,0,1,0,0,0,0,0,0,0,0,1
00941635.png,10,0,1,1,0,0,1,0,0,0,0,1,0,0,0,0,0,0,0,0,1
00941841.png,0,0,0,0,0,0,0,0,0,0,0,0,0,0,0,0,0,0,0,1,0
00942102.png,10,1,0,1,0,0,1,0,0,0,0,0,0,0,0,0,0,0,0,0,1
00942140.png,10,1,0,1,0,0,0,0,0,0,1,0,0,0,0,0,0,0,0,0,1
00942145.png,10,1,0,1,0,0,1,0,0,0,0,0,0,0,0,0,0,0,0,0,1
00942179.png,10,1,0,1,0,0,0,0,0,0,1,0,0,0,0,0,0,0,0,0,1
00942287.png,10,0,0,1,0,0,1,0,0,0,0,0,0,0,0,0,0,0,0,0,1
00942391.png,30,1,0,1,0,0,0,0,0,0,0,0,0,0,0,0,0,0,0,0,1
00942406.png,0,1,0,1,0,0,0,0,0,0,0,0,0,0,0,0,0,0,0,0,1
00942417.png,0,0,0,0,0,0,0,0,0,0,0,0,0,0,0,0,0,0,1,0,1
00942487.png,10,0,0,1,0,0,1,0,0,0,1,1,0,0,0,0,0,0,0,0,1
00942557.png,0,0,0,0,0,0,0,0,0,0,0,0,0,0,0,0,0,0,0,1,0
00942614.png,0,0,0,1,0,0,1,0,0,0,1,0,0,0,1,0,0,0,0,0,1
00942689.png,0,0,0,1,0,0,0,0,0,0,0,1,0,0,0,0,0,0,0,0,1
00943258.png,0,0,1,1,0,0,1,0,0,0,1,0,0,0,1,0,0,0,0,0,1
00943292.png,0,0,0,1,0,0,0,0,0,0,0,1,0,0,0,0,0,0,0,0,1
00943373.png,0,0,0,0,0,0,0,0,0,0,0,0,0,0,0,0,0,0,0,1,0
00943418.png,10,0,0,0,0,0,0,0,0,0,0,0,0,0,0,0,0,0,0,1,0
00943423.png,0,1,0,0,0,0,0,0,0,0,0,0,0,0,0,0,0,0,0,0,0
00943564.png,0,1,0,1,0,0,0,0,0,0,0,0,0,0,0,0,0,0,0,0,1
00943704.png,0,1,0,0,0,0,0,0,0,0,0,0,0,0,0,0,0,0,0,0,0
00943899.png,10,1,0,0,0,0,0,0,0,0,0,0,0,0,0,0,0,0,0,0,0
00944089.png,0,0,0,0,0,0,0,0,0,0,0,0,0,0,0,1,0,0,0,0,1
00944135.png,0,0,0,0,0,0,0,0,0,0,0,0,0,0,0,0,0,0,0,1,0
00944189.png,20,0,0,0,0,0,1,0,1,1,0,1,0,0,0,0,0,0,1,0,1
00944246.png,0,0,0,0,0,0,0,0,0,0,0,0,0,0,0,0,0,0,0,1,0
00944611.png,100,0,0,0,0,0,0,0,0,0,0,0,0,0,0,0,0,0,0,1,0
00944633.png,100,0,0,0,0,0,0,0,0,0,0,0,0,0,0,0,0,0,0,1,0
00944660.png,100,0,0,0,0,0,0,0,0,0,0,0,0,0,0,0,0,0,0,1,0
00944724.png,100,0,0,0,0,0,0,0,0,0,0,0,0,0,0,0,0,0,0,1,0
00944842.png,0,1,0,0,0,0,0,0,0,0,0,0,0,0,0,0,0,0,1,0,1
00945115.png,0,1,0,1,0,0,1,0,0,0,0,0,0,0,0,0,0,0,1,0,1
00945227.png,0,1,0,1,0,0,0,0,0,0,0,0,0,0,0,0,0,0,1,0,1
00945376.png,0,1,0,0,0,0,1,0,0,0,0,0,0,0,0,0,0,0,1,0,1
00945406.png,5,0,0,0,0,0,0,0,0,0,0,0,0,0,0,0,0,0,0,1,0
00945804.png,0,0,0,1,0,0,1,0,0,0,0,0,0,0,0,0,0,0,1,0,1
00945880.png,0,1,0,0,0,0,1,0,0,0,1,0,0,0,0,0,0,0,0,0,1
00945974.png,0,1,0,0,0,0,1,0,0,0,0,0,0,0,0,0,0,0,0,0,1
00946071.png,0,1,0,0,0,0,0,0,0,0,1,1,0,0,0,0,0,0,0,0,1
00946225.png,10,0,0,0,0,0,0,0,0,0,0,0,0,0,0,0,0,0,0,1,0
00946464.png,0,0,0,0,0,0,0,0,0,0,0,0,0,0,0,0,0,0,0,1,0
00946494.png,5,1,0,0,0,0,1,0,0,0,0,0,0,0,0,0,0,0,1,0,1
00946562.png,0,1,1,0,0,0,1,0,0,0,0,0,0,0,0,0,0,0,0,0,1
00946841.png,10,0,0,0,0,0,0,0,0,0,0,0,0,0,0,0,0,0,0,1,0
00946855.png,0,0,0,0,0,0,0,0,0,0,0,0,0,0,0,0,0,0,0,1,0
00946959.png,0,0,0,0,0,0,0,0,0,0,0,0,0,0,0,0,0,0,0,1,0
00947002.png,0,0,0,0,0,0,0,0,0,0,0,0,0,0,0,0,0,0,0,1,0
00947212.png,0,0,0,0,0,0,0,0,0,0,0,0,0,1,0,0,0,0,1,0,1
00947322.png,0,1,1,0,0,0,1,0,0,0,1,0,0,0,0,0,0,0,0,0,1
00947945.png,0,0,0,0,0,0,1,0,1,0,0,1,0,1,0,0,0,0,0,0,1
00947953.png,10,1,0,0,0,0,0,0,0,0,1,1,0,1,0,0,0,0,1,0,1
00947967.png,10,0,0,1,0,0,1,1,0,0,0,0,0,0,0,0,0,0,0,0,1
00947970.png,10,1,0,0,0,0,0,0,0,0,0,0,0,0,0,0,0,0,0,0,0
00948033.png,10,1,0,0,0,0,1,0,0,1,0,0,0,0,0,0,0,0,0,0,1
00948088.png,0,1,0,0,0,0,0,0,0,0,0,0,0,0,0,0,0,0,1,0,1
00948096.png,10,1,0,0,0,0,0,0,0,0,0,0,0,0,0,0,0,0,0,0,0
00948112.png,10,0,0,0,0,0,0,0,0,0,0,0,0,0,0,0,0,0,0,1,0
00948239.png,0,0,0,0,0,0,1,0,0,0,0,0,0,0,0,0,0,0,0,0,1
00948296.png,0,1,0,0,0,0,0,0,0,0,1,0,0,0,0,0,0,0,1,0,1
00948349.png,10,0,0,0,0,0,0,0,0,0,0,0,0,0,0,0,0,1,0,0,1
00948363.png,10,0,0,0,0,0,0,0,0,0,0,0,0,0,0,0,0,0,0,1,0
00948471.png,2,1,0,0,0,0,0,0,0,0,0,0,0,0,0,0,0,0,1,0,1
00948473.png,2,1,0,0,0,0,0,0,0,0,0,0,0,0,0,0,0,0,0,0,0
00948774.png,0,0,0,0,0,0,1,0,0,0,0,0,0,0,0,0,0,0,1,0,1
00949189.png,0,1,0,0,0,0,1,0,0,0,0,0,0,0,0,0,0,0,0,0,1
00949276.png,0,0,0,0,0,0,0,0,0,0,0,0,0,0,0,0,0,0,0,1,0
00949455.png,0,0,0,0,0,0,0,0,0,0,1,0,0,0,0,0,0,0,0,0,1
00949535.png,0,0,0,0,0,0,0,0,0,0,0,0,0,0,0,0,0,0,1,0,1
00949650.png,0,0,0,0,0,0,0,0,0,0,0,0,0,0,0,0,0,0,1,0,1
00949764.png,0,1,0,0,0,0,1,0,0,0,1,0,0,0,0,0,0,0,0,0,1
00949957.png,0,1,0,0,0,0,0,0,0,0,0,0,0,0,0,0,0,0,1,0,1
00950128.png,20,1,0,0,0,0,1,0,0,0,0,0,0,0,0,0,0,0,1,0,1
00950463.png,0,1,0,0,0,0,0,0,0,0,0,0,0,0,0,0,0,0,1,0,1
00950488.png,0,0,0,0,0,0,0,0,0,0,0,0,0,0,0,0,0,0,0,1,0
00950524.png,0,0,0,0,0,0,0,0,0,0,0,0,0,0,0,0,0,0,0,1,0
00950843.png,0,0,0,0,0,0,0,0,0,0,0,0,0,0,0,0,0,0,0,1,0
00951446.png,0,1,0,0,0,0,0,0,0,0,0,0,0,0,0,0,0,0,0,0,0
00951562.png,0,1,0,0,0,0,0,0,0,0,1,0,0,0,0,0,0,0,1,0,1
00951596.png,2,0,0,0,0,0,0,0,0,0,0,0,0,0,0,0,0,0,0,1,0
00951858.png,30,1,0,0,0,0,0,0,0,0,0,0,0,0,0,0,0,1,0,0,1
00952000.png,0,1,0,0,0,0,0,0,0,0,0,0,0,0,0,0,0,0,1,0,1
00952166.png,0,0,0,0,0,0,0,0,0,0,0,0,0,0,0,0,0,0,0,1,0
00952178.png,0,0,0,0,0,0,0,0,0,0,0,0,0,0,0,0,0,0,0,1,0
00952198.png,0,0,0,0,0,0,0,0,0,0,0,0,0,0,0,0,0,0,0,1,0
00952249.png,0,0,0,0,0,0,0,0,0,0,0,0,0,0,0,0,0,0,0,1,0
00952365.png,0,0,0,0,0,0,0,0,0,0,0,0,0,0,0,0,0,0,0,1,0
00952549.png,2,0,0,0,0,0,0,0,0,0,0,0,0,0,0,0,0,0,0,1,0
00952624.png,2,0,0,0,0,0,0,0,0,0,0,0,0,0,0,0,0,0,0,1,0
00952929.png,10,0,0,0,0,0,0,0,0,0,0,0,0,0,0,0,0,0,0,1,0
00953131.png,10,0,0,0,0,0,1,0,0,0,0,0,0,0,1,0,0,0,0,0,1
00953433.png,40,1,0,0,0,0,0,0,0,0,0,0,0,0,0,0,0,0,1,0,1
00953462.png,10,0,0,0,0,0,1,0,0,0,0,0,0,0,0,0,0,0,0,0,1
00953555.png,0,1,0,0,0,0,0,0,0,0,0,0,0,0,0,0,0,0,0,0,0
00953721.png,10,0,0,0,0,0,0,0,0,0,0,0,0,0,0,0,0,1,0,0,1
00953865.png,10,0,0,0,0,0,0,0,0,0,0,0,0,0,0,0,0,0,0,1,0
00953911.png,10,0,0,0,0,0,1,0,0,0,0,0,0,0,0,0,0,0,1,0,1
00953919.png,40,1,0,0,0,0,0,0,0,0,0,0,0,0,0,0,0,0,0,0,0
00954090.png,2,0,0,0,0,0,0,0,0,0,0,0,0,0,0,0,0,0,0,1,0
00954251.png,10,0,0,0,0,0,0,0,0,0,0,0,0,0,0,1,0,0,0,0,1
00954316.png,0,1,0,0,0,0,1,0,0,0,1,0,0,0,0,0,0,0,1,0,1
00954410.png,0,0,0,0,0,0,1,0,0,0,0,0,0,0,0,0,0,0,0,0,1
00954454.png,0,1,1,0,0,0,1,0,0,0,0,0,0,0,0,0,0,0,0,0,1
00954556.png,0,1,1,0,0,0,0,0,0,0,0,0,0,0,0,0,0,0,0,0,1
00954608.png,20,0,0,0,0,0,0,0,0,0,0,0,0,0,0,0,0,1,0,0,1
00954770.png,10,0,0,0,0,0,0,0,0,0,0,0,0,0,0,0,0,0,0,1,0
00954825.png,5,0,0,0,0,0,0,0,0,0,0,0,0,0,0,0,0,1,0,0,1
00954979.png,10,0,0,0,0,0,1,0,0,0,0,0,0,1,0,0,0,0,1,0,1
00955020.png,10,1,0,0,0,0,1,0,0,0,0,0,0,0,0,0,0,0,0,0,1
00955318.png,0,0,0,0,0,0,0,0,0,0,0,0,0,0,0,0,0,0,0,1,0
00955418.png,10,1,0,0,0,0,0,0,0,0,0,0,0,0,0,0,0,0,0,0,0
00955635.png,10,0,0,0,0,0,0,0,0,0,0,0,0,0,0,0,1,0,0,0,1
00955687.png,0,0,0,0,0,0,0,0,0,0,0,0,0,0,0,0,0,0,1,0,1
00955804.png,0,1,0,0,0,0,0,0,0,0,0,0,0,0,0,0,0,0,1,0,1
00955909.png,10,0,0,0,0,0,0,0,0,0,0,0,0,0,0,0,0,0,1,0,1
00956123.png,10,1,0,0,0,0,0,0,0,0,0,0,0,0,0,0,0,0,0,0,0
00956146.png,0,0,0,0,0,0,0,0,0,0,0,0,0,0,0,0,0,0,0,1,0
00956150.png,0,0,0,0,0,0,0,0,0,0,0,0,0,0,0,0,0,0,0,1,0
00956433.png,0,1,0,0,0,0,0,0,0,0,0,0,0,0,0,0,0,0,0,0,0
00956442.png,0,0,0,0,0,0,0,0,0,0,0,0,0,0,0,0,0,0,1,0,1
00956468.png,10,0,0,1,0,0,1,0,0,0,0,0,0,0,1,0,0,0,0,0,1
00956601.png,0,0,0,0,0,0,0,0,0,0,0,0,0,0,0,0,0,0,0,1,0
00956660.png,0,0,0,0,0,0,0,0,0,0,0,0,0,0,0,0,0,0,0,1,0
00956665.png,0,0,0,0,0,0,0,0,0,0,0,0,0,0,0,0,0,0,0,1,0
00956945.png,2,0,0,0,0,0,0,0,0,0,0,0,0,0,0,0,0,0,0,1,0
00956962.png,10,0,0,0,0,0,0,0,0,0,0,0,0,0,0,0,0,0,0,1,0
00957026.png,2,0,0,0,0,0,0,0,0,0,0,0,0,0,0,0,0,0,0,1,0
00957029.png,2,0,0,0,0,0,0,0,0,0,0,0,0,0,0,0,0,0,0,1,0
00957090.png,10,0,0,0,0,0,0,0,0,0,0,0,0,0,0,0,0,0,0,1,0
00957172.png,0,1,0,0,0,0,1,0,0,0,0,0,0,0,0,0,0,0,0,0,1
00957173.png,0,0,0,0,0,0,1,0,0,0,0,0,0,0,0,0,0,0,0,0,1
00957215.png,100,0,0,0,0,0,0,0,0,0,0,0,0,0,0,0,0,0,0,1,0
00957360.png,0,0,0,0,0,0,0,0,0,0,0,0,0,0,0,0,0,0,0,1,0
00957379.png,0,0,0,0,0,0,0,0,0,0,0,0,0,0,0,0,0,0,0,1,0
00957428.png,0,0,0,0,0,0,0,1,0,0,0,0,0,0,0,0,0,0,0,0,1
00957436.png,0,0,0,0,0,0,0,0,0,0,0,0,0,0,0,0,0,0,0,1,0
00957457.png,0,0,0,0,0,0,0,0,0,0,0,0,0,0,0,0,0,0,0,1,0
00957492.png,0,0,0,0,0,0,1,0,0,0,1,1,0,0,1,0,0,0,0,0,1
00957540.png,0,0,0,0,0,0,0,0,0,0,0,0,0,0,0,0,1,0,0,0,1
00957730.png,0,0,0,0,0,0,0,0,0,0,0,0,0,0,0,0,0,0,0,1,0
00957756.png,1,0,0,0,0,0,0,0,0,0,0,0,0,0,0,0,0,0,0,1,0
00957860.png,1,0,0,0,0,0,0,0,0,0,0,0,0,0,0,0,0,0,0,1,0
00958134.png,4,1,0,0,0,0,0,0,0,0,0,0,0,0,0,0,0,0,1,0,1
00958234.png,0,0,0,0,0,0,0,0,0,0,0,0,0,0,0,0,0,0,0,1,0
00958408.png,0,0,0,0,0,0,0,0,0,0,0,0,0,0,0,0,0,0,0,1,0
00958531.png,0,0,0,0,0,0,0,0,0,0,0,0,0,0,0,0,0,0,0,1,0
00958677.png,2,1,0,0,0,0,0,0,0,0,0,0,0,0,0,0,0,0,0,0,0
00958768.png,10,0,0,0,0,0,0,0,0,0,0,0,0,0,0,0,0,0,0,1,0
00958892.png,5,0,0,0,0,0,0,0,0,0,0,0,0,0,0,0,0,0,0,1,0
00959229.png,2,1,0,0,0,0,0,0,0,0,0,0,0,0,0,0,0,0,0,0,0
00959422.png,5,1,0,0,0,0,0,0,0,0,0,0,0,0,0,0,0,0,0,0,0
00959442.png,40,1,0,0,0,0,0,0,0,0,0,0,0,0,0,0,0,0,0,0,0
00959658.png,5,0,0,0,0,0,0,0,0,0,0,0,0,0,0,0,0,0,0,1,0
00959674.png,2,0,0,0,0,0,0,0,0,0,0,0,0,0,0,0,0,0,0,1,0
00959675.png,2,0,0,0,0,0,0,0,0,0,0,0,0,0,0,0,0,0,0,1,0
00959977.png,0,0,0,0,0,0,1,0,0,0,0,0,0,0,0,0,0,0,0,0,1
00960162.png,0,0,0,0,0,0,0,0,0,0,0,0,0,0,0,0,0,0,0,1,0
00960236.png,0,0,0,0,0,0,0,0,0,0,0,0,0,0,0,0,0,0,0,1,0
00960304.png,0,0,0,0,0,0,0,0,0,0,0,0,0,0,0,0,0,0,0,1,0
00960319.png,0,0,0,0,0,0,1,0,0,0,0,0,0,1,0,0,0,0,0,0,1
00960349.png,0,0,0,0,0,0,0,0,0,0,0,1,0,1,0,0,0,0,0,0,1
00960380.png,0,1,0,0,0,0,1,0,0,0,0,0,0,0,0,0,0,0,1,0,1
00960526.png,0,1,0,0,0,0,1,0,0,0,0,0,0,0,0,0,0,0,1,0,1
00960701.png,0,1,0,0,0,0,0,0,0,0,0,0,0,0,0,0,0,0,0,0,0
00961334.png,30,0,0,0,0,0,1,0,0,0,0,1,0,0,0,0,0,0,0,0,1
00961446.png,40,0,0,0,0,0,0,0,0,0,0,0,0,0,0,0,0,0,0,1,0
00961588.png,0,0,0,0,0,0,1,0,0,0,0,0,0,0,0,0,0,0,0,0,1
00961595.png,0,1,0,0,0,0,1,0,0,0,1,0,0,1,0,0,0,0,0,0,1
00961782.png,30,0,0,0,0,0,1,0,0,1,0,0,0,0,0,0,0,0,0,0,1
00962121.png,20,0,0,0,0,0,0,0,0,0,0,0,0,0,0,0,0,0,0,1,0
00962644.png,30,0,0,0,0,0,0,0,0,0,0,0,0,0,0,0,0,0,0,1,0
00962825.png,30,0,0,0,0,0,0,0,0,0,0,0,0,0,0,0,0,0,0,1,0
00963077.png,2,0,0,0,0,0,0,0,0,0,0,0,0,0,0,0,0,0,0,1,0
00963156.png,2,0,0,1,0,0,1,0,0,0,0,0,0,0,0,0,0,0,0,0,1
00963386.png,30,0,0,0,0,0,0,0,0,0,0,0,0,0,0,0,0,0,0,1,0
00963812.png,10,1,0,0,0,0,0,0,1,0,0,0,0,0,0,0,0,0,0,0,1
00963876.png,20,0,1,0,0,0,0,0,0,0,0,0,0,0,0,0,0,0,0,0,1
00964054.png,2,0,0,0,0,0,0,0,0,0,0,0,0,0,0,0,0,0,0,1,0
00964081.png,10,1,1,1,0,0,1,0,0,0,0,0,0,0,1,0,0,0,0,0,1
00964194.png,5,0,0,0,0,0,0,0,0,0,0,0,0,0,0,0,0,0,0,1,0
00964422.png,5,0,0,0,0,0,0,0,0,0,0,0,0,0,0,0,0,0,0,1,0
00964449.png,10,1,0,0,0,0,0,0,0,0,0,0,0,0,0,0,0,0,0,0,0
00964601.png,5,0,0,0,0,0,0,0,0,0,0,0,0,0,0,0,0,0,0,1,0
00964698.png,2,1,0,1,0,0,0,0,0,0,0,0,0,0,0,0,0,0,0,0,1
00964728.png,2,1,0,1,0,0,1,0,0,0,0,0,0,0,0,0,0,0,0,0,1
00964732.png,2,0,0,1,0,0,0,0,0,0,0,0,0,0,0,0,0,0,1,0,1
00964766.png,2,0,0,1,0,0,1,0,0,0,0,0,0,0,0,0,0,0,0,0,1
00964990.png,20,0,0,0,0,0,0,0,0,0,0,0,0,0,0,0,0,0,0,1,0
00965008.png,20,0,0,0,0,0,0,0,0,0,0,0,0,0,0,0,0,0,0,1,0
00965053.png,20,0,0,0,0,0,0,0,0,0,0,0,0,0,0,0,0,0,0,1,0
00965150.png,20,0,0,0,0,0,0,0,0,0,0,0,0,0,0,0,0,0,0,1,0
00965335.png,30,0,0,0,0,0,0,0,0,0,0,0,0,0,0,0,0,0,0,1,0
00965361.png,30,0,0,0,0,0,1,0,0,1,0,0,0,0,0,0,0,0,0,0,1
00965605.png,2,0,0,0,0,0,1,0,0,0,0,0,0,0,0,0,0,0,0,0,1
00965679.png,2,0,0,0,0,0,0,0,0,0,0,0,0,0,0,0,0,0,0,1,0
00965713.png,10,1,0,0,0,0,0,0,0,0,0,0,0,0,0,0,0,0,0,0,0
00965743.png,30,0,0,0,0,0,1,0,0,1,0,1,0,0,0,0,0,0,0,0,1
00965902.png,30,0,0,0,0,0,0,0,0,0,0,0,0,0,0,0,0,0,0,1,0
00965919.png,40,0,0,0,0,0,0,0,0,1,0,1,0,0,0,0,0,0,0,0,1
00966054.png,50,0,0,0,0,0,0,0,0,0,0,0,0,0,0,0,0,0,0,1,0
00966336.png,5,0,0,0,0,0,0,0,0,0,0,0,0,0,0,0,0,0,0,1,0
00966425.png,5,0,1,1,0,0,0,0,0,0,0,0,0,0,0,0,0,0,1,0,1
00966454.png,2,0,0,0,0,0,0,0,0,0,0,0,0,0,0,0,0,0,0,1,0
00966473.png,2,0,0,0,0,0,0,0,0,0,0,0,0,0,0,0,0,0,0,1,0
00966700.png,5,0,0,1,0,0,1,0,0,0,0,0,0,0,0,0,0,0,0,0,1
00966794.png,20,0,0,0,0,0,0,0,0,0,0,0,0,0,0,0,0,0,0,1,0
00967232.png,20,0,0,0,0,0,0,0,0,0,0,0,0,0,0,0,0,0,0,1,0
00967238.png,20,0,0,0,0,0,0,0,0,1,0,1,0,0,0,0,0,0,0,0,1
00967387.png,20,0,0,0,0,0,0,0,0,0,0,0,0,0,0,0,0,0,0,1,0
00967424.png,20,0,0,0,0,0,0,0,0,0,0,0,0,0,0,0,0,0,0,1,0
00967503.png,10,0,0,0,0,0,0,0,0,0,0,0,0,0,0,0,0,0,0,1,0
00967607.png,0,0,0,0,0,0,0,0,0,0,0,0,0,0,0,0,0,0,0,1,0
00967772.png,10,0,0,0,0,0,0,0,0,0,0,0,0,0,0,0,0,0,0,1,0
00967788.png,10,0,0,0,0,0,0,0,0,0,0,0,0,0,0,0,0,0,0,1,0
00967792.png,10,0,0,0,0,0,0,0,0,0,0,0,0,0,0,0,0,0,0,1,0
00968122.png,10,0,0,0,0,0,0,0,0,0,0,0,0,0,0,0,0,0,0,1,0
00968155.png,10,0,0,0,0,0,0,0,0,0,0,0,0,0,0,0,0,0,0,1,0
00968236.png,10,0,0,0,0,0,0,0,0,0,0,0,0,0,0,0,0,0,0,1,0
00968316.png,10,0,0,0,0,0,0,0,0,0,0,0,0,0,0,0,0,0,0,1,0
00968355.png,10,0,0,0,0,0,0,0,0,0,0,0,0,0,0,0,0,0,0,1,0
00968363.png,10,0,0,0,0,0,0,0,0,0,0,0,0,0,0,0,0,0,0,1,0
00968600.png,0,0,0,0,0,0,0,0,0,0,0,0,0,0,0,0,0,0,0,1,0
00968825.png,10,0,0,0,0,0,0,0,0,0,0,0,0,0,0,0,0,0,0,1,0
00968895.png,10,0,0,0,0,0,0,0,0,0,0,0,0,0,0,0,0,0,0,1,0
00969046.png,10,0,0,1,0,0,1,0,0,0,0,0,0,0,0,0,0,0,0,0,1
00969310.png,0,0,0,0,0,0,0,0,0,0,0,0,0,0,0,0,0,0,0,1,0
00969373.png,0,0,0,0,0,0,0,0,0,0,0,0,0,0,0,0,0,0,0,1,0
00969413.png,0,0,0,0,0,0,0,0,0,0,0,0,0,0,0,0,0,0,0,1,0
00969491.png,0,0,0,0,0,0,0,0,0,0,0,0,0,0,0,0,0,0,0,1,0
00969503.png,10,0,0,0,0,0,0,0,0,0,0,0,0,0,0,0,0,0,0,1,0
00969580.png,10,0,0,0,0,0,0,0,0,0,0,0,0,0,0,0,0,0,0,1,0
00969823.png,0,1,0,0,0,0,0,0,0,0,0,0,0,0,0,0,0,0,1,0,1
00970604.png,0,0,0,0,0,0,0,0,0,0,0,0,0,0,0,0,0,0,0,1,0
00970635.png,0,0,0,0,0,0,0,0,0,0,0,0,0,0,0,0,0,0,0,1,0
00970796.png,0,0,0,0,0,0,0,0,0,0,0,0,0,0,0,0,0,0,0,1,0
00970813.png,0,0,0,0,0,0,0,0,0,0,0,0,0,0,0,0,0,0,0,1,0
00970891.png,0,0,0,0,0,0,0,0,0,0,0,0,0,0,0,0,0,0,0,1,0
00971073.png,0,0,0,0,0,0,0,0,0,0,0,0,0,0,0,0,0,0,0,1,0
00971344.png,0,0,0,0,0,0,0,0,0,0,0,0,0,0,0,0,0,0,0,1,0
00971465.png,0,0,0,0,0,0,0,0,0,0,0,0,0,0,0,0,0,0,0,1,0
00971622.png,0,0,0,0,0,0,0,0,0,0,0,0,0,1,0,0,0,0,1,0,1
00971680.png,0,0,0,0,0,0,0,0,0,0,0,0,0,0,0,0,0,0,0,1,0
00971721.png,0,0,0,0,0,0,0,0,0,0,0,0,0,0,0,0,0,0,0,1,0
00971766.png,0,0,0,0,0,0,0,0,0,0,0,0,0,0,0,0,0,0,0,1,0
00971814.png,0,0,0,0,0,0,0,0,0,0,0,0,0,0,0,0,0,0,0,1,0
00972146.png,0,1,0,0,0,0,0,0,0,0,0,0,0,0,0,0,0,0,0,0,0
00972212.png,0,0,0,0,0,0,0,0,0,0,0,0,0,0,0,0,0,0,0,1,0
00972423.png,10,0,0,0,0,0,0,0,0,0,0,0,0,0,0,0,0,0,0,1,0
00972472.png,0,0,0,0,0,0,0,0,0,0,0,0,0,0,0,0,0,0,0,1,0
00972560.png,10,0,0,0,0,0,0,0,0,0,0,0,0,0,0,0,0,0,0,1,0
00972577.png,0,0,0,0,0,0,0,0,0,0,0,0,0,0,0,0,0,0,0,1,0
00972646.png,0,0,0,0,0,0,0,0,0,0,0,0,0,0,0,0,0,0,0,1,0
00972724.png,0,0,0,0,0,0,0,0,0,0,0,0,0,0,0,0,0,0,0,1,0
00972752.png,10,0,0,0,0,0,0,0,0,0,0,0,0,0,0,0,0,0,0,1,0
00973121.png,0,0,0,0,0,0,0,0,0,0,0,0,0,0,0,0,0,0,0,1,0
00973238.png,0,0,0,0,0,0,0,0,0,0,0,0,0,0,0,0,0,0,0,1,0
00973520.png,0,0,0,0,0,0,0,0,0,0,0,0,0,0,0,0,0,0,0,1,0
00973527.png,0,0,0,0,0,0,0,0,0,0,0,0,0,0,0,0,0,0,0,1,0
00973548.png,0,0,0,0,0,0,0,0,0,0,0,0,0,0,0,0,0,0,0,1,0
00973555.png,0,0,0,0,0,0,0,0,0,0,0,0,0,0,0,0,0,0,0,1,0
00973581.png,0,0,0,0,0,0,0,0,0,0,0,0,0,0,0,0,0,0,0,1,0
00973804.png,0,0,0,0,0,0,0,0,0,0,0,0,0,0,0,0,0,0,0,1,0
00973895.png,0,0,0,0,0,0,0,0,0,0,0,0,0,0,0,0,0,0,0,1,0
00974245.png,0,0,0,0,0,0,0,0,0,0,0,0,0,0,0,0,0,0,0,1,0
00974357.png,0,0,0,0,0,0,0,0,0,0,0,0,0,0,0,0,0,0,0,1,0
00974406.png,0,0,0,0,0,0,0,0,0,0,0,0,0,0,0,0,0,0,0,1,0
00974556.png,0,0,0,0,0,0,0,0,0,0,0,0,0,0,0,0,0,0,0,1,0
00974685.png,2,0,0,0,0,0,0,0,0,0,0,0,0,0,0,0,0,0,0,1,0
00974720.png,10,0,0,0,0,0,0,0,0,0,0,0,0,0,0,0,0,0,0,1,0
00975013.png,5,0,0,0,0,0,1,0,0,0,0,0,0,0,0,0,0,0,0,0,1
00975030.png,2,0,0,0,0,0,0,0,0,0,0,0,0,0,0,0,0,0,0,1,0
00975088.png,20,0,0,0,0,0,0,0,0,0,0,0,0,0,0,0,0,0,0,1,0
00975451.png,10,0,0,0,0,0,0,0,0,0,0,0,0,0,0,0,0,0,0,1,0
00975555.png,10,1,0,0,0,0,0,0,0,0,0,0,0,0,0,0,0,0,0,0,0
00975651.png,10,0,0,0,0,0,0,0,0,0,0,1,0,0,0,0,0,0,0,0,1
00975766.png,5,0,0,0,0,0,0,0,0,0,0,0,0,0,0,0,0,0,0,1,0
00975863.png,5,0,0,0,0,0,0,0,0,0,0,0,0,0,0,0,0,0,0,1,0
00975978.png,10,1,0,0,0,0,0,0,0,0,0,0,0,0,0,0,0,0,0,0,0
00975988.png,10,0,0,0,0,0,0,0,0,0,0,0,0,0,0,0,0,0,0,1,0
00976047.png,10,0,0,0,0,0,0,0,0,0,0,0,0,0,0,0,0,0,0,1,0
00976255.png,5,0,0,0,0,0,0,0,0,0,0,0,0,0,0,0,0,0,0,1,0
00976261.png,5,0,0,0,0,0,0,0,0,0,0,0,0,0,0,0,0,0,0,1,0
00976435.png,10,0,0,0,0,0,0,0,0,0,0,0,0,0,0,0,0,0,0,1,0
00976730.png,5,0,0,1,0,0,0,0,0,1,0,0,0,0,0,0,0,0,0,0,1
00976818.png,0,0,0,0,0,0,0,0,0,0,0,0,0,0,0,0,0,0,0,1,0
00976888.png,5,0,0,0,0,0,0,0,0,0,0,0,0,0,0,0,0,0,0,1,0
00976971.png,20,0,0,0,0,0,0,0,0,0,0,0,0,0,0,0,0,0,0,1,0
00977010.png,5,0,0,0,0,0,0,0,0,0,0,0,0,0,0,0,0,0,0,1,0
00977049.png,10,0,0,0,0,0,0,0,0,0,0,0,0,0,0,0,0,0,0,1,0
00977085.png,10,0,0,0,0,0,0,0,0,0,0,0,0,0,0,1,0,0,0,0,1
00977146.png,10,0,0,0,0,0,0,0,0,0,0,0,0,0,0,0,0,0,0,1,0
00977221.png,0,1,0,0,0,0,0,0,0,0,0,0,0,0,0,0,0,0,1,0,1
00977255.png,0,1,0,0,0,0,1,0,0,0,0,0,0,0,0,0,0,0,1,0,1
00977382.png,10,0,0,0,0,0,0,0,0,0,0,0,0,0,0,0,0,0,0,1,0
00977433.png,0,0,0,0,0,0,0,0,0,0,0,0,0,0,0,0,0,0,0,1,0
00977642.png,0,1,0,1,0,0,1,1,0,1,0,1,0,0,0,0,0,0,0,0,1
00977853.png,0,0,0,0,0,0,0,0,0,0,0,0,0,0,0,0,0,0,0,1,0
00978191.png,5,0,0,0,0,0,0,0,0,0,0,1,0,0,0,0,0,0,0,0,1
00978525.png,5,0,0,0,0,1,0,0,0,0,0,0,0,0,0,0,0,0,1,0,1
00978637.png,0,1,0,0,0,0,0,0,0,0,0,0,0,0,0,0,0,0,1,0,1
00978688.png,20,1,0,0,0,0,0,0,0,0,0,0,0,0,0,0,0,1,0,0,1
00978785.png,0,1,0,0,0,0,0,0,0,0,0,0,0,0,0,0,0,0,1,0,1
00978883.png,0,1,0,0,0,0,0,0,0,0,0,0,0,0,0,0,0,0,1,0,1
00979112.png,10,0,0,0,0,0,0,0,0,0,0,0,0,0,0,0,0,0,0,1,0
00979160.png,10,0,0,0,0,0,0,0,0,0,0,1,0,0,0,1,0,0,0,0,1
00979385.png,0,1,0,0,0,0,0,0,0,0,0,0,0,0,0,0,0,0,1,0,1
00979457.png,0,0,0,0,0,0,0,0,0,0,0,0,0,0,0,0,0,0,0,1,0
00979596.png,10,0,0,0,0,0,0,0,0,0,0,0,0,0,0,1,0,0,0,0,1
00979631.png,10,0,0,0,1,0,0,0,0,0,0,1,0,0,0,0,0,0,0,0,1
00979837.png,0,0,0,0,0,0,0,0,0,0,0,0,0,0,0,0,0,0,0,1,0
00979929.png,10,1,0,0,0,0,0,0,0,0,0,0,0,0,0,0,0,1,0,0,1
00979962.png,30,1,0,0,0,0,0,0,0,0,0,0,0,0,0,0,0,0,0,0,0
00980012.png,10,0,0,0,0,1,0,0,0,0,0,0,0,0,0,0,0,0,0,0,1
00980054.png,30,0,0,0,0,0,0,0,0,0,0,0,0,0,0,0,0,0,0,1,0
00980152.png,10,1,0,0,0,1,0,0,0,0,0,0,0,0,0,0,0,0,0,0,1
00980215.png,10,0,0,0,0,0,0,0,0,0,0,0,0,0,0,0,0,0,0,1,0
00980671.png,0,0,0,0,0,0,1,0,0,0,1,0,0,0,0,0,0,0,0,0,1
00981306.png,20,0,0,0,0,0,0,0,0,0,0,0,0,0,0,0,0,0,0,1,0
00981430.png,0,1,1,0,0,0,0,0,0,0,0,0,0,0,0,0,0,0,0,0,1
00981808.png,0,0,0,0,0,0,0,0,0,0,0,0,0,0,0,0,0,0,0,1,0
00981835.png,0,0,0,0,0,0,0,0,0,0,0,0,0,0,0,0,0,0,0,1,0
00981853.png,0,0,0,0,0,0,0,0,0,0,0,0,0,0,0,0,0,0,1,0,1
00981854.png,0,1,0,0,0,0,0,0,0,0,0,0,0,0,0,0,0,0,0,0,0
00982045.png,0,1,0,0,0,0,0,0,0,0,0,0,0,0,0,0,0,0,1,0,1
00982091.png,0,0,1,1,0,0,1,0,0,0,0,0,0,0,0,0,0,0,1,0,1
00982104.png,10,1,0,0,0,0,0,0,0,0,1,0,0,0,0,0,0,0,0,0,1
00982237.png,0,0,0,0,0,0,0,0,0,0,0,0,0,0,0,0,0,0,0,1,0
00982272.png,0,1,0,0,0,0,0,0,0,0,0,0,0,0,0,0,0,0,1,0,1
00982825.png,5,0,1,1,0,0,1,0,1,0,0,0,0,0,0,0,0,0,0,0,1
00982846.png,0,0,0,1,0,0,1,0,1,0,0,0,0,0,0,0,0,0,1,0,1
00982920.png,0,0,0,1,1,0,1,0,0,0,0,0,0,1,0,0,0,0,1,0,1
00983129.png,0,1,0,0,0,0,0,0,0,0,0,0,0,0,0,0,0,0,1,0,1
00983407.png,0,0,0,0,0,0,0,0,0,0,0,0,0,0,0,0,0,0,1,0,1
00983694.png,0,0,0,0,0,0,0,0,0,0,1,0,0,0,0,0,0,1,0,0,1
00983859.png,0,0,0,0,0,0,0,0,0,0,0,0,0,0,0,0,0,0,1,0,1
00983903.png,10,0,0,0,0,0,0,0,0,0,0,0,0,0,0,0,0,0,0,1,0
00983965.png,0,0,0,0,0,0,0,0,0,0,0,0,0,0,0,0,0,0,0,1,0
00984184.png,10,1,0,0,0,0,1,0,0,0,0,0,0,0,0,0,0,0,1,0,1
00984274.png,0,0,0,0,0,0,0,0,0,0,0,0,0,0,0,0,0,0,1,0,1
00984292.png,0,1,0,0,0,0,0,0,0,0,0,0,0,0,0,0,0,0,1,0,1
00984425.png,0,1,0,0,0,0,0,0,0,0,0,0,0,0,0,0,0,0,0,0,0
00984568.png,5,1,0,0,0,0,0,0,0,0,0,0,0,0,0,0,0,0,0,0,0
00984599.png,10,1,0,0,0,0,0,0,0,0,0,0,0,0,0,0,0,0,1,0,1
00984619.png,0,1,0,0,0,0,0,0,0,0,0,0,0,0,0,0,0,0,1,0,1
00984729.png,2,0,0,0,0,0,0,0,0,0,0,0,0,0,0,0,0,0,0,1,0
00984763.png,0,1,0,0,0,0,0,0,0,0,0,0,0,0,0,0,0,0,1,0,1
00984817.png,30,1,0,0,0,0,0,0,0,0,0,0,0,0,0,0,0,0,0,0,0
00985209.png,0,1,0,0,0,0,0,0,0,0,0,0,0,0,0,0,0,0,1,0,1
00985280.png,10,1,0,0,0,0,0,0,0,0,0,0,0,0,0,0,0,1,0,0,1
00985371.png,0,1,0,0,1,0,0,0,0,0,0,0,0,0,0,0,0,0,1,0,1
00985653.png,5,1,0,0,0,0,0,0,0,0,0,0,0,0,0,0,0,0,0,0,0
00985768.png,0,1,0,0,0,0,0,0,0,0,0,0,0,0,0,0,0,0,1,0,1
00986002.png,0,1,0,0,1,0,0,0,0,0,0,0,0,0,0,0,0,0,1,0,1
00986054.png,10,0,0,0,0,0,0,0,0,0,0,0,0,0,0,0,0,0,0,1,0
00986245.png,2,0,0,0,0,0,0,0,0,0,0,0,0,0,0,0,0,0,0,1,0
00986318.png,5,0,0,0,0,0,0,0,0,0,0,0,0,0,0,0,0,0,0,1,0
00986389.png,5,0,0,0,0,0,0,0,0,0,0,0,0,0,0,0,0,1,0,0,1
00986564.png,0,1,0,0,1,0,0,0,0,0,0,0,0,0,0,0,0,0,1,0,1
00986573.png,0,1,0,0,1,0,0,0,0,0,0,0,0,0,0,0,0,0,1,0,1
00986579.png,0,1,0,0,0,0,0,0,0,0,0,0,0,0,0,0,0,0,0,0,0
00986620.png,0,1,0,0,1,0,0,0,0,0,0,0,0,0,0,0,0,0,1,0,1
00986696.png,0,1,0,0,0,0,0,0,0,0,0,0,0,0,0,0,0,0,1,0,1
00986735.png,5,1,0,0,0,0,0,0,0,0,0,0,0,0,0,0,0,1,0,0,1
00986755.png,5,0,0,0,0,0,0,0,0,0,0,0,0,0,0,0,0,1,0,0,1
00987001.png,0,1,0,0,0,0,0,0,0,0,0,0,0,0,0,0,0,1,0,0,1
00987205.png,0,1,0,0,0,0,0,0,0,0,0,0,0,0,0,0,0,0,1,0,1
00987256.png,0,0,0,0,0,0,0,0,0,0,0,0,0,0,0,1,0,0,0,0,1
00987317.png,30,0,0,0,0,0,0,0,0,0,0,0,0,0,0,0,0,0,0,1,0
00987501.png,5,0,0,0,0,0,0,0,0,0,0,0,0,0,0,0,0,0,0,1,0
00987517.png,20,1,0,0,0,0,0,0,0,0,0,0,0,0,0,0,0,1,0,0,1
00987608.png,5,0,0,0,0,0,0,0,0,0,0,0,0,0,0,0,0,0,0,1,0
00987655.png,5,1,0,0,0,0,0,0,0,0,0,0,0,0,0,0,0,0,0,0,0
00987957.png,0,1,0,0,0,0,0,0,0,0,0,0,0,0,0,0,0,0,0,0,0
00988061.png,0,0,0,1,0,0,1,0,0,0,0,0,0,0,0,0,0,0,1,0,1
00988171.png,10,0,0,0,0,0,0,0,0,0,0,0,0,0,0,0,0,0,0,1,0
00988194.png,0,1,0,0,0,0,1,0,0,0,0,0,0,0,0,0,0,0,1,0,1
00988293.png,10,0,0,0,0,1,0,0,0,0,0,0,0,0,0,1,0,0,0,0,1
00988427.png,2,0,0,0,0,0,0,0,0,0,0,0,0,0,0,0,0,0,0,1,0
00988459.png,0,1,0,0,0,0,0,0,0,0,1,1,0,0,0,0,0,0,1,0,1
00988483.png,10,1,0,0,0,0,0,0,0,0,1,1,0,0,0,0,0,0,1,0,1
00988486.png,10,0,0,1,0,0,0,0,0,0,0,1,0,0,0,0,0,0,0,0,1
00988489.png,10,1,0,1,0,0,0,0,0,0,0,1,0,0,0,0,0,0,1,0,1
00988729.png,10,0,0,0,0,1,0,0,0,0,1,0,0,0,0,0,0,0,1,0,1
00989268.png,10,0,0,0,0,0,0,0,0,0,0,0,0,0,0,0,0,0,0,1,0
00989429.png,40,1,0,0,0,0,0,0,0,0,0,0,0,0,0,0,0,0,0,0,0
00989529.png,0,1,0,0,0,0,1,0,0,0,0,0,0,0,0,0,0,0,1,0,1
00989664.png,10,0,1,0,0,0,1,0,0,0,0,0,0,0,1,0,0,0,0,0,1
00989843.png,10,0,0,0,0,0,0,0,0,0,0,0,0,0,0,0,0,0,0,1,0
00989917.png,5,0,0,1,0,0,1,0,0,0,0,0,0,0,1,0,0,0,0,0,1
00990156.png,5,0,1,1,0,0,1,0,0,0,0,0,0,0,1,0,0,0,0,0,1
00990182.png,5,0,0,1,0,0,1,0,0,0,1,0,0,1,0,0,0,0,0,0,1
00990303.png,20,1,0,0,0,0,0,0,0,0,1,0,0,0,0,0,0,0,0,0,1
00990328.png,10,0,0,0,0,0,0,0,0,0,0,0,0,0,0,0,0,0,0,1,0
00990334.png,10,0,0,0,0,0,0,0,0,0,0,0,0,0,0,0,0,0,0,1,0
00990562.png,20,0,0,0,0,0,0,0,0,0,0,0,0,0,0,0,0,0,0,1,0
00990666.png,10,0,0,0,0,0,0,0,0,0,0,0,0,0,0,0,0,0,0,1,0
00990924.png,40,0,0,0,0,0,0,0,0,0,0,0,0,0,0,0,0,0,0,1,0
00991014.png,10,0,0,0,0,0,0,0,0,0,0,0,0,0,0,0,0,0,0,1,0
00991504.png,0,0,0,0,0,0,0,0,0,0,0,0,0,0,0,0,0,0,0,1,0
00991967.png,0,1,0,0,0,0,0,0,0,0,0,0,0,0,0,0,0,0,0,0,0
00992171.png,0,0,0,0,0,0,0,0,0,0,0,0,0,0,0,0,0,0,0,1,0
00992332.png,5,1,0,0,0,0,0,0,0,0,0,0,0,0,0,0,0,0,0,0,0
00992406.png,5,0,0,0,0,0,0,0,0,0,0,0,0,0,0,0,0,0,0,1,0
00992524.png,2,0,0,0,0,0,0,0,0,0,0,0,0,0,0,0,0,0,0,1,0
00992630.png,2,0,0,0,0,0,0,0,0,0,0,0,0,0,0,0,0,0,0,1,0
00992716.png,2,0,0,0,0,0,0,0,0,0,0,0,0,0,0,0,0,0,0,1,0
00992722.png,2,0,0,0,0,0,0,0,0,0,0,0,0,0,0,0,0,0,0,1,0
00993007.png,5,0,0,0,0,0,0,0,0,0,0,0,0,0,0,0,0,0,0,1,0
00993014.png,5,0,0,0,0,0,0,0,0,0,0,0,0,0,0,0,0,0,0,1,0
00993287.png,0,0,0,0,0,0,0,0,0,0,0,0,0,1,0,0,0,0,0,0,1
00993327.png,0,0,0,0,0,0,0,0,0,0,0,0,0,0,0,0,0,0,0,1,0
00993591.png,0,0,0,0,0,0,0,0,0,0,0,0,0,0,0,0,0,0,0,1,0
00994093.png,0,0,0,0,0,0,0,0,0,0,0,0,0,0,0,0,0,0,0,1,0
00994127.png,0,1,0,0,0,0,1,0,0,0,1,0,0,0,0,0,0,0,0,0,1
00994177.png,0,1,0,0,0,0,0,0,0,0,0,0,0,0,0,0,0,0,0,0,0
00994273.png,10,1,0,0,0,0,0,0,0,0,0,0,0,0,0,0,0,0,0,0,0
00994356.png,10,0,0,0,0,0,0,0,0,0,0,0,0,0,0,0,0,0,0,1,0
00994692.png,0,0,0,0,0,0,0,0,0,0,0,0,0,0,0,0,0,0,0,1,0
00995117.png,0,1,0,0,0,0,0,0,0,0,0,0,0,0,0,0,0,0,0,0,0
00995207.png,0,0,0,0,0,0,0,0,0,0,0,0,0,0,0,0,0,0,0,1,0
00995374.png,0,0,0,0,0,0,0,0,0,0,0,0,0,0,0,0,0,0,0,1,0
00995457.png,10,0,0,0,0,0,0,0,0,0,0,0,0,0,0,0,0,0,0,1,0
00995729.png,0,0,0,0,0,0,0,0,0,0,0,0,0,0,0,0,0,0,0,1,0
00995738.png,0,0,0,0,0,0,0,0,0,0,0,0,0,0,0,0,0,0,0,1,0
00995799.png,0,0,0,0,0,0,0,0,0,0,0,0,0,0,0,0,0,0,0,1,0
00995814.png,0,0,0,0,0,0,0,0,0,0,0,0,0,0,0,0,0,0,0,1,0
00995830.png,0,0,0,0,0,0,0,0,0,0,0,0,0,0,0,0,0,0,0,1,0
00996246.png,0,0,0,0,0,0,0,0,0,0,0,0,0,0,0,0,0,0,0,1,0
00996262.png,0,0,0,0,0,0,0,0,0,0,0,0,0,0,0,0,0,0,0,1,0
00996581.png,0,0,0,0,0,0,0,0,0,0,0,0,0,0,0,0,0,0,0,1,0
00996778.png,0,0,0,0,0,0,0,0,0,0,0,0,0,0,0,0,0,0,0,1,0
00996801.png,0,0,0,0,0,0,0,0,0,0,0,0,0,0,0,0,0,0,0,1,0
00996848.png,0,0,0,0,0,0,0,0,0,0,0,0,0,0,0,0,0,0,0,1,0
00997270.png,0,0,0,0,0,0,0,0,0,0,0,0,0,0,0,0,0,0,0,1,0
00997462.png,0,0,0,0,0,0,0,0,0,0,0,0,0,0,0,0,0,0,0,1,0
00997541.png,0,0,0,0,0,0,0,0,0,0,0,0,0,0,0,0,0,0,0,1,0
00997659.png,0,0,0,0,0,0,0,0,0,0,0,0,0,0,0,0,0,0,0,1,0
00997683.png,0,0,0,0,0,0,0,0,0,0,0,0,0,0,0,0,0,0,0,1,0
00997723.png,0,0,0,0,0,0,0,0,0,0,0,0,0,0,0,0,0,0,0,1,0
00997756.png,0,0,0,0,0,0,0,0,0,0,0,0,0,0,0,0,0,0,0,1,0
00997807.png,0,0,0,0,0,0,1,0,0,0,0,0,0,0,0,0,0,0,0,0,1
00997952.png,10,0,0,0,0,0,0,0,0,0,0,0,0,0,0,0,0,0,0,1,0
00998526.png,0,0,0,0,0,0,0,0,0,0,0,0,0,0,0,0,0,0,0,1,0
00998548.png,0,0,0,0,0,0,0,0,0,0,0,0,0,0,0,0,0,0,0,1,0
00998592.png,0,0,0,0,0,0,0,0,0,0,0,0,0,0,0,0,0,0,0,1,0
00998649.png,10,0,0,0,0,0,0,0,0,0,0,0,0,0,0,0,0,0,0,1,0
00998704.png,10,0,0,0,0,0,0,0,0,0,0,0,0,0,0,0,0,0,0,1,0
00998757.png,2,1,0,0,0,0,0,0,0,0,0,0,0,0,0,0,0,0,0,0,0
00998767.png,0,0,0,0,0,0,0,0,0,0,0,0,0,0,0,0,0,0,0,1,0
00998931.png,0,0,0,0,0,0,0,0,0,0,0,0,0,0,0,0,0,0,0,1,0
00999036.png,5,0,0,0,0,0,0,0,0,0,0,0,0,0,0,0,0,0,0,1,0
00999047.png,5,0,0,1,0,0,0,0,0,0,0,0,0,1,0,0,0,0,0,0,1
00999117.png,5,1,0,0,0,0,0,0,0,0,0,0,0,0,0,0,0,0,0,0,0
00999191.png,2,0,0,0,0,0,0,0,0,0,0,0,0,0,0,0,0,0,0,1,0
00999275.png,10,0,0,0,0,0,0,0,0,0,0,0,0,0,0,0,0,0,0,1,0
00999411.png,0,0,0,0,0,0,0,0,0,0,0,0,0,0,0,0,0,0,0,1,0
00999547.png,0,0,0,0,0,0,0,0,0,0,0,0,0,0,0,0,0,0,0,1,0
00999754.png,0,0,0,0,0,0,0,0,0,0,0,0,0,0,0,0,0,0,0,1,0
00999808.png,2,0,0,0,0,0,0,0,0,0,0,0,0,0,0,0,0,0,0,1,0
00999910.png,10,0,0,0,0,0,0,0,0,0,0,0,0,0,0,0,0,0,0,1,0
01000056.png,20,0,0,0,0,0,1,0,0,0,0,0,0,0,0,0,0,0,0,0,1
01000141.png,20,0,0,0,0,0,0,0,0,0,0,0,0,0,0,0,0,0,0,1,0
01000658.png,2,0,0,0,0,0,0,0,0,0,0,0,0,0,0,0,0,0,0,1,0
01000759.png,0,0,0,0,0,0,0,0,0,0,0,0,0,0,0,0,0,0,0,1,0
01000788.png,20,0,0,0,0,0,1,1,0,1,0,1,0,0,0,0,0,0,0,0,1
01001027.png,5,0,0,0,0,0,0,0,0,0,0,0,0,0,0,0,0,0,0,1,0
01001179.png,0,0,0,0,0,0,0,0,0,0,0,0,0,0,0,0,0,0,0,1,0
01001344.png,5,0,0,0,0,0,1,0,0,0,0,0,0,0,0,0,0,0,0,0,1
01001441.png,2,0,0,0,0,0,0,0,0,0,0,0,0,0,0,0,0,0,0,1,0
01001450.png,20,1,0,0,0,0,0,0,0,0,0,0,0,0,0,0,0,0,0,0,0
01001479.png,2,0,0,0,0,0,0,0,0,0,0,0,0,0,0,0,0,0,0,1,0
01001641.png,2,1,0,0,0,0,0,0,0,0,0,0,0,0,0,0,0,0,0,0,0
01001659.png,2,0,1,1,0,0,1,0,0,0,0,0,0,0,1,0,0,0,0,0,1
01001708.png,5,0,0,0,0,0,0,0,0,0,0,0,0,0,0,0,0,0,0,1,0
01001792.png,5,0,0,0,0,0,0,0,0,0,0,0,0,0,0,0,0,0,0,1,0
01002033.png,10,0,0,0,0,0,0,0,0,0,0,0,0,0,0,0,0,0,0,1,0
01002076.png,10,0,0,0,0,0,0,0,0,0,0,0,0,0,0,0,0,0,0,1,0
01002177.png,20,0,0,0,0,0,0,0,0,0,0,0,0,0,0,0,0,0,0,1,0
01002205.png,2,0,0,0,0,0,0,0,0,0,0,0,0,0,0,0,0,0,0,1,0
01002579.png,2,0,0,0,0,0,0,0,0,0,0,0,0,0,0,0,0,0,0,1,0
01002617.png,5,0,0,0,0,0,0,0,0,0,0,0,0,0,0,0,0,0,0,1,0
01002702.png,0,0,0,0,0,0,0,0,0,0,0,0,0,0,0,0,0,0,0,1,0
01003135.png,2,0,0,1,0,0,1,0,0,0,0,0,0,0,0,0,0,0,0,0,1
01003398.png,10,0,0,1,0,0,1,0,0,0,0,0,0,0,1,0,0,0,0,0,1
01003477.png,0,0,0,0,0,0,0,0,0,0,0,0,0,0,0,0,0,0,0,1,0
01003484.png,0,0,0,0,0,0,0,0,0,0,0,0,0,0,0,0,0,0,0,1,0
01003592.png,0,0,0,0,0,0,0,0,0,0,0,0,0,0,0,0,0,0,1,0,1
01003697.png,0,0,0,0,0,0,0,0,0,0,0,0,0,0,0,0,0,0,0,1,0
01003723.png,0,0,0,0,0,0,0,0,0,0,0,0,0,0,0,0,0,0,0,1,0
01004028.png,5,0,0,0,0,0,0,0,0,0,0,0,0,0,0,0,0,0,0,1,0
01004070.png,5,1,0,0,0,0,0,0,0,0,0,0,0,0,0,0,0,0,0,0,0
01004129.png,10,1,1,0,0,0,1,0,0,0,0,0,0,0,0,0,0,0,1,0,1
01004174.png,10,0,0,0,1,0,0,0,0,0,0,0,0,0,0,0,0,1,0,0,1
01004226.png,10,0,0,0,0,0,0,0,0,0,0,0,0,0,0,0,0,0,0,1,0
01004938.png,5,0,0,0,0,0,0,0,0,0,0,0,0,0,0,0,0,0,0,1,0
01004945.png,5,1,0,0,0,0,0,0,0,0,0,0,0,0,0,0,0,0,0,0,0
01005011.png,5,1,0,0,0,0,0,0,0,0,0,0,0,0,0,0,0,0,0,0,0
01005034.png,2,0,0,0,0,0,0,0,0,0,0,0,0,0,0,0,0,0,0,1,0
01005066.png,0,0,0,0,0,0,0,0,0,0,0,0,0,0,0,0,0,0,0,1,0
01005133.png,0,0,0,0,0,0,0,0,0,0,0,0,0,0,0,0,0,0,0,1,0
01005302.png,2,0,0,1,0,0,1,0,1,0,0,1,0,0,0,0,0,0,0,0,1
01005323.png,20,1,0,1,0,0,1,0,0,0,0,1,0,0,0,0,0,0,0,0,1
01005576.png,5,0,0,0,0,0,0,0,0,0,0,0,0,0,0,0,0,0,0,1,0
01005758.png,30,0,0,0,0,0,0,0,0,0,0,0,0,0,0,0,0,0,0,1,0
01005957.png,30,0,0,0,0,0,0,0,0,0,0,0,0,0,0,0,0,0,0,1,0
01005971.png,30,0,0,0,0,0,0,0,0,1,0,0,0,0,0,0,0,0,0,0,1
01005980.png,30,0,0,0,0,0,0,0,0,0,0,0,0,0,0,0,0,0,0,1,0
01005992.png,30,0,0,1,0,0,1,0,1,0,0,0,0,0,0,0,0,0,0,0,1
01006097.png,10,0,0,0,0,0,0,0,0,0,0,0,0,0,0,0,0,0,0,1,0
01006107.png,10,1,0,0,0,0,0,0,1,0,0,0,0,0,0,0,0,0,0,0,1
01006509.png,30,0,0,0,0,0,0,0,0,0,0,0,0,0,0,0,0,0,0,1,0
01006599.png,30,0,0,0,0,0,0,0,0,0,0,0,0,0,0,0,0,0,0,1,0
01006728.png,5,0,0,0,0,0,0,0,0,0,0,0,0,0,0,0,0,0,0,1,0
01006991.png,2,0,0,0,0,0,0,0,0,0,0,0,0,0,0,0,0,0,0,1,0
01007288.png,0,0,0,1,0,0,1,0,0,0,0,0,0,0,0,0,0,0,0,0,1
01007321.png,30,1,0,1,0,0,1,0,0,0,0,0,0,1,0,0,0,0,0,0,1
01007576.png,0,0,0,1,0,0,1,0,0,0,0,0,0,0,0,0,0,0,0,0,1
01007699.png,2,0,0,0,0,0,0,0,0,0,0,0,0,0,0,0,0,0,0,1,0
01007772.png,2,0,0,0,0,0,0,0,0,0,0,0,0,0,0,0,0,0,0,1,0
01007812.png,2,0,0,0,0,0,0,0,0,0,0,0,0,0,0,0,0,0,0,1,0
01007985.png,2,0,0,1,0,0,1,0,0,0,0,0,0,0,0,0,0,0,0,0,1
01008128.png,2,0,0,0,0,0,0,0,0,0,0,0,0,0,0,0,0,0,0,1,0
01008234.png,20,0,0,0,0,0,0,0,0,0,0,0,0,0,0,0,0,0,0,1,0
01008256.png,20,0,0,0,0,0,0,0,0,0,0,0,0,0,0,0,0,0,0,1,0
01008257.png,20,0,0,0,0,0,0,0,0,0,0,0,0,0,0,0,0,0,0,1,0
01008383.png,5,0,0,0,0,0,0,0,0,0,0,0,0,0,0,0,0,0,0,1,0
01008588.png,0,0,0,0,0,0,0,0,0,0,0,0,0,0,0,0,0,0,0,1,0
01008750.png,0,0,0,0,0,0,0,0,0,0,0,0,0,0,0,0,0,0,0,1,0
01008781.png,0,0,0,0,0,0,0,0,0,0,0,0,0,0,0,0,0,0,0,1,0
01008800.png,0,0,0,0,0,0,0,0,0,0,0,0,0,0,0,0,0,0,0,1,0
01008874.png,0,0,0,0,0,0,1,0,0,0,0,0,0,0,0,0,0,0,0,0,1
01008883.png,10,0,0,0,0,0,0,0,0,0,0,0,0,0,0,0,0,0,0,1,0
01009063.png,10,0,0,0,0,0,0,0,0,0,0,0,0,0,0,0,0,0,0,1,0
01009173.png,10,0,0,0,0,0,0,0,0,0,0,0,0,0,0,0,0,0,0,1,0
01009265.png,10,0,0,0,0,0,0,0,0,0,0,0,0,0,0,0,0,0,0,1,0
01009295.png,10,0,0,0,0,0,0,0,0,0,0,0,0,0,0,0,0,0,0,1,0
01009335.png,10,0,1,0,0,0,0,0,0,0,0,0,0,0,1,0,0,0,0,0,1
01009800.png,0,0,0,0,0,0,0,0,0,0,0,0,0,0,0,0,0,0,0,1,0
01009989.png,5,1,0,0,0,0,0,0,0,0,0,0,0,0,0,0,0,0,0,0,0
01010061.png,10,1,0,0,0,0,0,0,0,0,0,0,0,0,0,0,0,0,0,0,0
01010103.png,10,0,0,0,0,0,0,0,0,0,0,0,0,0,0,0,0,0,0,1,0
01010483.png,5,1,0,0,0,0,0,0,0,0,0,0,0,0,0,0,0,0,0,0,0
01010533.png,5,0,0,1,0,0,1,0,0,0,0,0,0,0,0,0,0,0,0,0,1
01010587.png,5,0,0,0,0,0,0,0,0,0,0,0,0,0,0,0,0,0,0,1,0
01010600.png,2,0,0,0,0,0,0,0,0,0,0,0,0,0,0,0,0,0,0,1,0
01010678.png,5,0,0,0,0,0,1,0,0,0,0,0,0,0,0,0,0,0,0,0,1
01010773.png,5,0,0,0,0,0,0,0,0,0,0,0,0,0,0,0,0,0,0,1,0
01010791.png,2,0,0,0,0,0,1,0,0,0,0,0,0,0,0,0,0,0,0,0,1
01010825.png,10,1,0,0,0,0,0,0,0,0,0,0,0,0,0,0,0,0,0,0,0
01010862.png,0,0,0,0,0,0,0,0,0,0,0,0,0,0,0,0,0,0,0,1,0
01010948.png,0,0,0,0,0,0,0,0,0,0,0,0,0,0,0,0,0,0,0,1,0
01011089.png,2,1,0,0,0,0,0,0,0,0,0,0,0,0,0,0,0,0,0,0,0
01011222.png,0,0,0,0,0,0,0,0,0,0,0,0,0,0,0,0,0,0,0,1,0
01011267.png,0,0,0,0,0,0,0,0,0,0,0,0,0,0,0,0,0,0,0,1,0
01011414.png,0,0,0,0,0,0,0,0,0,0,0,0,0,0,0,0,0,0,0,1,0
01011448.png,0,0,0,0,0,0,0,0,0,0,0,0,0,0,0,0,0,0,0,1,0
01011572.png,0,0,0,0,0,0,0,0,0,0,0,0,0,0,0,0,0,0,0,1,0
01011626.png,0,0,0,0,0,0,0,0,0,0,0,0,0,0,0,0,0,0,0,1,0
01011880.png,0,0,0,0,0,0,0,0,0,0,0,0,0,0,0,0,0,0,0,1,0
01012179.png,10,0,0,0,0,0,0,0,0,0,0,0,0,0,0,0,0,0,0,1,0
01012226.png,2,0,0,0,0,0,0,0,0,0,0,0,0,0,0,0,0,0,0,1,0
01012286.png,5,0,0,0,0,0,0,0,0,0,0,0,0,0,0,0,0,0,0,1,0
01012345.png,5,0,0,0,0,0,0,0,0,0,0,0,0,0,0,0,0,0,0,1,0
01012353.png,5,0,0,0,0,1,0,0,0,0,0,0,0,0,0,0,0,0,0,0,1
01012480.png,2,0,0,0,0,0,0,0,0,0,0,0,0,0,0,0,0,0,0,1,0
01012522.png,5,1,0,0,0,1,0,0,0,0,0,0,0,0,0,0,0,0,0,0,1
01012706.png,5,1,0,0,0,0,0,0,0,0,0,0,0,0,0,0,0,0,0,0,0
01012742.png,2,0,0,0,0,0,0,0,0,0,0,0,0,0,0,0,0,0,0,1,0
01012975.png,0,0,0,0,0,0,0,0,0,0,0,0,0,0,0,0,0,0,0,1,0
01013175.png,0,0,0,0,0,0,0,0,0,0,0,0,0,0,0,0,0,0,0,1,0
01013280.png,0,0,0,0,0,0,0,0,0,0,0,0,0,0,0,0,0,0,0,1,0
01013466.png,0,0,0,0,0,0,0,0,0,0,0,0,0,0,0,0,0,0,0,1,0
01013530.png,0,0,0,0,0,0,0,0,0,0,0,0,0,0,0,0,0,0,0,1,0
01013834.png,0,0,0,0,0,0,0,0,0,0,0,0,0,0,0,0,0,0,0,1,0
01013907.png,0,0,0,0,0,0,0,0,0,0,0,0,0,0,0,0,0,0,0,1,0
01013997.png,0,0,0,0,0,0,0,0,0,0,0,0,0,0,0,0,0,0,0,1,0
01014042.png,0,0,0,0,0,0,0,0,0,0,0,0,0,0,0,0,0,0,0,1,0
01014275.png,0,0,0,0,0,0,0,0,0,0,0,0,0,0,0,0,0,0,0,1,0
01014496.png,0,0,0,0,0,0,0,0,0,0,0,0,0,0,0,0,0,0,0,1,0
01014715.png,0,0,0,0,0,0,0,0,0,0,0,0,0,0,0,0,0,0,0,1,0
01014729.png,0,0,0,0,0,0,0,0,0,0,0,0,0,0,0,0,0,0,0,1,0
01014800.png,0,0,0,0,0,0,0,0,0,0,0,0,0,0,0,0,0,0,0,1,0
01014992.png,5,0,0,0,0,0,0,0,0,0,0,0,0,0,0,0,0,0,0,1,0
01015012.png,5,0,0,0,0,0,1,0,0,0,0,0,0,1,0,0,0,0,0,0,1
01015074.png,10,0,0,0,0,0,0,0,0,0,0,0,0,0,0,0,0,0,0,1,0
01015127.png,10,0,1,0,0,0,0,0,0,0,0,0,0,0,0,0,0,0,0,0,1
01015159.png,5,0,0,0,0,0,0,0,0,0,0,0,0,0,0,0,0,0,0,1,0
01015186.png,5,0,0,0,0,0,0,0,0,0,0,0,0,0,0,0,0,0,0,1,0
01015269.png,10,0,0,0,0,0,0,0,0,0,0,0,0,0,0,0,0,0,0,1,0
01015345.png,5,0,0,0,0,0,0,0,0,0,0,0,0,0,0,0,0,0,0,1,0
01015724.png,5,0,0,0,0,0,0,0,0,0,0,0,0,0,0,0,0,0,0,1,0
01015974.png,20,1,0,0,0,0,0,0,0,0,0,0,0,0,0,0,0,0,0,0,0
01015976.png,10,0,0,0,0,0,0,0,0,0,0,1,0,0,0,0,0,0,0,0,1
01016023.png,10,0,0,0,0,0,0,0,0,0,0,0,0,0,0,0,0,0,0,1,0
01016026.png,10,0,0,0,0,0,0,0,0,0,0,0,0,0,0,0,0,0,0,1,0
01016097.png,20,0,0,0,0,1,1,0,0,0,0,1,0,0,0,0,0,0,0,0,1
01016486.png,5,0,0,0,0,0,0,0,0,0,0,0,0,0,0,0,0,0,0,1,0
01016545.png,0,0,0,0,0,0,0,0,0,0,0,0,0,0,0,0,0,0,0,1,0
01016673.png,5,0,0,0,0,0,0,0,0,0,0,0,0,0,0,0,0,0,0,1,0
01016697.png,5,0,0,0,0,0,0,0,0,0,0,0,0,0,0,0,0,0,0,1,0
01016794.png,20,1,0,0,0,0,0,0,0,0,0,0,0,0,0,0,0,0,0,0,0
01016804.png,10,0,0,0,0,0,0,0,0,0,0,0,0,0,0,0,0,0,0,1,0
01017210.png,10,0,0,0,0,1,1,0,0,0,0,0,0,0,0,0,0,0,0,0,1
01017326.png,10,0,0,0,0,0,0,0,0,0,0,0,0,0,0,0,0,0,0,1,0
01017406.png,40,0,0,0,0,0,0,0,0,0,0,0,0,0,0,0,0,0,0,1,0
01017613.png,20,0,0,0,0,0,0,0,0,0,0,0,0,0,0,0,0,0,0,1,0
01017652.png,0,0,0,0,0,0,0,0,0,0,0,0,0,0,0,0,0,0,0,1,0
01017730.png,20,1,0,0,0,0,0,0,0,0,0,0,0,0,0,0,0,0,1,0,1
01017768.png,0,1,0,0,0,0,0,0,0,0,1,1,0,0,0,0,0,0,0,0,1
01018118.png,10,1,0,0,0,1,0,0,0,0,1,0,0,0,0,0,0,0,0,0,1
01018155.png,5,0,0,0,0,0,1,0,0,0,0,1,0,0,0,0,0,0,0,0,1
01018422.png,10,0,0,0,0,0,0,0,0,0,0,0,0,0,0,0,0,0,0,1,0
01018483.png,10,0,0,0,0,0,0,0,0,0,0,0,0,0,0,0,0,0,0,1,0
01018742.png,2,1,0,1,0,0,0,0,0,0,0,0,0,0,0,0,0,0,0,0,1
01018773.png,5,0,0,0,0,0,1,0,1,0,0,0,0,0,0,0,0,0,0,0,1
01018999.png,0,0,0,0,0,0,0,0,0,0,0,0,0,0,0,0,0,0,0,1,0
01019126.png,30,1,0,1,0,0,0,0,0,0,0,0,0,0,0,0,0,0,0,0,1
01019212.png,20,0,0,0,0,0,1,0,0,0,0,0,0,0,0,0,0,0,0,0,1
01019253.png,10,0,0,0,0,0,0,0,0,0,0,0,0,0,0,0,0,0,0,1,0
01019514.png,10,0,0,1,0,0,1,0,0,0,0,1,0,0,0,0,0,0,0,0,1
01019549.png,10,0,0,0,0,0,0,0,0,0,0,0,0,0,0,0,0,0,0,1,0
01019626.png,10,0,0,0,0,0,0,0,0,0,0,0,0,0,0,0,0,0,0,1,0
01019787.png,10,1,0,0,0,0,0,0,0,0,0,0,0,0,0,0,0,0,0,0,0
01019870.png,10,0,0,0,0,0,0,0,0,0,0,0,0,0,0,0,0,0,0,1,0
01019962.png,0,1,0,0,0,0,0,0,0,0,0,0,0,0,0,0,0,0,0,0,0
01019979.png,10,0,0,0,0,0,1,0,0,0,0,0,0,0,0,0,0,0,0,0,1
01020022.png,20,0,0,0,0,0,0,0,0,0,0,0,0,0,0,0,0,0,0,1,0
01020024.png,30,0,0,0,0,0,0,0,0,0,0,0,0,0,0,0,0,0,0,1,0
01020234.png,10,1,0,0,0,0,0,0,0,0,0,0,0,0,0,0,0,0,0,0,0
01020344.png,10,0,0,0,0,0,0,0,0,0,0,0,0,0,0,0,0,0,0,1,0
01020417.png,0,1,0,0,0,0,0,0,0,0,0,0,0,0,0,0,0,0,0,0,0
01020421.png,0,1,0,0,0,0,0,0,0,0,0,0,0,0,0,0,0,0,0,0,0
01020435.png,10,0,0,0,0,0,0,0,0,0,0,0,0,0,0,0,0,0,0,1,0
01020648.png,30,0,0,0,0,0,0,0,0,0,0,0,0,0,0,0,0,0,0,1,0
01020684.png,40,0,0,0,0,0,0,0,0,0,0,0,0,0,0,0,0,0,0,1,0
01020704.png,10,0,0,0,0,0,0,0,0,0,0,0,0,0,0,0,0,0,0,1,0
01020750.png,10,0,0,0,0,0,0,0,0,0,0,0,0,0,0,0,0,0,0,1,0
01020764.png,10,0,0,0,0,0,0,0,0,0,0,0,0,0,0,0,0,0,0,1,0
01020851.png,10,0,0,0,0,0,0,0,0,0,0,0,0,0,0,0,0,0,0,1,0
01020904.png,10,0,0,0,0,0,0,0,0,0,0,0,0,0,0,0,0,0,0,1,0
01020918.png,10,1,0,0,0,0,0,0,0,0,0,0,0,0,0,0,0,0,0,0,0
01020978.png,10,0,0,0,0,0,0,0,0,0,0,0,0,0,0,0,0,0,0,1,0
01021079.png,10,0,0,0,0,0,0,0,0,0,0,0,0,0,0,0,0,0,0,1,0
01021542.png,10,0,0,1,0,0,0,0,0,0,0,1,0,0,0,0,0,0,0,0,1
01021621.png,0,0,0,1,0,0,1,0,0,0,0,0,0,0,1,0,0,0,0,0,1
01021646.png,0,0,0,1,0,0,1,0,0,0,0,0,0,1,1,0,0,0,0,0,1
01021763.png,0,0,0,1,0,0,1,0,1,0,0,0,0,0,0,0,0,0,0,0,1
01021775.png,0,0,1,1,0,0,1,0,0,0,1,0,0,0,0,0,0,0,0,0,1
01021821.png,10,1,0,1,0,0,1,0,1,0,0,0,0,0,0,0,0,0,0,0,1
01021826.png,10,0,0,1,0,0,1,0,1,0,0,0,0,0,1,0,0,0,0,0,1
01021886.png,0,0,0,0,0,0,0,0,0,0,0,0,0,0,0,0,0,0,0,1,0
01022220.png,10,1,0,1,0,0,1,0,0,0,0,0,0,0,0,0,0,0,0,0,1
01022256.png,10,0,0,1,0,0,1,0,0,0,0,0,0,0,0,0,0,0,0,0,1
01022437.png,0,0,0,0,0,0,0,0,0,0,0,0,0,0,0,0,0,0,0,1,0
01022598.png,10,0,0,0,0,0,0,0,0,0,0,0,0,1,0,0,0,0,0,0,1
01022706.png,0,0,0,0,0,0,0,0,0,0,0,0,0,0,0,0,0,0,0,1,0
01022713.png,20,0,0,0,0,0,0,0,0,0,0,0,0,0,0,0,0,0,0,1,0
01022791.png,0,0,0,0,0,0,0,0,0,0,0,0,0,0,0,0,0,0,0,1,0
01022897.png,10,0,0,0,0,0,1,0,0,0,0,0,0,0,0,0,0,0,0,0,1
01023066.png,20,0,0,0,0,1,1,0,0,0,0,0,0,0,0,0,0,0,0,0,1
01023136.png,10,0,0,0,0,0,0,0,0,0,0,0,0,0,0,0,0,0,0,1,0
01023264.png,0,1,0,0,0,1,1,0,0,0,1,0,0,0,0,0,0,0,0,0,1
01023267.png,0,0,0,0,0,0,0,0,0,0,0,0,0,0,0,0,0,0,0,1,0
01023398.png,0,1,0,0,0,0,0,0,0,0,0,0,0,0,0,0,0,0,0,0,0
01023457.png,0,1,0,0,0,1,0,0,0,0,0,0,0,0,0,0,0,0,0,0,1
01023615.png,0,0,0,0,0,1,1,0,0,0,0,0,0,0,0,0,0,0,0,0,1
01023774.png,0,0,0,0,0,0,0,0,0,0,0,0,0,0,0,0,0,0,0,1,0
01023792.png,0,0,0,0,0,0,0,0,0,0,0,0,0,0,0,0,0,0,0,1,0
01023966.png,10,0,0,0,0,0,0,0,0,0,0,0,0,0,0,0,0,0,0,1,0
01024083.png,0,0,0,0,0,0,0,0,0,0,0,0,0,0,0,0,0,0,0,1,0
01024620.png,10,0,0,0,0,0,0,0,0,0,0,0,0,0,0,0,0,0,0,1,0
01024776.png,10,0,0,0,0,0,0,0,0,0,0,0,0,0,0,0,0,0,0,1,0
01024878.png,10,1,0,0,0,0,0,0,0,0,0,0,0,0,0,0,0,0,0,0,0
01024879.png,10,0,1,0,0,0,1,0,0,0,0,0,0,0,0,0,0,0,0,0,1
01025087.png,20,1,0,0,0,0,1,0,0,0,0,0,0,0,0,0,0,0,0,0,1
01025250.png,20,0,0,0,0,0,0,0,0,0,0,0,0,0,0,0,0,0,0,1,0
01025404.png,10,0,0,0,0,0,0,0,0,0,0,0,0,0,0,0,0,0,0,1,0
01025671.png,0,0,0,0,0,0,0,0,0,0,0,0,0,0,0,0,0,0,0,1,0
01025709.png,0,0,0,0,0,0,0,0,0,0,0,0,0,0,0,0,0,0,0,1,0
01025817.png,10,1,0,0,0,0,0,0,0,0,0,0,0,0,0,0,0,0,0,0,0
01025890.png,0,1,0,0,0,0,0,0,0,0,0,0,0,0,0,0,0,0,0,0,0
01026088.png,10,0,0,0,0,0,0,0,0,0,0,0,0,0,0,0,0,0,0,1,0
01026208.png,10,0,0,0,0,0,0,0,0,0,0,0,0,0,0,0,0,0,0,1,0
01026304.png,0,0,0,0,0,0,0,0,0,0,0,0,0,0,0,0,0,0,0,1,0
01026425.png,0,0,0,0,0,0,0,0,0,0,0,0,0,0,0,0,0,0,0,1,0
01026427.png,10,1,0,0,0,0,0,0,0,0,0,0,0,0,0,0,0,0,0,0,0
01026459.png,0,0,0,0,0,0,0,0,0,0,0,0,0,0,0,0,0,0,0,1,0
01026548.png,0,0,0,0,0,0,0,0,0,0,0,0,0,0,0,0,0,0,0,1,0
01026708.png,10,0,0,0,0,0,0,0,0,0,0,0,0,0,0,0,0,0,0,1,0
01026825.png,10,0,0,0,0,1,0,0,0,0,0,0,0,0,0,0,0,0,0,0,1
01027133.png,0,0,0,0,0,0,0,0,0,0,0,0,0,0,0,0,0,0,0,1,0
01027247.png,10,0,0,0,0,0,0,0,0,0,0,0,0,0,0,0,0,0,0,1,0
01027346.png,10,0,0,0,0,0,0,0,0,0,0,0,0,0,0,0,0,0,0,1,0
01027483.png,10,0,0,0,0,0,0,0,0,0,0,0,0,0,0,0,0,0,0,1,0
01027494.png,10,0,0,0,0,0,0,0,0,0,0,0,0,0,0,0,0,0,0,1,0
01027522.png,10,0,0,0,0,0,0,0,0,0,0,0,0,0,0,0,0,0,0,1,0
01027527.png,40,1,0,0,0,0,0,0,0,0,0,1,0,0,0,0,0,0,0,0,1
01027839.png,10,0,0,0,0,0,0,0,0,0,0,0,0,0,0,0,0,0,0,1,0
01027913.png,10,0,0,0,0,0,0,0,0,0,0,0,0,0,0,0,0,0,0,1,0
01027921.png,10,0,0,0,0,0,0,0,0,0,0,0,0,0,0,0,0,0,0,1,0
01028064.png,10,0,0,0,0,0,0,0,0,0,0,0,0,0,0,0,0,0,0,1,0
01028269.png,10,0,0,0,0,0,0,0,0,0,0,0,0,0,0,0,0,0,0,1,0
01028760.png,10,0,0,0,0,0,0,0,0,0,0,0,0,0,0,0,0,0,0,1,0
01028822.png,10,0,0,0,0,0,0,0,0,0,0,0,0,0,0,0,0,0,0,1,0
01028956.png,20,0,0,0,0,0,0,0,0,0,0,0,0,0,0,0,0,0,0,1,0
01028971.png,20,0,0,0,0,0,0,0,0,0,0,0,0,0,0,0,0,0,0,1,0
01028983.png,20,0,0,0,0,0,0,0,0,0,0,0,0,0,0,0,0,0,0,1,0
01029000.png,40,0,0,0,0,0,0,0,0,0,0,0,0,0,0,0,0,0,0,1,0
01029020.png,20,0,0,0,0,0,0,0,0,0,0,0,0,0,0,0,0,0,0,1,0
01029028.png,10,0,0,0,0,0,0,0,0,0,0,0,0,0,0,0,0,0,0,1,0
01029289.png,10,1,1,1,0,0,0,0,0,0,0,0,0,1,0,0,0,0,0,0,1
01029308.png,10,1,0,1,0,0,0,0,0,0,0,0,0,0,0,0,0,0,0,0,1
01029416.png,10,0,0,0,0,0,0,0,0,0,0,0,0,0,0,0,0,0,0,1,0
01029746.png,10,0,0,0,0,0,0,0,0,0,0,0,0,0,0,0,0,0,0,1,0
01029768.png,10,0,0,0,0,0,0,0,0,0,0,0,0,0,0,0,0,0,0,1,0
01029936.png,10,1,0,1,0,0,0,0,0,0,0,0,0,0,0,0,0,0,0,0,1
01030162.png,0,1,0,1,0,0,0,0,0,0,0,0,0,0,0,0,0,0,0,0,1
01030184.png,0,0,0,1,0,0,0,0,0,1,0,1,0,0,0,0,0,0,0,0,1
01030257.png,10,0,0,0,0,0,0,0,0,0,0,0,0,0,0,0,0,0,0,1,0
01030325.png,10,0,0,0,0,0,0,0,0,0,0,1,0,0,0,0,0,0,0,0,1
01030404.png,10,0,0,0,0,0,0,0,0,0,0,0,0,0,0,0,0,0,0,1,0
01030551.png,5,1,0,0,1,0,0,0,0,0,0,0,0,0,0,0,0,0,0,0,1
01030736.png,5,0,0,0,0,0,0,0,0,0,0,0,0,0,0,0,0,0,0,1,0
01031068.png,10,0,0,0,0,0,0,0,0,0,0,0,0,0,0,0,0,0,0,1,0
01031083.png,10,0,0,0,0,0,0,0,0,0,0,0,0,0,0,0,0,0,0,1,0
01031298.png,10,0,0,0,0,0,0,0,0,0,0,0,0,0,0,0,0,0,0,1,0
01031495.png,10,0,0,0,0,0,0,0,0,0,0,0,0,0,0,0,0,0,0,1,0
01031525.png,10,0,0,0,0,0,0,0,0,0,0,0,0,0,0,0,0,0,0,1,0
01031777.png,10,0,0,0,0,0,0,0,0,0,0,0,0,0,0,0,0,0,0,1,0
01032194.png,0,0,0,0,0,0,0,0,0,0,0,0,0,0,0,0,0,0,0,1,0
01032212.png,0,0,0,0,0,0,0,0,0,0,0,0,0,0,0,0,0,0,0,1,0
01032325.png,0,0,0,0,0,0,0,0,0,0,0,0,0,0,0,0,0,0,0,1,0
01032384.png,0,0,0,0,0,0,0,0,0,0,0,0,0,0,0,0,0,0,0,1,0
01032683.png,0,0,0,0,0,0,0,0,0,0,0,0,0,0,0,0,0,0,0,1,0
01032857.png,0,0,0,0,0,0,0,0,0,0,0,0,0,0,0,0,0,0,0,1,0
01032861.png,10,1,0,0,0,0,0,0,0,0,0,0,0,0,0,0,0,0,0,0,0
01033071.png,10,0,0,1,0,0,1,0,0,0,0,0,0,0,0,0,0,0,0,0,1
01033269.png,10,0,0,1,0,0,1,0,0,0,0,1,0,0,0,0,0,0,0,0,1
01033608.png,10,1,0,0,0,0,0,0,0,0,0,0,0,0,0,0,0,0,0,0,0
01033878.png,10,1,0,1,0,0,0,0,0,0,1,0,0,0,0,0,0,0,0,0,1
01033987.png,20,1,0,0,0,0,0,0,0,0,1,0,0,0,0,0,0,0,0,0,1
01034008.png,0,1,0,0,0,0,1,0,0,0,0,1,0,0,0,0,0,0,0,0,1
01034020.png,0,0,0,0,0,0,0,0,0,0,0,1,0,0,0,0,0,0,0,0,1
01034023.png,0,1,0,0,0,0,0,0,0,0,1,1,0,0,0,0,0,0,0,0,1
01034045.png,0,0,0,1,0,0,0,0,0,0,1,0,0,0,0,0,0,0,0,0,1
01034089.png,0,0,0,0,0,0,0,0,0,0,0,0,0,0,0,0,0,0,0,1,0
01034099.png,0,0,0,0,0,0,1,0,0,0,1,0,0,0,0,0,0,0,0,0,1
01034188.png,0,1,0,0,0,1,0,0,0,0,1,0,0,0,0,0,0,0,0,0,1
01034388.png,10,0,0,1,0,0,1,0,0,0,0,1,0,0,0,0,0,0,1,0,1
01034594.png,20,0,0,1,0,0,0,0,0,1,0,1,0,0,0,0,0,0,0,0,1
01034935.png,10,0,0,0,0,0,1,0,0,1,0,1,0,0,0,0,0,0,0,0,1
01034944.png,0,0,0,0,0,0,1,0,0,0,0,0,0,0,0,0,0,0,0,0,1
01034954.png,10,0,0,1,0,0,1,1,0,0,0,0,0,0,0,0,0,0,0,0,1
01035251.png,10,0,0,0,0,0,0,0,0,0,0,0,0,1,0,0,0,0,1,0,1
01035258.png,30,1,0,0,0,0,0,0,0,0,0,0,0,0,0,0,0,0,0,0,0
01035293.png,5,0,0,0,0,0,0,0,0,0,0,0,0,0,0,0,0,0,0,1,0
01035402.png,10,1,0,0,0,0,0,0,0,0,0,0,0,0,0,0,0,0,1,0,1
01035510.png,0,0,0,0,0,0,0,0,0,0,0,0,0,0,0,0,0,0,0,1,0
01035566.png,0,0,0,0,0,0,0,0,0,0,0,0,0,0,0,0,0,0,0,1,0
01035699.png,10,0,0,1,0,0,1,0,0,1,0,1,0,0,0,0,0,0,0,0,1
01036001.png,0,0,0,1,0,0,0,0,0,0,0,1,0,0,0,0,0,0,0,0,1
01036141.png,0,1,0,1,0,0,1,1,0,0,0,0,0,0,0,0,0,0,0,0,1
01036163.png,10,1,0,0,0,0,0,0,0,0,0,0,0,0,0,0,0,0,0,0,0
01036201.png,0,0,0,0,0,0,0,0,0,0,0,0,0,0,0,0,0,0,0,1,0
01036369.png,10,0,0,0,0,0,0,0,0,0,0,0,0,0,0,0,0,0,0,1,0
01036380.png,10,0,0,0,0,0,0,0,0,0,0,0,0,0,0,0,0,0,0,1,0
01036402.png,10,0,0,0,0,0,0,0,0,0,0,0,0,0,0,0,0,0,0,1,0
01036408.png,10,0,0,0,0,1,0,0,0,1,0,1,0,0,0,0,0,0,0,0,1
01036430.png,10,0,0,0,0,0,0,0,0,0,0,0,0,0,0,0,0,0,0,1,0
01036928.png,10,1,0,0,0,0,0,0,0,0,0,0,0,0,0,0,0,0,0,0,0
01037152.png,0,0,0,1,0,0,1,0,0,0,0,0,0,0,0,0,0,0,0,0,1
01037450.png,10,0,0,1,0,0,1,0,0,0,1,0,0,0,0,0,0,0,0,0,1
01037549.png,5,0,0,0,0,0,0,0,0,0,0,0,0,0,0,0,0,0,0,1,0
01037842.png,10,1,0,1,0,0,0,0,0,0,0,1,0,1,0,0,0,0,0,0,1
01037935.png,0,1,0,1,0,0,0,0,0,0,0,0,0,0,0,0,0,0,0,0,1
01037953.png,0,0,0,1,0,0,0,0,0,0,0,1,0,0,0,0,0,0,0,0,1
01037983.png,10,0,0,0,0,0,0,0,0,0,0,0,0,0,0,0,0,0,0,1,0
01038122.png,0,0,0,0,0,0,0,0,0,0,0,0,0,0,0,0,0,0,0,1,0
01038152.png,0,0,0,0,0,0,0,0,0,0,0,0,0,0,0,0,0,0,0,1,0
01038258.png,10,0,0,0,0,0,0,0,0,0,0,0,0,0,0,0,0,0,0,1,0
01038314.png,10,0,0,0,0,0,0,0,0,0,0,0,0,0,0,0,0,0,0,1,0
01038638.png,10,1,0,0,0,0,0,0,0,0,0,0,0,0,0,0,0,0,0,0,0
01038733.png,0,0,0,0,0,0,0,0,0,0,0,0,0,0,0,0,0,0,0,1,0
01038739.png,0,0,0,0,0,0,0,0,0,0,0,0,0,0,0,0,0,0,0,1,0
01039029.png,0,0,0,0,0,0,0,0,0,0,0,0,0,0,0,0,0,0,0,1,0
01039258.png,0,0,0,0,0,0,0,0,0,0,0,0,0,0,0,0,0,0,0,1,0
01039501.png,10,1,0,0,0,0,0,0,0,0,1,0,0,0,0,0,0,0,0,0,1
01039524.png,10,0,0,0,0,0,0,0,0,0,0,0,0,0,0,0,0,0,0,1,0
01039598.png,0,0,0,0,0,0,0,0,0,0,0,0,0,0,0,0,0,0,0,1,0
01039599.png,0,0,0,0,0,0,0,0,0,0,0,0,0,0,0,0,0,0,0,1,0
01039714.png,0,0,0,0,0,0,0,0,0,0,0,0,0,0,0,0,0,0,0,1,0
01039932.png,0,0,0,0,0,0,0,0,0,0,0,0,0,0,0,0,0,0,0,1,0
01039939.png,0,0,0,0,0,0,0,0,0,0,0,0,0,0,0,0,0,0,0,1,0
01040002.png,0,0,0,0,0,0,0,0,0,0,0,0,0,0,0,0,0,0,0,1,0
01040048.png,10,1,0,0,0,0,0,0,0,0,0,0,0,0,0,0,0,0,0,0,0
01040056.png,0,0,0,0,0,0,0,0,0,0,0,0,0,0,0,0,0,0,0,1,0
01040157.png,0,0,0,0,0,0,0,0,0,0,0,0,0,0,0,0,0,0,0,1,0
01040668.png,0,0,0,0,0,0,0,0,0,0,0,0,0,0,0,0,0,0,0,1,0
01040771.png,0,0,0,0,0,0,0,0,0,0,0,0,0,0,0,0,0,0,0,1,0
01040876.png,0,0,0,0,0,0,0,0,0,0,0,0,0,0,0,0,0,0,0,1,0
01041086.png,20,0,0,0,0,0,0,0,0,0,0,0,0,0,0,0,0,0,0,1,0
01041088.png,20,0,0,0,0,0,0,0,0,0,0,0,0,0,0,0,0,0,0,1,0
01041099.png,10,0,0,1,0,0,1,0,0,0,0,0,0,0,0,0,0,0,0,0,1
01041253.png,20,1,0,1,0,0,1,0,0,0,0,0,0,0,0,0,0,0,0,0,1
01041461.png,40,1,0,1,0,0,1,0,0,0,0,0,0,0,0,0,0,0,0,0,1
01041815.png,10,0,0,0,0,0,0,0,0,0,0,0,0,0,0,0,0,0,0,1,0
01041864.png,0,0,0,1,0,0,1,0,0,0,0,1,0,0,0,0,0,0,0,0,1
01041918.png,0,0,0,1,0,0,0,0,0,0,0,0,0,0,0,0,0,0,0,0,1
01042232.png,0,0,0,0,0,1,0,0,0,0,1,0,0,0,0,0,0,0,0,0,1
01042381.png,10,0,0,0,0,0,0,0,0,0,0,0,0,0,0,0,0,0,0,1,0
01042509.png,10,0,0,0,0,0,0,0,0,0,0,0,0,0,0,0,0,0,0,1,0
01042578.png,5,0,0,0,0,0,1,0,0,0,0,0,0,0,0,0,0,0,0,0,1
01042595.png,10,0,0,0,0,0,0,0,0,0,0,0,0,0,0,0,0,0,0,1,0
01042603.png,10,0,0,0,0,0,0,0,0,0,0,0,0,0,0,0,0,0,0,1,0
01042609.png,10,0,0,0,0,0,0,0,0,0,0,0,0,0,0,0,0,0,0,1,0
01042684.png,10,0,0,0,0,0,0,0,0,0,0,0,0,0,0,0,0,0,0,1,0
01042755.png,0,0,0,0,0,0,0,0,0,0,0,0,0,0,0,0,0,0,0,1,0
01042758.png,0,0,0,0,0,0,0,0,0,0,0,1,0,0,0,0,0,0,0,0,1
01043126.png,10,0,0,0,0,0,0,0,0,0,0,0,0,0,0,0,0,0,0,1,0
01043131.png,20,0,0,0,0,0,0,0,0,0,1,0,0,0,0,0,0,0,0,0,1
01043191.png,10,1,0,0,0,0,0,0,0,0,1,0,0,0,0,0,0,0,0,0,1
01043421.png,0,0,0,0,0,0,0,0,0,0,0,0,0,0,0,0,0,0,0,1,0
01043741.png,0,0,0,0,0,0,0,0,0,0,0,0,0,0,0,0,0,0,0,1,0
01043948.png,0,0,0,0,0,0,0,0,0,0,0,0,0,0,0,0,0,0,0,1,0
01044021.png,30,1,0,1,0,0,1,0,0,0,0,0,0,0,0,0,0,0,0,0,1
01044099.png,30,1,0,0,0,0,0,0,0,0,0,0,0,0,0,0,0,0,0,0,0
01044120.png,5,0,0,1,0,0,1,0,0,0,1,0,0,1,0,0,0,0,0,0,1
01044221.png,20,0,1,1,0,0,0,0,0,0,0,0,0,0,0,0,0,0,0,0,1
01044356.png,5,0,0,0,0,0,1,0,0,0,0,0,0,0,0,0,0,0,0,0,1
01044592.png,2,0,0,0,0,0,0,0,0,0,0,0,0,0,0,0,0,0,0,1,0
01044725.png,0,0,0,0,0,0,0,0,0,0,0,0,0,0,0,0,0,0,0,1,0
01044745.png,2,0,0,0,0,0,0,0,0,0,0,0,0,0,0,0,0,0,0,1,0
01044778.png,30,0,0,1,0,0,1,0,0,0,0,1,0,0,0,0,0,0,0,0,1
01044816.png,0,1,0,0,0,0,0,0,0,0,0,0,0,0,0,0,0,0,0,0,0
01044890.png,10,0,1,1,0,0,1,0,0,0,0,0,0,0,0,0,0,0,0,0,1
01044947.png,0,0,0,1,0,0,1,0,0,0,1,0,0,0,0,0,0,0,0,0,1
01045166.png,5,0,0,1,0,0,1,0,0,0,0,0,0,0,1,0,0,0,0,0,1
01045400.png,20,0,0,0,0,0,0,0,0,0,0,0,0,0,0,0,0,0,0,1,0
01045616.png,0,0,0,1,0,0,1,0,0,0,0,0,0,1,0,0,0,0,0,0,1
01045688.png,10,0,0,0,0,0,0,0,0,0,0,0,0,0,0,0,0,0,0,1,0
01045770.png,10,0,0,0,0,0,0,0,0,0,0,0,0,0,0,0,0,0,0,1,0
01046038.png,0,1,0,1,0,0,1,0,0,0,0,1,0,0,0,0,0,0,0,0,1
01046052.png,20,1,0,1,0,0,0,0,0,0,0,0,0,0,0,0,0,0,0,0,1
01046145.png,0,1,0,1,0,0,0,0,0,0,0,0,0,0,0,0,0,0,0,0,1
01046158.png,0,0,1,1,0,0,1,0,0,0,0,0,0,0,0,0,0,0,1,0,1
01046220.png,10,0,0,0,0,0,0,0,0,0,0,0,0,0,0,0,0,0,0,1,0
01046279.png,2,0,0,0,0,0,0,0,0,0,0,0,0,0,0,0,0,0,0,1,0
01046630.png,5,1,0,0,0,0,0,0,0,0,0,0,0,0,0,0,0,0,0,0,0
01046982.png,5,0,0,0,0,0,0,0,0,0,0,0,0,0,0,0,0,0,0,1,0
01047191.png,5,0,0,1,0,0,0,0,0,0,0,0,0,0,0,0,0,0,0,0,1
01047549.png,20,1,0,1,0,0,1,1,0,0,0,0,0,0,0,0,0,0,0,0,1
01047567.png,30,1,0,0,0,0,0,0,0,0,0,0,0,0,0,0,0,0,0,0,0
01047710.png,5,0,0,0,0,0,0,0,0,0,0,0,0,0,0,0,0,0,0,1,0
01047768.png,5,0,0,1,0,0,0,0,0,0,0,0,0,0,0,0,0,0,0,0,1
01047834.png,0,0,0,0,0,0,1,0,0,0,1,0,1,0,0,0,0,0,0,0,1
01047887.png,0,0,0,0,0,0,1,0,0,0,0,0,0,1,0,0,0,0,1,0,1
01048080.png,0,1,0,0,0,0,1,0,0,0,1,0,0,0,0,0,0,0,1,0,1
01048087.png,10,1,0,0,0,0,0,0,0,0,0,0,0,0,0,0,0,0,0,0,0
01048111.png,0,1,0,0,0,0,1,0,0,0,0,0,0,0,0,0,0,0,0,0,1
01048262.png,0,0,0,1,0,0,1,0,0,0,0,0,0,0,0,0,0,0,0,0,1
01048281.png,2,1,0,1,0,0,1,0,0,0,0,0,0,0,0,0,0,0,0,0,1
01048380.png,0,0,0,1,0,0,0,0,0,0,0,0,0,0,0,0,0,0,0,0,1
01048517.png,2,0,0,0,0,0,0,0,0,0,0,0,0,1,0,0,0,0,0,0,1
01048610.png,2,0,0,1,0,0,0,0,1,0,0,0,0,0,0,0,0,0,0,0,1
01048739.png,2,0,0,0,0,0,0,0,0,0,0,0,0,0,0,0,0,0,0,1,0
01048880.png,30,0,0,0,0,0,0,0,0,0,0,0,0,0,0,0,0,0,0,1,0
01048933.png,20,0,0,0,0,0,0,0,0,0,0,0,0,0,0,0,0,0,0,1,0
01048976.png,20,0,0,0,0,0,0,0,0,0,0,0,0,0,0,0,0,0,0,1,0
01049017.png,20,1,0,0,0,0,0,0,0,0,0,0,0,0,0,0,0,0,0,0,0
01049088.png,0,0,0,1,0,0,0,0,1,0,0,0,0,0,0,0,0,0,0,0,1
01049159.png,0,1,0,0,0,0,0,0,0,0,0,0,0,0,0,0,0,0,0,0,0
01049803.png,5,0,0,0,0,0,0,0,0,0,0,0,0,0,0,0,0,0,0,1,0
01050110.png,5,0,0,0,0,0,0,0,0,0,0,0,0,0,0,0,0,0,0,1,0
01050144.png,5,0,0,0,0,0,0,0,0,0,0,0,0,0,0,0,0,0,0,1,0
01050273.png,2,0,0,0,0,0,0,0,0,0,0,0,0,0,0,0,0,0,0,1,0
01050347.png,2,0,0,0,0,0,0,0,0,0,0,0,0,0,0,0,0,0,0,1,0
01050353.png,2,0,0,0,0,0,0,0,0,0,0,0,0,0,0,0,0,0,0,1,0
01050707.png,10,0,0,0,0,0,0,0,0,0,0,0,0,0,0,0,0,0,0,1,0
01050717.png,10,0,0,0,0,0,0,0,0,0,0,0,0,0,0,0,0,0,0,1,0
01050934.png,0,0,0,0,0,0,0,0,0,0,0,0,0,0,0,0,0,0,0,1,0
01051024.png,30,0,0,1,0,0,0,0,0,0,0,0,0,0,0,0,0,0,0,0,1
01051243.png,2,0,0,0,0,0,0,0,0,0,0,0,0,0,0,0,0,0,0,1,0
01051303.png,2,0,0,1,0,0,1,0,0,0,0,0,0,0,0,0,0,0,0,0,1
01051794.png,40,0,0,0,0,0,0,0,0,0,0,0,0,0,0,0,0,0,0,1,0
01051816.png,40,0,0,0,0,0,0,0,0,0,0,0,0,0,0,0,0,0,0,1,0
01051983.png,0,0,0,0,0,0,0,0,0,0,0,0,0,0,0,0,0,0,0,1,0
01052039.png,10,1,0,1,0,0,0,0,0,0,0,0,0,0,1,0,0,0,0,0,1
01052298.png,20,0,0,0,0,0,0,0,0,0,0,0,0,0,0,0,0,0,0,1,0
01052382.png,10,0,0,0,0,0,0,0,0,0,0,0,0,0,0,0,0,0,0,1,0
01052388.png,10,0,0,0,0,0,0,0,0,0,0,0,0,0,0,0,0,0,0,1,0
01052393.png,10,0,0,0,0,0,0,0,0,0,0,0,0,0,0,0,0,0,0,1,0
01052405.png,20,0,0,0,0,0,0,0,0,0,0,0,0,0,0,0,0,0,0,1,0
01052772.png,10,0,0,0,0,0,0,0,0,0,0,0,0,0,0,0,0,0,0,1,0
01052779.png,10,0,0,0,0,0,0,0,0,0,0,0,0,0,0,0,0,0,0,1,0
01052804.png,10,0,0,0,0,0,0,0,0,0,0,0,0,0,0,0,0,0,0,1,0
01052870.png,10,0,0,0,0,0,0,0,0,0,0,0,0,0,0,0,0,0,0,1,0
01052960.png,10,0,0,0,0,0,0,0,0,0,0,0,0,0,0,0,0,0,0,1,0
01052964.png,10,0,0,0,0,0,0,0,0,0,0,0,0,0,0,0,0,0,0,1,0
01052968.png,10,0,0,0,0,0,0,0,0,0,0,0,0,0,0,0,0,0,0,1,0
01053156.png,10,0,0,0,0,0,0,0,0,0,0,0,0,0,0,0,0,0,0,1,0
01053229.png,10,0,0,0,0,0,1,0,0,0,0,1,0,1,0,0,0,0,0,0,1
01053252.png,0,1,0,0,0,0,0,0,0,0,0,0,0,0,0,0,0,0,0,0,0
01053383.png,0,1,0,0,0,0,0,0,0,0,0,1,0,0,0,0,0,0,1,0,1
01053401.png,10,1,0,0,0,0,0,0,0,0,0,0,0,0,0,0,0,0,0,0,0
01053443.png,5,0,0,0,0,0,0,0,0,0,0,0,0,0,0,0,0,0,0,1,0
01053587.png,5,0,0,0,0,0,0,0,0,0,0,0,0,0,0,0,0,0,0,1,0
01053677.png,5,1,0,0,0,0,0,0,0,0,0,0,0,0,0,0,0,0,0,0,0
01053732.png,5,0,0,0,0,0,0,0,0,0,0,0,0,0,0,0,0,1,0,0,1
01053775.png,20,0,0,0,0,0,0,0,0,0,0,0,0,0,0,0,0,0,0,1,0
01053861.png,5,0,0,0,0,0,0,0,0,0,0,0,0,0,0,0,0,0,0,1,0
01053883.png,5,0,0,0,0,0,0,0,0,0,0,0,0,0,0,0,0,0,0,1,0
01053975.png,5,0,0,0,0,0,0,0,0,0,0,0,0,0,0,0,0,0,0,1,0
01054068.png,5,0,0,0,0,0,0,0,0,0,0,0,0,0,0,0,0,0,0,1,0
01054126.png,5,0,0,0,0,0,0,0,0,0,0,0,0,0,0,0,0,0,0,1,0
01054779.png,0,0,0,0,0,0,0,0,0,0,0,0,0,0,0,0,0,0,0,1,0
01054914.png,0,0,0,0,0,0,0,0,0,0,0,0,0,0,0,0,0,0,0,1,0
01055175.png,0,0,0,0,0,0,0,0,0,0,0,0,0,0,0,0,0,0,0,1,0
01055479.png,20,1,1,0,0,0,1,0,0,0,0,0,0,0,0,0,0,0,0,0,1
01055525.png,0,1,0,0,0,0,1,0,0,0,0,0,0,0,0,0,0,0,1,0,1
01055533.png,0,0,0,0,0,0,0,0,0,0,0,0,0,0,0,0,0,0,0,1,0
01055602.png,0,1,0,0,0,0,0,0,0,0,0,0,0,0,0,0,0,0,0,0,0
01055679.png,0,0,0,1,0,0,1,0,1,0,0,0,0,0,0,0,0,0,1,0,1
01055824.png,0,0,0,1,0,0,1,1,0,0,0,0,1,0,0,0,0,0,1,0,1
01055839.png,0,0,0,1,0,0,1,0,1,0,1,0,0,1,0,0,0,0,0,0,1
01055879.png,0,1,0,1,0,0,1,0,1,0,0,0,0,0,0,0,0,0,0,0,1
01056045.png,0,0,0,0,0,0,0,0,0,0,0,0,0,0,0,0,0,0,1,0,1
01056242.png,0,0,0,0,0,0,0,0,0,0,0,0,0,0,0,0,0,0,0,1,0
01056334.png,0,0,0,0,0,0,0,0,0,0,0,0,0,0,0,0,0,0,0,1,0
01056984.png,0,0,0,0,0,0,0,0,0,0,0,0,0,0,0,0,0,0,0,1,0
01057084.png,0,0,0,0,0,0,0,0,0,0,0,0,0,0,0,0,0,0,0,1,0
01057091.png,0,1,0,0,0,0,0,0,0,0,0,0,0,0,0,0,0,0,1,0,1
01057283.png,0,1,0,0,0,0,0,0,0,0,0,0,0,0,0,0,0,0,1,0,1
01057394.png,0,0,0,0,0,0,0,0,0,0,0,0,0,0,0,0,0,0,0,1,0
01057398.png,0,0,0,0,0,0,0,0,0,0,0,0,0,0,0,1,0,0,0,0,1
01057606.png,10,1,0,0,0,0,0,0,0,0,0,0,0,0,0,0,0,1,0,0,1
01057645.png,0,0,0,0,0,0,0,0,0,0,0,0,0,0,0,0,0,0,0,1,0
01057865.png,0,0,0,0,0,0,0,0,0,0,0,0,0,0,0,0,0,0,0,1,0
01057872.png,10,1,0,0,0,0,0,0,0,0,0,0,0,0,0,0,0,0,0,0,0
01057892.png,10,0,0,0,0,0,0,0,0,0,0,0,0,0,0,0,0,0,0,1,0
01058898.png,0,1,0,0,0,0,1,0,0,0,0,0,0,0,0,0,0,0,0,0,1
01059057.png,2,0,0,0,0,0,0,0,0,0,0,0,0,0,0,0,0,0,0,1,0
01059131.png,2,0,0,0,0,0,0,0,0,0,0,0,0,0,0,0,0,0,0,1,0
01059136.png,2,0,0,0,0,0,0,0,0,0,0,0,0,0,0,0,0,0,0,1,0
01059193.png,2,0,0,0,0,0,0,0,0,0,0,0,0,0,0,1,0,0,0,0,1
01059254.png,5,1,0,0,0,0,1,0,0,0,0,0,0,0,0,0,0,0,1,0,1
01059286.png,10,0,0,0,0,0,1,0,0,0,0,0,0,1,0,0,0,0,0,0,1
01059330.png,10,0,0,0,0,0,0,0,0,0,0,0,0,0,0,0,0,0,0,1,0
01059506.png,10,0,0,0,0,0,1,0,0,0,0,0,0,0,0,0,0,0,1,0,1
01059518.png,10,0,0,0,0,0,1,0,0,0,0,0,0,0,0,0,0,0,1,0,1
01059669.png,10,0,0,0,0,0,0,0,0,0,0,0,0,0,0,0,0,0,0,1,0
01060079.png,0,0,0,0,0,0,0,0,0,0,0,0,0,0,0,0,0,0,0,1,0
01060484.png,0,0,0,0,0,0,0,0,0,0,0,0,0,0,0,0,0,0,0,1,0
01061020.png,0,0,0,1,0,0,1,0,0,0,0,0,0,0,0,0,0,0,0,0,1
01061104.png,0,0,0,0,0,0,1,0,0,0,1,0,0,0,0,0,0,0,1,0,1
01061168.png,0,0,0,0,0,0,1,0,0,0,1,0,0,0,0,0,0,0,1,0,1
01061314.png,0,1,0,1,0,0,0,0,0,0,0,0,0,0,0,0,0,0,1,0,1
01061383.png,10,0,0,1,0,0,0,0,0,0,0,1,0,0,0,0,0,0,0,0,1
01061465.png,5,0,0,0,0,0,0,0,0,0,0,0,0,0,0,0,0,0,0,1,0
01061549.png,5,0,1,0,0,0,1,0,1,0,0,0,0,0,0,0,0,0,0,0,1
01061650.png,0,1,0,0,0,0,1,0,0,0,0,0,0,0,0,0,0,0,1,0,1
01061687.png,0,0,0,0,0,0,1,0,0,0,0,0,0,0,0,0,0,0,0,0,1
01061990.png,0,0,0,0,0,0,1,0,0,0,0,0,0,0,0,0,0,0,1,0,1
01062092.png,10,0,0,0,0,0,1,0,0,0,0,0,0,0,0,0,0,0,0,0,1
01062153.png,0,0,0,0,0,0,1,0,0,1,0,0,0,0,0,0,0,0,0,0,1
01062260.png,10,0,0,0,0,0,1,0,0,0,0,1,0,0,1,0,0,0,0,0,1
01062555.png,10,0,0,1,0,0,1,0,0,0,0,0,0,0,0,0,0,0,0,0,1
01062987.png,10,0,0,0,0,0,1,0,1,0,1,0,0,0,1,0,0,0,0,0,1
01063267.png,2,0,0,0,0,0,1,0,1,0,0,0,0,0,0,0,0,0,0,0,1
01063396.png,0,1,0,0,0,0,1,0,0,0,0,0,0,0,0,0,0,0,1,0,1
01063497.png,0,0,0,1,0,0,1,0,0,0,1,0,0,0,0,0,0,0,0,0,1
01063544.png,0,0,1,1,0,0,1,0,0,0,1,1,0,0,0,0,0,0,0,0,1
01063679.png,10,0,0,0,0,0,0,0,0,0,0,0,0,0,0,0,0,0,0,1,0
01063752.png,10,0,0,0,0,0,0,0,0,0,0,0,0,0,0,0,0,0,0,1,0
01063856.png,5,0,0,0,0,0,0,0,0,0,0,0,0,0,0,0,0,0,0,1,0
01063864.png,5,0,0,0,0,0,0,0,0,0,0,0,0,0,0,0,0,0,0,1,0
01064002.png,0,0,0,0,0,0,0,0,0,0,0,0,0,0,0,0,0,0,0,1,0
01064186.png,0,1,0,0,0,0,0,0,0,0,0,0,0,0,0,0,0,0,1,0,1
01064339.png,0,0,0,0,0,0,1,0,0,0,0,1,0,0,0,0,0,0,1,0,1
01064343.png,0,0,0,0,0,0,1,0,0,0,0,1,0,0,0,0,0,0,1,0,1
01064373.png,10,0,0,0,0,0,0,0,0,0,0,0,0,0,0,0,0,0,0,1,0
01064394.png,10,0,0,0,0,0,0,0,0,0,0,0,0,0,0,0,0,0,0,1,0
01064434.png,0,0,0,0,0,0,0,0,0,0,0,0,0,0,0,0,0,0,0,1,0
01064500.png,0,1,0,0,0,0,0,0,0,0,0,0,0,0,0,0,0,0,1,0,1
01064616.png,10,0,0,0,0,0,0,0,0,0,0,0,0,0,0,0,0,0,0,1,0
01064724.png,10,1,1,0,0,0,1,0,0,0,0,0,0,0,0,0,0,0,1,0,1
01064754.png,0,1,0,0,1,0,0,0,0,0,0,0,0,0,0,0,0,0,1,0,1
01064814.png,10,1,0,0,0,0,1,0,0,0,0,0,0,0,0,0,0,0,1,0,1
01064960.png,5,0,0,0,0,0,0,0,0,0,0,0,0,0,0,0,0,0,0,1,0
01065086.png,5,0,0,1,0,0,1,0,0,0,0,0,0,0,1,0,0,0,0,0,1
01065087.png,5,0,0,1,0,0,1,0,0,0,0,0,0,1,0,0,0,0,0,0,1
01065333.png,5,0,0,1,0,0,1,0,1,0,0,1,0,0,0,0,0,0,0,0,1
01065417.png,0,1,0,0,0,0,0,0,0,0,0,0,0,0,0,0,0,0,0,0,0
01065541.png,5,1,0,0,0,0,1,0,0,0,0,0,0,0,0,0,0,0,1,0,1
01065603.png,10,0,0,1,0,0,1,0,0,0,0,0,0,0,1,0,0,0,0,0,1
01065705.png,10,0,0,0,0,0,1,0,0,0,0,1,0,0,0,0,0,0,0,0,1
01065953.png,10,0,0,0,0,0,0,0,0,0,0,0,0,0,0,0,0,0,0,1,0
01066261.png,0,1,0,0,0,0,1,0,0,0,0,0,0,0,0,0,0,0,1,0,1
01066459.png,10,0,0,0,0,0,0,0,0,0,0,0,0,0,0,0,0,0,0,1,0
01066590.png,10,0,0,0,0,0,0,0,0,0,0,0,0,0,0,0,0,0,0,1,0
01066629.png,10,0,0,0,0,0,0,0,0,0,0,0,0,0,0,0,0,0,0,1,0
01067007.png,10,0,0,0,0,0,0,0,0,0,0,0,0,0,0,0,0,0,0,1,0
01067121.png,0,0,0,0,0,0,1,0,0,0,0,0,0,0,0,0,0,0,0,0,1
01067130.png,0,0,0,0,0,1,0,0,0,0,0,0,0,0,0,0,0,0,0,0,1
01067418.png,0,1,0,0,0,0,1,0,1,0,0,0,0,0,0,0,0,0,0,0,1
01067607.png,0,1,0,1,0,0,1,0,0,0,0,0,0,0,0,0,0,0,1,0,1
01067678.png,0,1,0,0,0,0,1,0,0,0,1,0,0,0,0,0,0,0,1,0,1
01068158.png,10,1,0,1,0,0,1,0,0,0,0,0,0,0,0,0,0,0,0,0,1
01068168.png,0,0,1,1,0,0,1,0,0,0,0,0,0,0,1,0,0,0,0,0,1
01068169.png,0,0,1,1,0,0,1,0,0,0,0,0,0,0,1,0,0,0,0,0,1
01068280.png,0,1,1,0,0,0,0,0,1,0,0,0,0,0,0,0,0,0,0,0,1
01068418.png,0,1,0,0,0,0,0,0,0,0,0,0,0,0,0,0,0,0,0,0,0
01068498.png,0,0,0,0,0,0,0,0,0,0,0,0,0,0,0,0,0,0,0,1,0
01068538.png,10,0,0,0,0,0,0,0,0,0,0,0,0,0,0,0,0,0,0,1,0
01068539.png,0,1,0,0,0,0,0,0,0,0,0,0,0,0,0,0,0,0,0,0,0
01068582.png,0,0,0,0,0,0,0,0,0,0,0,0,0,0,0,0,0,0,0,1,0
01068833.png,0,0,0,0,0,0,0,0,0,0,0,0,0,0,0,0,0,0,0,1,0
01068837.png,0,0,0,0,0,0,0,0,0,0,0,0,0,1,0,0,0,0,0,0,1
01068862.png,0,0,0,0,0,0,0,0,0,0,0,0,0,0,0,0,0,0,0,1,0
01068887.png,0,0,0,0,0,0,0,0,0,0,0,0,0,0,0,0,0,0,0,1,0
01068930.png,10,0,0,0,0,0,0,0,0,0,0,0,0,0,0,0,0,0,0,1,0
01068965.png,0,0,0,0,0,0,0,0,0,0,0,0,0,0,0,0,0,0,0,1,0
01069109.png,0,0,0,0,0,0,0,0,0,0,0,0,0,0,0,0,0,0,0,1,0
01069122.png,0,0,0,0,0,0,0,0,0,0,0,0,0,0,0,0,0,0,0,1,0
01069187.png,0,0,0,0,0,0,0,0,0,0,0,0,0,0,0,0,0,0,0,1,0
01069296.png,0,0,0,0,0,0,0,0,0,0,1,0,0,0,0,0,0,0,0,0,1
01069445.png,60,0,0,0,0,0,0,0,0,0,0,0,0,0,0,0,0,0,0,1,0
01069569.png,40,0,0,0,0,0,0,0,0,0,0,0,0,0,0,0,0,0,0,1,0
01069915.png,40,0,0,0,0,0,0,0,0,0,0,0,0,0,0,0,0,0,0,1,0
01070096.png,5,0,0,0,0,0,0,0,0,0,0,0,0,0,0,0,0,0,0,1,0
01070269.png,5,0,0,0,0,0,0,0,0,0,0,0,0,0,0,0,0,0,0,1,0
01070304.png,5,0,0,0,0,0,0,0,0,0,0,0,0,0,0,0,0,0,0,1,0
01070311.png,5,0,0,0,0,0,0,0,0,0,0,0,0,0,0,0,0,0,0,1,0
01070544.png,5,0,0,0,0,0,0,0,0,0,0,0,0,0,0,0,0,0,0,1,0
01070707.png,0,0,0,1,0,0,1,0,0,0,0,0,0,1,0,0,0,0,0,0,1
01070943.png,5,0,0,1,0,0,0,0,0,0,1,1,0,0,1,0,0,0,0,0,1
01070953.png,5,0,0,1,0,0,1,0,0,0,0,0,0,0,0,0,0,0,0,0,1
01071102.png,10,0,0,0,0,0,0,0,0,0,0,0,0,0,0,0,0,0,0,1,0
01071271.png,10,0,0,0,0,0,0,0,0,0,0,0,0,0,0,0,0,0,0,1,0
01071322.png,10,0,0,0,0,0,0,0,0,0,0,0,0,0,0,0,0,0,0,1,0
01071364.png,10,0,0,0,0,1,0,0,0,0,0,0,0,0,0,0,0,1,0,0,1
01071389.png,10,0,0,0,0,0,0,0,0,0,0,0,0,0,0,0,0,0,0,1,0
01071518.png,10,0,0,1,0,0,1,0,0,0,0,0,0,0,0,0,0,0,0,0,1
01071590.png,2,0,0,0,0,0,0,0,0,0,0,0,0,0,0,0,0,0,0,1,0
01071628.png,5,1,0,0,0,0,0,0,0,0,0,0,0,0,0,0,0,0,0,0,0
01071714.png,20,0,0,0,0,0,0,0,0,0,0,0,0,0,0,0,0,0,0,1,0
01071743.png,10,0,0,0,0,0,0,0,0,0,0,0,0,0,0,0,0,0,0,1,0
01071896.png,10,0,0,0,0,0,1,0,0,0,0,0,0,0,1,0,0,0,0,0,1
01071935.png,20,0,0,0,0,1,0,0,0,0,0,0,0,0,0,0,0,0,0,0,1
01072006.png,40,1,0,0,0,0,0,0,0,0,0,0,0,0,0,0,0,0,0,0,0
01072245.png,0,1,0,0,0,0,0,0,0,0,0,0,0,0,0,1,0,0,0,0,1
01072254.png,0,0,0,0,0,0,0,0,0,0,0,0,0,0,0,0,0,0,0,1,0
01072469.png,10,0,0,0,0,0,0,0,0,0,0,0,0,0,0,0,0,0,0,1,0
01072628.png,0,0,0,0,0,0,0,0,0,0,0,0,0,0,0,0,0,0,0,1,0
01072729.png,30,0,0,1,0,0,1,0,0,0,0,0,0,0,0,0,0,0,0,0,1
01072755.png,10,0,0,0,0,0,0,0,0,0,0,1,0,0,0,0,0,0,1,0,1
01072909.png,5,0,0,0,0,0,0,0,0,0,0,0,0,0,0,0,0,0,0,1,0
01073181.png,5,0,0,0,0,0,0,0,0,0,0,0,0,0,0,0,0,0,0,1,0
01073333.png,2,1,0,0,0,0,0,0,0,0,0,0,0,0,0,0,0,0,0,0,0
01073596.png,2,1,0,0,0,0,0,0,0,0,0,0,0,0,0,0,0,0,0,0,0
01073749.png,10,0,0,0,0,0,0,0,0,0,0,0,0,0,0,0,0,0,0,1,0
01074076.png,2,0,0,0,0,0,0,0,0,0,0,0,0,0,0,0,0,0,0,1,0
01074482.png,0,0,0,0,0,0,0,0,0,0,0,0,0,0,0,0,0,0,0,1,0
01074669.png,0,0,0,0,0,0,0,0,0,0,0,0,0,0,0,0,0,0,0,1,0
01074799.png,0,0,0,0,0,0,0,0,0,0,0,0,0,0,0,0,0,0,0,1,0
01074820.png,30,0,0,0,0,0,0,0,0,0,0,0,0,0,0,0,0,0,0,1,0
01074841.png,30,0,0,0,0,0,0,0,0,0,0,0,0,0,0,0,0,0,0,1,0
01074848.png,30,0,0,0,0,0,0,0,0,0,0,0,0,0,0,0,0,0,0,1,0
01075011.png,5,0,0,0,0,0,0,0,0,0,0,0,0,0,0,0,0,0,0,1,0
01075014.png,5,0,0,0,0,0,0,0,0,0,0,0,0,0,0,0,0,0,0,1,0
01075124.png,2,0,0,0,0,0,0,0,0,0,0,0,0,0,0,0,0,0,0,1,0
01075206.png,5,0,0,0,0,0,0,0,0,0,0,0,0,0,0,0,0,0,0,1,0
01075217.png,10,0,0,0,0,0,0,0,0,0,0,0,0,0,0,0,0,0,0,1,0
01075237.png,10,0,0,0,0,0,0,0,0,0,0,0,0,0,0,0,0,0,0,1,0
01075414.png,10,0,0,0,0,0,0,0,0,0,0,0,0,0,0,0,0,0,0,1,0
01075961.png,10,0,0,1,0,0,0,0,0,0,0,0,0,0,0,0,0,0,1,0,1
01075971.png,10,0,0,0,0,0,0,0,0,0,0,0,0,0,0,0,0,0,0,1,0
01076171.png,20,0,0,0,0,0,0,0,0,0,0,0,0,0,0,0,0,0,0,1,0
01076191.png,10,0,0,0,0,0,0,0,0,0,0,0,0,0,0,0,0,0,0,1,0
01076902.png,0,0,0,0,0,0,1,0,0,0,0,0,0,0,0,0,0,0,1,0,1
01076980.png,0,1,0,0,0,0,0,0,0,0,0,0,0,0,0,0,0,0,1,0,1
01077053.png,0,0,0,1,0,0,1,0,0,0,0,0,0,0,0,0,0,0,0,0,1
01077183.png,0,1,0,0,0,0,0,0,0,0,1,0,0,0,0,0,0,0,0,0,1
01077475.png,10,1,0,0,0,0,0,0,0,0,0,0,0,0,0,0,0,0,0,0,0
01077525.png,0,0,0,0,0,0,1,0,0,0,1,1,0,0,0,0,0,0,0,0,1
01077531.png,0,1,0,0,0,0,0,0,0,0,0,0,0,0,0,0,0,0,0,0,0
01077707.png,0,1,0,0,0,0,0,0,1,0,1,0,0,0,0,0,0,0,1,0,1
01077721.png,10,0,0,1,0,0,1,0,0,0,0,0,0,0,0,0,0,0,1,0,1
01077819.png,20,0,0,1,0,0,1,0,1,0,0,0,0,0,0,0,0,0,0,0,1
01078184.png,0,0,0,0,0,0,1,0,0,0,1,0,0,0,0,0,0,0,0,0,1
01078614.png,0,0,0,0,0,0,0,0,0,0,0,0,0,0,0,0,0,0,0,1,0
01078959.png,0,0,0,0,0,0,0,0,0,0,0,0,0,0,0,0,0,0,1,0,1
01079034.png,0,0,0,0,0,0,0,0,0,0,0,0,0,0,0,0,0,0,0,1,0
01079069.png,10,0,0,0,0,0,0,0,0,0,0,0,0,0,0,0,0,0,0,1,0
01079142.png,0,0,0,0,0,0,0,0,0,0,0,0,0,0,0,0,0,0,0,1,0
01079185.png,0,0,0,0,0,0,0,0,0,0,0,0,0,0,0,0,0,0,0,1,0
01079197.png,0,0,0,0,0,0,0,0,0,0,0,0,0,0,0,0,0,0,1,0,1
01079531.png,5,0,0,0,0,0,0,0,0,0,0,0,0,0,0,0,0,0,0,1,0
01079594.png,0,0,0,0,0,0,0,0,0,0,0,0,0,0,0,0,0,0,0,1,0
01079734.png,0,0,0,1,0,0,0,0,0,0,0,0,0,0,0,0,0,0,0,0,1
01079874.png,10,1,0,0,0,0,0,0,0,0,0,0,0,0,0,0,0,0,1,0,1
01079983.png,0,0,0,0,0,0,0,0,0,0,0,0,0,0,0,0,0,0,0,1,0
01079998.png,10,0,0,1,0,0,0,0,0,0,0,0,0,0,0,0,0,0,0,0,1
01080057.png,0,0,1,1,0,0,0,0,0,0,1,0,0,0,1,0,0,0,0,0,1
01080325.png,50,0,0,0,0,0,0,0,0,0,0,0,0,0,0,0,0,0,0,1,0
01080385.png,20,0,0,0,0,0,0,0,0,0,0,0,0,0,0,0,0,0,0,1,0
01080405.png,30,1,0,0,0,0,0,0,0,0,0,0,0,0,0,0,0,0,0,0,0
01080498.png,20,0,0,0,0,0,0,0,0,0,0,0,0,0,0,0,0,0,0,1,0
01080504.png,10,0,0,0,0,0,0,0,0,0,0,0,0,0,0,0,0,0,0,1,0
01080505.png,10,0,0,0,0,0,0,0,0,0,0,0,0,0,0,0,0,0,0,1,0
01080667.png,20,0,0,1,0,0,1,0,0,0,0,1,0,0,0,0,0,0,0,0,1
01080954.png,0,0,0,0,0,0,0,0,0,0,0,0,0,0,0,0,0,0,0,1,0
01080976.png,0,0,0,1,0,0,0,0,0,0,0,1,0,0,1,0,0,0,0,0,1
01081140.png,0,0,0,0,0,0,0,0,0,0,0,0,0,0,0,0,0,0,0,1,0
01081272.png,0,0,1,1,0,0,0,0,0,0,0,0,0,0,1,0,0,0,0,0,1
01081339.png,10,0,0,0,0,0,0,0,0,0,0,0,0,0,0,0,0,0,0,1,0
01081368.png,20,0,0,0,0,0,0,0,0,0,0,0,0,0,0,0,0,0,0,1,0
01081494.png,0,1,0,1,0,0,0,0,1,0,0,0,0,0,0,0,0,0,0,0,1
01081504.png,0,0,0,1,0,0,0,0,1,0,0,0,0,0,0,0,0,0,0,0,1
01081683.png,0,0,0,0,0,0,0,0,0,0,0,0,0,0,0,0,0,0,0,1,0
01082266.png,40,0,0,1,0,0,0,0,0,0,0,0,0,0,0,0,0,0,0,0,1
01082308.png,0,1,0,1,0,0,1,0,0,0,0,0,0,0,0,0,0,0,0,0,1
01082399.png,0,0,1,1,0,0,1,0,0,0,1,0,0,0,0,0,0,0,0,0,1
01082535.png,10,1,0,0,0,0,0,0,0,0,0,0,0,0,0,0,0,0,0,0,0
01082582.png,30,1,0,1,0,0,1,0,0,0,0,0,0,0,0,0,0,0,0,0,1
01082595.png,0,0,0,1,0,0,0,0,0,0,0,1,0,0,0,0,0,0,1,0,1
01082725.png,0,0,0,0,0,0,0,0,0,0,0,0,0,0,0,0,0,0,0,1,0
01082765.png,0,1,0,1,0,0,1,0,0,0,0,1,0,0,0,0,0,0,0,0,1
01082857.png,10,0,1,1,0,0,1,0,0,0,0,0,0,0,0,0,0,0,0,0,1
01082905.png,10,1,0,1,0,0,1,0,0,0,0,1,0,0,0,0,0,0,0,0,1
01083204.png,10,0,0,1,0,0,1,0,0,0,0,1,0,0,0,0,0,0,0,0,1
01083370.png,0,1,0,1,0,0,0,0,0,0,0,1,0,0,0,0,0,0,0,0,1
01083421.png,0,1,0,1,0,0,0,0,0,0,1,1,0,0,0,0,0,0,0,0,1
01083459.png,10,1,0,1,0,0,1,0,0,0,0,1,0,0,0,0,0,0,1,0,1
01083463.png,10,0,0,0,0,0,0,0,0,0,0,1,0,0,0,0,1,0,0,0,1
01083740.png,0,0,0,0,0,0,0,0,0,0,0,0,0,0,0,0,0,0,0,1,0
01084118.png,0,0,0,0,0,0,0,0,0,0,0,0,0,0,0,0,0,0,0,1,0
01084371.png,10,0,0,0,0,0,0,0,0,0,0,0,0,0,0,0,0,0,0,1,0
01084396.png,10,0,0,0,0,0,0,0,0,0,0,0,0,0,0,0,0,0,0,1,0
01084439.png,10,0,0,0,0,0,0,0,0,0,0,0,0,0,0,0,0,0,0,1,0
01084483.png,10,0,0,0,0,0,0,0,0,0,0,0,0,0,0,0,0,0,0,1,0
01084524.png,20,0,0,0,0,0,0,0,0,0,0,0,0,0,0,0,0,0,0,1,0
01084535.png,20,0,0,0,0,0,0,0,0,0,0,0,0,0,0,0,0,0,0,1,0
01085034.png,10,0,0,0,0,0,0,0,0,0,0,0,0,0,0,0,0,0,0,1,0
01085097.png,10,0,0,0,0,0,0,0,0,0,0,0,0,0,0,0,0,0,0,1,0
01085117.png,10,0,0,0,0,0,0,0,0,0,0,0,0,0,0,0,0,0,0,1,0
01085129.png,10,0,0,0,0,0,0,0,0,0,0,0,0,0,0,0,0,0,0,1,0
01085136.png,10,0,0,0,0,0,0,0,0,0,0,0,0,0,0,0,0,0,0,1,0
01085336.png,10,0,0,0,0,0,0,0,0,0,0,0,0,0,0,0,0,0,0,1,0
01085897.png,20,0,0,1,0,0,1,0,0,0,0,0,0,0,0,0,0,0,0,0,1
01086068.png,20,0,0,0,0,0,0,0,0,0,0,0,0,0,0,0,0,0,0,1,0
01086069.png,20,0,0,0,0,0,0,0,0,0,0,0,0,0,0,0,0,0,0,1,0
01086113.png,10,0,0,0,0,0,0,0,0,0,0,0,0,0,0,0,0,0,0,1,0
01086334.png,10,0,0,0,0,0,0,0,0,0,0,0,0,0,0,0,0,0,0,1,0
01086448.png,10,0,0,0,0,0,0,0,0,0,0,0,0,0,0,0,0,0,0,1,0
01086495.png,0,0,0,0,0,0,0,0,0,0,0,0,0,0,0,0,0,0,0,1,0
01086503.png,0,0,0,0,0,0,0,0,0,0,0,0,0,0,0,0,0,0,0,1,0
01086604.png,0,0,0,0,0,0,0,0,0,0,0,0,0,0,0,0,0,0,0,1,0
01086651.png,0,0,0,0,0,0,1,0,0,0,0,0,0,0,0,0,0,0,0,0,1
01086979.png,0,0,0,1,0,0,1,0,0,0,0,0,0,1,0,0,0,0,0,0,1
01087097.png,0,1,0,1,0,0,0,0,0,0,0,1,0,0,0,0,0,0,0,0,1
01087115.png,10,1,0,1,0,0,0,0,0,0,0,0,0,0,0,0,0,0,0,0,1
01087278.png,0,0,0,1,0,0,1,0,1,0,0,0,0,0,0,0,0,0,0,0,1
01087307.png,0,1,0,1,0,0,1,0,0,0,0,0,0,0,0,0,0,0,0,0,1
01087511.png,30,1,0,0,0,0,0,0,0,0,0,0,0,0,0,0,0,0,0,0,0
01087606.png,10,1,0,1,0,0,0,0,0,0,0,0,0,0,0,0,0,0,0,0,1
01087635.png,0,0,0,1,0,0,1,0,1,0,0,0,0,0,0,0,0,0,0,0,1
01087753.png,10,0,0,1,0,0,1,0,0,0,0,0,0,0,0,0,0,0,0,0,1
01087900.png,10,0,0,1,0,0,1,0,0,0,1,0,0,0,0,0,0,0,0,0,1
01087938.png,0,1,0,1,0,0,1,0,0,0,0,0,0,0,0,0,0,0,0,0,1
01088128.png,0,0,0,0,0,0,0,0,0,0,0,0,0,0,0,0,0,0,0,1,0
01088249.png,0,1,0,0,0,0,0,0,0,0,0,0,0,0,0,0,0,0,0,0,0
01088290.png,10,0,0,0,0,0,0,0,0,0,0,0,0,0,0,0,0,0,0,1,0
01088302.png,0,0,0,0,0,0,0,0,0,0,0,0,0,0,0,0,0,0,0,1,0
01088647.png,10,0,0,1,0,0,1,0,0,0,1,1,0,0,0,0,0,0,0,0,1
01088714.png,0,0,0,1,0,0,1,0,0,0,0,0,0,0,0,0,0,0,0,0,1
01088742.png,10,1,0,1,0,0,0,0,0,0,0,0,0,0,0,0,0,0,0,0,1
01088841.png,10,0,0,0,0,0,0,0,0,0,0,0,0,0,0,0,0,0,0,1,0
01089597.png,0,0,0,1,0,0,1,0,0,0,0,0,0,0,0,0,0,0,0,0,1
01089627.png,10,1,0,1,0,0,0,0,0,0,0,0,0,0,0,0,0,0,0,0,1
01089710.png,20,1,0,0,0,0,1,0,0,0,0,1,0,0,0,0,0,0,0,0,1
01089930.png,0,1,0,0,0,0,0,0,0,0,0,0,0,0,0,0,0,0,0,0,0
01089958.png,10,0,0,0,0,0,0,0,0,0,0,0,0,0,0,0,0,0,0,1,0
01090505.png,10,0,0,0,0,0,0,0,0,0,0,0,0,0,0,0,0,0,0,1,0
01090573.png,10,0,0,1,0,0,1,0,0,0,0,0,0,0,0,0,0,0,0,0,1
01090595.png,10,0,0,1,0,0,0,0,0,0,0,0,0,0,1,0,0,0,0,0,1
01090614.png,0,1,0,1,0,0,0,0,0,0,0,0,0,0,0,0,0,0,0,0,1
01090725.png,0,1,0,1,0,0,0,0,0,0,0,1,0,0,0,0,0,0,0,0,1
01090753.png,0,0,0,1,0,0,1,0,0,0,0,0,0,0,0,0,0,0,0,0,1
01090795.png,10,0,0,1,0,0,1,1,0,1,1,1,0,0,1,0,0,0,0,0,1
01090974.png,0,1,0,1,0,0,1,0,0,0,0,0,0,0,0,0,0,0,0,0,1
01091040.png,0,0,0,1,0,0,0,0,0,0,0,0,0,0,0,0,0,0,0,0,1
01091043.png,0,0,0,1,0,0,1,0,0,0,0,0,0,0,0,0,0,0,0,0,1
01091322.png,0,1,0,1,0,0,0,0,0,0,0,0,0,0,0,0,0,0,0,0,1
01091426.png,0,0,0,0,0,0,0,0,0,0,0,0,0,0,0,0,0,0,0,1,0
01091757.png,0,0,0,0,0,0,0,0,0,0,0,0,0,0,0,0,0,0,0,1,0
01091842.png,0,0,0,0,0,0,0,0,0,0,0,0,0,0,0,0,0,0,0,1,0
01092060.png,0,0,0,0,0,0,0,0,0,0,0,0,0,0,0,0,0,0,0,1,0
01092117.png,10,0,0,0,0,0,0,0,0,0,0,0,0,0,0,0,0,0,0,1,0
01092164.png,10,1,0,0,0,0,0,0,0,0,0,0,0,0,0,0,0,0,0,0,0
01092498.png,20,0,0,0,0,0,0,0,0,0,0,0,0,0,0,0,0,0,0,1,0
01092607.png,40,0,0,0,0,0,0,0,0,0,0,0,0,0,0,0,0,0,0,1,0
01092902.png,2,0,0,0,0,0,0,0,0,0,0,0,0,0,0,0,0,0,0,1,0
01092990.png,50,0,0,0,0,0,0,0,0,0,0,0,0,0,0,0,0,0,0,1,0
01093086.png,50,0,0,0,0,0,0,0,0,0,0,0,0,0,0,0,0,0,0,1,0
01093154.png,20,1,0,0,0,1,1,0,0,0,0,0,0,0,0,0,0,0,0,0,1
01093195.png,0,1,0,0,0,0,1,0,0,0,0,0,0,0,0,0,0,0,0,0,1
01093465.png,0,1,0,1,0,0,0,0,0,0,0,0,0,0,0,0,0,0,0,0,1
01093688.png,10,0,0,1,0,0,1,0,0,0,0,1,0,0,0,0,0,0,0,0,1
01093780.png,50,0,0,1,0,0,1,0,0,0,0,0,0,1,0,0,0,0,0,0,1
01093879.png,10,0,0,1,0,0,1,0,0,0,0,1,0,0,0,0,0,0,0,0,1
01094015.png,20,0,0,0,0,0,0,0,0,0,0,0,0,0,0,0,0,0,0,1,0
01094442.png,20,0,0,0,0,0,0,0,0,0,0,0,0,0,0,0,0,0,0,1,0
01094647.png,30,0,0,0,0,0,0,0,0,0,0,0,0,0,0,0,0,0,0,1,0
01094734.png,0,1,0,0,0,0,0,0,0,0,0,1,0,0,0,0,0,0,1,0,1
01094831.png,10,1,0,0,0,1,1,0,0,0,1,0,0,0,0,0,0,0,1,0,1
01094839.png,0,0,0,0,0,0,0,0,0,0,0,0,0,0,0,0,0,0,0,1,0
01094999.png,0,1,0,0,0,0,0,0,0,0,0,0,0,0,0,0,0,0,0,0,0
01095029.png,0,0,0,0,0,0,0,0,0,0,0,0,0,0,0,0,0,0,0,1,0
01095078.png,10,0,0,0,0,0,0,0,0,0,0,0,0,0,0,0,0,0,0,1,0
01095598.png,20,0,0,0,0,0,0,0,0,0,0,0,0,0,0,0,0,0,0,1,0
01095796.png,30,1,0,1,0,0,1,0,0,0,0,0,0,0,0,0,0,0,0,0,1
01095941.png,10,0,0,1,0,0,1,0,0,0,0,0,0,0,0,0,0,0,0,0,1
01096147.png,10,0,0,1,0,0,1,0,0,0,0,0,0,1,0,0,0,0,0,0,1
01096536.png,40,0,0,0,0,0,0,0,0,0,0,0,0,0,0,0,0,0,0,1,0
01096568.png,10,0,0,0,0,0,0,0,0,0,0,0,0,0,0,0,0,0,0,1,0
01096596.png,100,0,0,0,0,0,0,0,0,0,0,0,0,0,0,0,0,0,0,1,0
01096677.png,100,0,0,0,0,0,0,0,0,0,0,0,0,0,0,0,0,0,0,1,0
01096705.png,100,0,0,0,0,0,0,0,0,0,0,0,0,0,0,0,0,0,0,1,0
01096716.png,100,0,0,0,0,0,0,0,0,0,0,0,0,0,0,0,0,0,0,1,0
01096717.png,100,0,0,0,0,0,0,0,0,0,0,0,0,0,0,0,0,0,0,1,0
01096830.png,10,0,0,0,0,0,0,0,0,0,0,0,0,0,0,0,0,0,0,1,0
01096834.png,10,0,0,0,0,0,0,0,0,0,0,0,0,0,0,0,0,0,0,1,0
01096911.png,10,1,0,1,0,0,1,0,1,0,0,0,0,0,0,0,0,0,1,0,1
01097007.png,10,0,0,1,0,0,1,0,0,0,0,0,0,0,0,0,0,0,1,0,1
01097026.png,10,0,0,1,0,0,1,0,1,0,0,0,0,0,0,0,0,0,0,0,1
01097187.png,0,0,0,1,0,0,0,0,0,0,0,0,0,0,0,0,0,0,1,0,1
01097374.png,0,0,0,1,0,0,1,0,0,0,0,0,0,0,0,0,0,0,0,0,1
01097462.png,10,1,0,0,0,0,0,0,0,0,0,0,0,0,0,0,0,0,0,0,0
01097729.png,10,0,0,0,0,0,0,0,0,0,0,0,0,0,0,0,0,0,0,1,0
01097738.png,10,0,0,0,0,0,0,0,0,0,0,0,0,0,0,0,0,0,0,1,0
01097741.png,10,0,0,0,0,0,0,0,0,0,0,0,0,0,0,0,0,0,0,1,0
01097798.png,10,1,0,0,0,0,0,0,0,0,0,0,0,0,0,0,0,0,0,0,0
01098368.png,0,1,0,0,0,0,0,0,0,0,0,0,0,0,0,0,0,0,0,0,0
01098471.png,10,0,0,1,0,0,0,0,0,0,0,1,0,0,1,0,0,0,0,0,1
01098490.png,10,0,0,1,0,0,0,0,0,0,0,1,0,0,0,0,0,0,0,0,1
01098579.png,30,1,0,1,0,0,0,0,0,0,0,0,0,0,0,0,0,0,0,0,1
01098602.png,20,0,0,1,0,0,1,0,0,0,0,0,0,0,0,0,0,0,0,0,1
01098750.png,10,0,0,0,0,0,0,0,1,0,0,1,0,0,0,0,0,0,0,0,1
01099268.png,10,0,0,1,0,0,0,0,0,0,0,1,0,0,1,0,0,0,0,0,1
01099326.png,10,0,0,0,0,0,0,0,0,0,0,0,0,0,0,0,0,0,0,1,0
01099401.png,20,0,0,0,0,0,0,0,0,0,0,0,0,0,0,0,0,0,0,1,0
01099410.png,10,0,0,0,0,0,0,0,0,0,0,0,0,0,0,0,0,0,0,1,0
01099422.png,10,0,0,0,0,0,0,0,0,0,0,0,0,0,0,0,0,0,0,1,0
01099500.png,20,0,0,1,0,0,0,0,0,0,0,0,0,0,0,0,0,0,1,0,1
01099590.png,10,0,0,0,0,0,0,0,0,0,0,0,0,0,0,0,0,0,0,1,0
01099791.png,10,0,0,0,0,0,0,0,0,0,0,0,0,0,0,0,0,0,0,1,0
01099796.png,10,0,0,0,0,0,0,0,0,0,0,0,0,0,0,0,0,0,0,1,0
01100328.png,20,0,0,0,0,0,0,0,0,0,0,0,0,0,0,0,0,0,0,1,0
01100538.png,20,0,0,0,0,0,0,0,0,0,0,0,0,0,0,0,0,0,0,1,0
01100836.png,10,0,0,1,0,0,1,0,1,0,0,1,0,0,0,0,0,0,0,0,1
01100940.png,0,1,0,1,0,0,1,0,0,0,1,0,0,0,0,0,0,0,0,0,1
01101065.png,0,1,0,1,0,0,0,0,0,0,0,0,0,0,0,0,0,0,0,0,1
01101196.png,5,0,0,0,0,0,0,0,0,0,0,0,0,0,0,0,0,0,0,1,0
01101238.png,5,0,0,0,0,0,0,0,0,0,0,0,0,0,0,0,0,0,0,1,0
01101284.png,5,0,0,0,0,0,0,0,0,0,0,0,0,0,0,0,0,0,0,1,0
01101288.png,5,0,0,0,0,0,0,0,0,0,0,0,0,0,0,0,0,0,0,1,0
01101537.png,0,0,0,0,0,0,0,0,0,0,0,0,0,0,0,0,0,0,0,1,0
01101538.png,20,1,0,0,0,0,1,0,0,0,0,0,0,0,0,0,0,0,0,0,1
01101545.png,0,1,0,0,0,1,0,0,0,0,0,0,0,0,0,0,0,0,0,0,1
01101855.png,10,0,0,0,0,0,0,0,0,0,0,0,0,0,0,0,0,0,0,1,0
01101949.png,10,0,0,0,0,0,0,0,0,0,0,0,0,0,0,0,0,0,0,1,0
01101950.png,10,0,0,0,0,0,0,0,0,0,0,0,0,0,0,0,0,0,0,1,0
01102022.png,0,0,0,0,0,1,0,0,0,0,0,0,0,0,0,0,0,0,0,0,1
01102052.png,10,0,0,0,0,0,0,0,0,0,0,0,0,0,0,0,0,0,0,1,0
01102665.png,0,1,0,0,1,0,0,0,0,0,0,0,0,0,0,0,0,0,1,0,1
01102689.png,10,0,1,1,0,0,0,0,0,0,0,0,0,0,0,0,0,0,0,0,1
01102748.png,0,0,0,1,0,0,1,0,0,0,0,1,0,0,0,0,0,0,0,0,1
01102749.png,0,0,0,1,0,0,1,0,0,0,0,0,0,0,0,0,0,0,0,0,1
01102759.png,0,1,0,0,0,0,0,0,0,0,0,0,0,0,0,0,0,0,0,0,0
01103056.png,0,1,0,0,0,0,0,0,0,0,0,0,0,0,0,0,0,0,1,0,1
01103226.png,0,0,0,0,0,0,0,0,0,0,0,0,0,0,0,0,0,0,0,1,0
01103555.png,10,0,0,0,0,0,0,0,0,0,0,0,0,0,0,0,0,0,0,1,0
01103580.png,10,0,0,0,0,0,0,0,0,0,0,0,0,0,0,0,0,0,0,1,0
01103749.png,10,0,0,0,0,0,0,0,0,0,0,0,0,0,0,0,0,0,0,1,0
01103976.png,0,1,0,0,0,0,0,0,0,0,0,1,0,0,0,0,0,0,0,0,1
01104383.png,0,1,0,0,0,0,0,0,0,0,1,0,0,0,0,0,0,0,1,0,1
01104418.png,0,0,0,0,0,0,0,0,0,0,1,0,0,0,0,0,0,0,1,0,1
01104714.png,0,0,0,0,0,0,0,0,0,0,0,0,0,0,0,0,0,0,0,1,0
01104751.png,0,1,0,0,0,0,0,0,0,0,0,0,0,0,0,0,0,0,0,0,0
01104760.png,0,0,0,0,0,1,0,0,0,0,0,1,0,0,0,0,0,0,0,0,1
01104921.png,0,0,0,1,0,0,1,0,1,0,1,0,0,0,0,0,0,0,0,0,1
01104929.png,0,0,0,0,0,0,1,0,0,0,1,0,0,0,0,0,0,0,0,0,1
01105371.png,0,0,1,1,0,0,1,0,0,0,0,0,0,0,0,0,0,0,0,0,1
01105736.png,10,0,0,0,0,0,0,0,0,0,0,0,0,0,0,0,0,0,0,1,0
01105921.png,0,0,0,0,0,1,0,0,0,0,1,0,0,1,0,0,0,0,0,0,1
01105955.png,10,0,0,0,0,0,1,0,0,0,1,0,0,0,0,0,0,0,1,0,1
01106139.png,0,0,0,0,0,0,0,0,0,0,1,0,0,0,0,0,0,0,0,0,1
01106228.png,10,0,0,0,0,0,0,0,0,0,0,0,0,0,0,0,0,0,0,1,0
01106236.png,10,1,0,0,0,0,0,0,0,0,1,0,0,0,0,0,0,0,0,0,1
01106273.png,20,0,0,0,0,0,0,0,0,0,0,0,0,0,0,0,0,0,0,1,0
01106322.png,10,0,0,0,0,0,0,0,0,0,0,0,0,0,0,0,0,0,0,1,0
01106681.png,10,0,0,1,0,0,1,0,0,0,1,0,0,0,1,0,0,0,0,0,1
01106858.png,20,0,0,1,0,0,1,0,0,0,0,0,0,1,0,0,0,0,0,0,1
01107036.png,10,0,0,0,0,0,0,0,0,0,0,0,0,0,0,0,0,0,0,1,0
01107294.png,10,0,0,1,0,0,0,0,0,0,0,0,0,0,0,0,0,0,0,0,1
01107758.png,40,0,0,0,0,0,0,0,0,0,0,0,0,0,0,0,0,0,0,1,0
01107814.png,20,0,0,1,0,0,1,0,0,0,0,0,0,0,1,0,0,0,0,0,1
01107879.png,10,1,0,0,0,0,1,0,0,0,0,0,0,0,0,0,0,0,0,0,1
01108423.png,30,1,0,1,0,0,1,0,0,0,0,1,0,1,0,0,0,0,0,0,1
01108509.png,80,0,0,0,0,0,0,0,0,0,0,0,0,0,0,0,0,0,0,1,0
01108822.png,0,0,0,0,0,0,0,0,0,0,0,0,0,0,0,0,0,0,0,1,0
01109009.png,0,0,0,0,0,0,0,0,0,0,0,0,0,0,0,0,0,0,0,1,0
01109127.png,0,1,1,0,0,0,0,0,0,0,0,0,1,0,0,0,0,0,0,0,1
01109330.png,0,0,0,1,0,0,1,0,0,0,0,0,0,0,0,0,0,0,0,0,1
01109346.png,10,1,0,1,0,0,0,0,0,0,0,0,0,0,0,0,0,0,0,0,1
01109674.png,10,1,0,1,0,0,1,0,0,0,0,0,0,0,1,0,0,0,0,0,1
01109742.png,0,0,0,1,0,0,1,0,1,0,0,0,0,0,0,0,0,0,0,0,1
01109763.png,0,0,0,1,0,0,1,1,0,0,0,0,0,0,0,0,0,0,0,0,1
01109765.png,0,1,0,1,0,0,1,0,0,0,0,0,0,0,0,0,0,0,0,0,1
01109914.png,0,1,0,0,0,0,0,0,0,0,0,0,0,0,0,0,0,0,0,0,0
01110106.png,0,0,0,1,0,0,1,0,0,0,0,0,0,0,1,0,0,0,0,0,1
01110108.png,0,0,0,1,0,0,1,0,0,0,1,0,0,0,1,0,0,0,0,0,1
01110271.png,0,1,1,1,0,0,0,0,0,0,0,0,0,0,0,0,0,0,0,0,1
01110272.png,0,0,1,1,0,0,0,0,0,0,0,0,0,0,0,0,0,0,0,0,1
01110290.png,0,0,0,1,0,0,1,0,0,0,0,0,0,0,0,0,0,0,0,0,1
01110301.png,0,1,0,0,0,0,0,0,0,0,0,0,0,0,0,0,0,0,0,0,0
01110563.png,20,0,0,0,0,0,0,0,0,0,0,0,0,0,0,0,0,0,0,1,0
01110596.png,30,0,0,0,0,0,0,0,0,0,0,0,0,0,0,0,0,0,0,1,0
01110672.png,10,1,0,1,0,0,0,0,0,0,0,1,0,0,1,0,0,0,0,0,1
01110867.png,10,0,0,0,0,0,0,0,0,0,0,0,0,0,0,0,0,0,0,1,0
01110939.png,0,0,0,0,0,0,0,0,0,0,0,0,0,0,0,0,0,0,0,1,0
01110942.png,0,0,0,0,0,0,0,0,0,0,0,0,0,0,0,0,0,0,0,1,0
01111044.png,0,0,0,0,0,0,0,0,0,0,0,0,0,0,0,0,0,0,0,1,0
01111048.png,0,0,0,0,0,0,0,0,0,0,0,0,0,0,0,0,0,0,0,1,0
01111098.png,0,0,0,0,0,0,0,0,0,0,0,0,0,1,0,0,0,0,0,0,1
01111300.png,10,0,0,0,0,0,0,0,0,0,0,0,0,0,0,0,0,0,0,1,0
01111419.png,0,1,0,0,0,0,0,0,0,0,0,0,0,0,0,0,0,0,0,0,0
01111430.png,0,0,0,0,0,0,0,0,0,0,0,0,0,0,0,0,0,0,0,1,0
01111436.png,10,1,0,0,0,0,0,0,0,0,0,0,0,0,0,0,0,0,0,0,0
01112129.png,10,0,0,0,0,0,0,0,0,0,0,0,0,0,0,0,0,0,0,1,0
01112134.png,10,0,0,0,0,0,0,0,0,0,0,0,0,0,0,0,0,0,0,1,0
01112145.png,10,0,0,0,0,0,0,0,0,0,0,0,0,0,0,0,0,0,0,1,0
01112159.png,10,0,0,0,0,0,0,0,0,0,0,0,0,0,0,0,0,0,0,1,0
01112187.png,20,1,0,0,0,0,0,0,0,0,0,0,0,0,0,0,0,0,0,0,0
01112261.png,0,0,0,0,0,0,0,0,0,0,0,0,0,0,0,0,0,0,0,1,0
01112339.png,0,0,0,0,0,0,0,0,0,0,0,0,0,1,0,0,0,0,0,0,1
01112444.png,10,0,0,0,0,0,0,0,0,0,0,0,0,0,0,0,0,0,0,1,0
01112551.png,30,0,0,0,0,0,0,0,0,0,0,0,0,0,0,0,0,0,0,1,0
01112552.png,10,1,0,0,0,0,0,0,0,0,0,0,0,0,0,0,0,0,0,0,0
01112670.png,10,0,0,0,0,0,1,0,0,0,0,0,0,1,0,0,0,0,0,0,1
01112784.png,10,0,0,0,0,0,0,0,0,0,0,0,0,0,0,0,0,0,0,1,0
01112838.png,10,1,0,0,0,0,0,0,0,0,0,0,0,0,0,0,0,0,0,0,0
01112963.png,10,0,0,0,0,0,0,0,0,0,0,0,0,0,0,0,0,0,0,1,0
01113113.png,10,0,0,0,0,0,0,0,0,0,0,0,0,0,0,0,0,0,0,1,0
01113480.png,10,0,1,0,0,0,0,0,1,1,0,0,0,1,0,0,0,0,0,0,1
01113815.png,30,0,0,0,0,0,0,0,0,0,0,0,0,0,0,0,0,0,0,1,0
01113913.png,30,0,0,0,0,0,0,0,0,0,0,0,0,0,0,0,0,0,0,1,0
01113968.png,20,0,0,0,0,0,0,0,0,0,0,0,0,0,0,0,0,0,0,1,0
01114202.png,20,0,0,0,0,0,0,0,0,0,0,0,0,0,0,0,0,0,0,1,0
01114240.png,20,0,0,0,0,0,0,0,0,0,0,0,0,0,0,0,0,0,0,1,0
01114499.png,10,0,0,0,0,0,0,0,0,0,0,0,0,0,0,0,0,0,0,1,0
01114581.png,20,0,0,0,0,0,0,0,0,0,0,0,0,0,0,0,0,0,0,1,0
01114648.png,0,0,0,0,0,0,0,0,0,0,0,0,0,0,0,0,0,0,0,1,0
01114793.png,0,0,0,0,0,0,0,0,0,0,0,0,0,0,0,0,0,0,0,1,0
01114841.png,0,1,0,0,0,0,0,0,0,0,0,0,0,0,0,0,0,0,0,0,0
01114887.png,10,1,0,0,0,0,0,0,0,0,0,0,0,0,0,0,0,0,0,0,0
01115189.png,0,0,0,0,0,0,0,0,0,0,0,0,0,0,0,0,0,0,0,1,0
01115198.png,0,0,0,0,0,0,0,0,0,0,0,0,0,0,0,0,0,0,0,1,0
01115381.png,10,0,0,0,0,0,0,0,0,0,0,0,0,0,0,0,0,0,0,1,0
01115622.png,30,1,0,0,0,0,1,0,0,0,1,1,0,0,0,0,0,0,0,0,1
01115871.png,0,0,0,1,0,0,0,0,0,0,0,0,0,0,0,0,0,0,1,0,1
01115905.png,0,0,0,0,0,0,0,0,0,0,0,0,0,0,0,0,0,0,0,1,0
01116118.png,0,0,0,0,0,0,0,0,0,0,0,1,0,1,0,0,0,0,0,0,1
01116479.png,10,0,0,0,1,0,0,0,0,0,0,0,0,0,0,0,0,0,0,0,1
01116716.png,20,0,0,0,0,0,0,0,0,0,0,0,0,0,0,0,0,0,0,1,0
01116726.png,30,0,0,0,0,0,0,0,0,0,0,0,0,0,0,0,0,0,0,1,0
01116742.png,50,1,0,0,0,0,1,0,0,0,0,0,0,0,0,0,0,0,0,0,1
01117122.png,0,1,0,0,0,0,0,0,0,0,0,0,0,0,0,0,0,0,1,0,1
01117308.png,10,0,0,0,0,0,0,0,0,0,0,0,0,0,0,0,0,0,0,1,0
01117890.png,20,0,0,0,0,0,0,0,0,0,0,0,0,0,0,0,0,0,0,1,0
01117897.png,20,0,0,0,1,0,0,0,0,0,0,0,0,0,0,0,0,0,0,0,1
01117933.png,10,1,0,0,0,0,0,0,0,0,0,0,0,0,0,0,0,0,0,0,0
01118040.png,5,0,0,0,0,0,0,0,0,0,0,0,0,0,0,0,0,0,0,1,0
01118239.png,5,1,0,1,0,0,1,0,0,0,0,0,0,0,0,0,0,0,0,0,1
01118278.png,5,1,0,1,0,0,1,0,0,0,0,0,0,0,0,0,0,0,0,0,1
01118372.png,10,0,0,1,0,0,0,0,0,0,0,0,0,1,0,0,0,0,0,0,1
01118484.png,30,0,0,1,0,0,0,0,0,0,0,0,0,1,0,0,0,0,0,0,1
01118581.png,2,0,0,1,0,0,1,0,0,0,0,1,0,1,0,0,0,0,0,0,1
01118671.png,2,1,0,0,0,0,0,0,0,0,0,0,0,0,0,0,0,0,0,0,0
01118673.png,2,0,0,1,0,0,0,0,0,0,0,0,0,1,0,0,0,0,0,0,1
01118915.png,5,0,0,1,0,0,0,0,0,0,0,0,0,1,0,0,0,0,0,0,1
01118968.png,5,0,0,1,0,0,1,0,0,0,0,0,0,0,0,0,0,0,0,0,1
01119024.png,0,0,0,0,0,0,0,0,0,0,0,0,0,0,0,0,0,0,0,1,0
01119088.png,20,0,0,0,0,0,0,0,0,0,0,0,0,0,0,0,0,0,0,1,0
01119103.png,5,1,0,0,0,0,0,0,0,0,0,0,0,0,0,0,0,0,0,0,0
01119196.png,2,0,0,1,0,0,1,0,0,0,0,0,0,1,0,0,0,0,0,0,1
01119235.png,20,1,0,0,0,0,1,0,0,0,0,0,0,0,0,0,0,0,0,0,1
01119430.png,5,1,0,0,0,0,0,0,0,0,0,0,0,0,0,0,0,0,0,0,0
01119552.png,20,0,0,0,0,0,0,0,0,0,0,0,0,0,0,0,0,0,0,1,0
01119591.png,30,1,0,0,0,0,0,0,0,0,0,0,0,0,0,0,0,0,0,0,0
01119631.png,10,0,0,0,0,0,0,0,0,0,0,0,0,0,0,0,0,0,0,1,0
01119687.png,0,0,0,0,0,0,0,0,0,0,0,0,0,0,0,0,0,0,0,1,0
01119797.png,0,0,0,0,0,0,0,0,0,0,0,0,0,0,0,0,0,0,0,1,0
01119813.png,0,0,0,0,0,0,0,0,0,0,0,0,0,0,0,0,0,0,0,1,0
01119916.png,0,0,0,0,0,0,0,0,0,0,0,1,0,0,1,0,0,0,0,0,1
01120091.png,0,0,0,0,0,0,0,0,0,0,0,0,0,0,0,0,0,0,0,1,0
01120156.png,10,0,0,1,0,0,1,0,0,0,0,0,0,0,0,0,0,0,0,0,1
01120334.png,0,0,0,0,0,0,0,0,0,0,0,0,0,0,0,0,0,0,0,1,0
01120428.png,10,0,0,0,0,0,0,0,0,0,0,0,0,0,0,0,0,0,0,1,0
01120593.png,10,0,0,0,0,0,0,0,0,0,0,0,0,0,0,0,0,0,0,1,0
01120594.png,10,0,0,0,0,0,0,0,0,0,0,0,0,0,0,0,0,0,0,1,0
01120658.png,10,0,0,0,0,0,0,0,0,0,0,0,0,0,0,0,0,0,0,1,0
01120662.png,20,0,1,0,0,0,0,0,0,0,0,1,0,0,0,1,0,0,0,0,1
01120779.png,0,0,0,0,0,0,0,0,0,0,0,0,0,0,0,0,0,0,0,1,0
01120875.png,10,0,0,0,0,0,0,0,0,0,0,0,0,1,0,0,0,0,0,0,1
01120936.png,10,0,0,0,0,0,1,0,0,0,0,0,0,0,0,0,0,0,0,0,1
01120982.png,0,0,0,1,0,0,1,0,1,0,0,0,0,0,0,0,0,0,0,0,1
01121026.png,0,0,0,0,0,0,0,0,0,0,0,0,0,0,0,0,0,0,0,1,0
01121078.png,0,1,0,0,0,0,0,0,0,0,0,0,0,0,0,0,0,0,1,0,1
01121081.png,0,0,0,0,0,0,1,0,0,0,0,0,0,0,0,0,0,0,1,0,1
01121103.png,0,1,0,0,0,0,0,0,0,0,0,0,0,0,0,0,0,0,0,0,0
01121425.png,0,1,0,0,0,0,0,0,0,0,0,0,0,0,0,0,0,0,0,0,0
01121460.png,20,1,0,0,0,0,0,0,0,0,0,0,0,0,0,0,0,0,0,0,0
01121462.png,10,0,0,1,0,0,1,0,0,0,0,0,0,0,0,0,0,0,0,0,1
01121553.png,10,0,0,1,0,0,1,0,0,0,0,0,0,0,0,0,0,0,0,0,1
01121834.png,10,0,0,1,0,0,1,0,0,0,0,0,0,0,0,0,0,0,0,0,1
01121933.png,0,0,0,0,0,0,0,0,0,0,0,0,0,0,0,0,0,0,0,1,0
01122038.png,10,0,0,0,0,0,0,0,0,0,0,0,0,0,0,0,0,0,0,1,0
01122052.png,10,0,0,0,0,0,0,0,0,0,0,0,0,0,0,0,0,0,0,1,0
01122214.png,10,1,0,0,0,0,0,0,0,0,0,0,0,0,0,0,0,0,0,0,0
01122314.png,0,0,0,0,0,0,0,0,0,0,0,0,0,0,0,0,0,0,0,1,0
01122377.png,10,1,0,0,0,0,1,0,0,0,0,0,0,0,0,0,0,0,0,0,1
01122456.png,0,0,0,0,0,0,0,0,0,0,0,0,0,0,0,0,0,0,0,1,0
01122766.png,0,0,0,0,0,0,0,0,0,0,0,0,0,0,0,0,0,0,0,1,0
01123244.png,0,0,0,0,0,0,0,0,0,0,0,0,0,0,0,0,0,0,0,1,0
01123251.png,0,0,0,0,0,0,0,0,0,0,0,0,0,0,0,0,0,0,0,1,0
01123401.png,10,0,0,0,0,0,0,0,0,0,0,0,0,0,0,0,0,0,0,1,0
01123973.png,0,0,0,0,0,0,0,0,0,0,0,0,0,0,0,0,0,0,0,1,0
01124402.png,0,0,0,0,0,0,0,0,0,0,0,0,0,0,0,0,0,0,0,1,0
01124551.png,0,0,0,0,0,0,0,0,0,0,0,0,0,0,0,0,0,0,0,1,0
01124839.png,0,0,0,0,0,0,0,0,0,0,0,0,0,0,0,0,0,0,0,1,0
01124878.png,10,0,0,0,0,0,0,0,0,0,0,0,0,0,0,0,0,0,0,1,0
01124903.png,10,0,0,0,0,0,1,0,0,0,0,0,0,0,0,0,0,0,0,0,1
01124982.png,10,0,0,0,0,0,0,0,0,0,0,0,0,0,0,0,0,0,0,1,0
01125086.png,0,0,0,0,0,0,0,0,0,0,0,0,0,0,0,0,0,0,0,1,0
01125272.png,10,0,0,0,0,0,0,0,0,0,0,0,0,0,0,0,0,0,0,1,0
01125449.png,5,0,0,1,0,0,0,0,0,0,0,0,0,1,0,0,0,0,0,0,1
01125486.png,0,0,0,0,0,0,0,0,0,0,0,0,0,0,0,0,0,0,0,1,0
01125491.png,0,0,0,0,0,0,0,0,0,0,0,0,0,0,0,0,0,0,0,1,0
01125516.png,10,1,0,0,0,0,0,0,0,0,0,0,0,0,0,0,0,0,1,0,1
01125634.png,0,0,0,0,0,0,0,0,0,0,0,0,0,0,0,0,0,0,0,1,0
01125751.png,10,0,0,0,0,0,0,0,0,0,0,0,0,0,0,0,0,0,0,1,0
01126052.png,10,0,0,0,0,0,0,0,0,0,0,0,0,0,0,0,0,0,0,1,0
01126062.png,10,0,0,0,0,0,0,0,0,0,0,0,0,0,0,0,0,0,0,1,0
01126119.png,10,0,0,0,0,0,0,0,0,0,0,0,0,0,0,0,0,0,0,1,0
01126568.png,0,0,0,0,0,0,0,0,0,0,0,0,0,0,0,0,0,0,0,1,0
01126701.png,10,0,0,0,0,0,0,0,0,0,0,0,0,0,0,0,0,0,0,1,0
01126843.png,0,0,0,0,0,0,0,0,0,0,0,0,0,0,0,0,0,0,0,1,0
01126999.png,0,0,0,0,0,0,0,0,0,0,0,0,0,0,0,0,0,0,0,1,0
01127033.png,0,0,0,0,0,0,0,0,0,0,0,0,0,0,0,0,0,0,0,1,0
01127240.png,0,0,0,0,0,0,0,0,0,0,0,0,0,0,0,0,0,0,1,0,1
01127277.png,10,0,0,0,0,0,0,0,0,0,0,0,0,0,0,0,0,0,0,1,0
01127352.png,10,0,0,0,0,0,0,0,0,0,0,0,0,0,0,0,0,0,0,1,0
01127493.png,0,0,0,0,0,0,0,0,0,0,0,0,0,0,0,0,0,0,0,1,0
01127711.png,0,0,0,0,0,0,0,0,0,0,0,0,0,0,0,0,0,0,0,1,0
01127881.png,30,1,0,0,0,0,0,0,0,0,0,0,0,0,0,0,0,0,0,0,0
01127903.png,30,0,0,1,0,0,1,0,1,0,0,0,0,0,0,0,0,0,0,0,1
01127939.png,10,0,0,1,0,0,1,0,0,0,0,0,0,1,0,0,0,0,0,0,1
01128008.png,10,0,0,1,0,0,1,0,0,0,0,0,0,0,0,0,0,0,0,0,1
01128173.png,0,1,0,1,0,0,1,0,0,0,0,0,0,0,0,0,0,0,0,0,1
01128336.png,0,0,0,0,0,0,0,0,0,0,0,0,0,0,0,0,0,0,0,1,0
01128566.png,0,1,0,0,0,0,0,0,0,0,0,0,0,0,0,0,0,0,0,0,0
01128581.png,0,0,0,1,0,0,1,0,1,0,0,0,0,0,0,0,0,0,0,0,1
01128585.png,0,1,0,0,0,0,0,0,0,0,0,0,0,0,0,0,0,0,0,0,0
01128813.png,10,0,0,0,0,0,0,0,0,0,0,0,0,0,0,0,0,0,0,1,0
01128853.png,10,1,0,0,0,0,0,0,0,0,0,0,0,0,0,0,0,0,0,0,0
01129176.png,0,0,0,0,0,0,0,0,0,0,0,0,0,0,0,0,0,0,0,1,0
01129243.png,10,1,0,0,0,0,1,0,0,0,1,0,0,1,0,0,0,0,0,0,1
01129370.png,10,1,0,0,0,0,0,0,0,0,0,0,0,0,0,0,0,0,0,0,0
01129386.png,0,0,0,0,0,0,0,0,0,0,0,0,0,0,0,0,0,0,0,1,0
01129439.png,10,0,0,0,0,0,0,0,0,0,0,0,0,0,0,0,0,0,0,1,0
01129478.png,0,0,0,0,0,0,0,0,0,0,0,0,0,0,0,0,0,0,0,1,0
01129509.png,0,0,0,0,0,0,0,0,0,0,0,0,0,0,0,0,0,0,0,1,0
01129548.png,0,0,0,0,0,0,0,0,0,0,0,0,0,0,0,0,0,0,0,1,0
01129952.png,10,1,0,0,0,0,0,0,0,0,0,1,0,0,0,0,0,0,0,0,1
01129965.png,10,0,0,0,0,0,1,0,0,0,0,0,0,0,0,0,0,0,0,0,1
01130152.png,10,0,0,0,0,0,0,0,0,0,0,0,0,0,0,0,0,0,0,1,0
01130535.png,10,1,0,0,0,0,0,0,0,0,0,0,0,0,0,0,0,0,0,0,0
01130654.png,0,0,0,0,0,0,0,0,0,0,0,0,0,0,0,0,0,0,0,1,0
01130656.png,10,0,0,0,0,0,0,0,0,0,0,0,0,0,0,0,0,0,0,1,0
01130698.png,10,0,0,0,0,0,0,0,0,0,0,0,0,0,0,0,0,0,0,1,0
01130756.png,0,0,0,0,0,0,0,0,1,0,0,0,0,0,0,0,0,0,0,0,1
01130968.png,10,0,0,1,0,0,0,0,0,0,1,0,0,0,0,0,0,0,0,0,1
01131059.png,0,0,0,0,1,0,0,0,0,0,0,0,0,0,0,0,1,0,0,0,1
01131099.png,0,0,0,0,1,0,0,0,0,0,0,0,0,0,0,0,0,0,0,0,1
01131118.png,10,0,0,1,0,0,0,0,1,0,1,0,0,0,0,0,0,0,1,0,1
01131177.png,0,0,0,1,0,0,1,0,1,0,1,0,0,0,0,0,0,0,0,0,1
01131246.png,0,0,0,0,0,0,0,0,0,0,0,0,0,0,0,0,0,0,0,1,0
01131265.png,0,0,0,0,0,0,0,0,0,0,0,0,0,0,0,0,0,0,0,1,0
01131369.png,0,0,0,0,0,0,0,0,0,0,0,0,0,0,0,0,0,0,0,1,0
01131440.png,0,0,0,0,0,0,0,0,0,0,0,0,0,0,0,0,0,0,0,1,0
01131449.png,0,0,0,0,0,0,0,0,0,0,0,0,0,0,0,0,0,0,0,1,0
01131592.png,10,0,0,0,0,0,0,0,0,0,0,0,0,0,0,0,0,0,0,1,0
01131752.png,20,0,0,0,0,0,0,0,0,0,0,0,0,0,0,0,0,0,0,1,0
01131822.png,10,0,0,0,0,0,0,0,0,0,0,0,0,0,0,0,0,0,0,1,0
01131934.png,10,0,0,0,0,0,0,0,0,0,0,0,0,0,0,0,0,0,0,1,0
01132108.png,0,0,0,0,0,0,0,0,0,0,0,0,0,0,0,0,0,0,0,1,0
01132210.png,0,0,0,0,0,0,0,0,0,0,0,0,0,0,0,0,0,0,0,1,0
01132415.png,10,0,0,0,0,0,1,0,1,0,1,0,0,0,0,0,0,0,0,0,1
01132851.png,5,0,0,0,0,0,0,0,0,0,0,1,0,0,0,0,0,0,0,0,1
01132901.png,2,0,0,0,0,0,1,0,0,0,0,0,0,0,0,0,0,0,0,0,1
01132904.png,2,0,0,0,0,0,0,0,0,0,0,0,0,0,0,0,0,0,0,1,0
01132905.png,10,1,0,0,0,0,1,0,0,0,0,1,0,0,0,0,0,0,0,0,1
01132988.png,2,0,0,0,0,0,0,0,0,0,0,0,0,0,0,0,0,0,0,1,0
01133221.png,50,1,0,1,0,0,0,0,0,0,0,0,0,0,0,0,0,0,0,0,1
01133379.png,10,0,0,0,0,0,1,0,0,0,0,1,0,0,0,0,0,0,0,0,1
01133656.png,5,1,0,0,0,0,0,0,0,0,0,0,0,0,0,0,0,0,0,0,0
01133657.png,5,0,0,0,0,0,1,0,0,0,0,1,0,0,0,0,0,0,0,0,1
01133711.png,5,0,0,0,0,0,1,0,0,0,0,1,0,0,0,0,0,0,0,0,1
01133752.png,5,0,0,1,0,0,1,0,0,0,0,0,0,0,0,0,0,0,0,0,1
01133827.png,20,0,0,0,0,0,1,0,0,0,0,1,0,0,0,0,0,0,0,0,1
01133858.png,5,1,0,0,0,0,0,0,0,0,0,1,0,0,0,0,0,0,0,0,1
01134102.png,50,0,0,1,0,0,1,0,0,0,0,0,0,1,0,0,0,0,0,0,1
01134153.png,2,1,0,0,0,0,0,0,0,0,0,0,0,0,0,0,0,0,0,0,0
01134313.png,5,0,0,1,0,0,1,0,0,0,0,0,0,0,1,0,0,0,0,0,1
01134477.png,20,1,0,0,0,0,0,0,0,0,0,0,0,1,0,0,0,0,1,0,1
01134627.png,5,0,0,1,0,0,1,0,0,0,0,1,0,1,0,0,0,0,0,0,1
01134666.png,0,0,0,0,0,0,1,0,0,0,0,1,0,0,0,0,0,0,0,0,1
01134832.png,30,1,0,0,0,0,1,0,0,0,0,1,0,0,1,0,0,0,0,0,1
01134850.png,2,0,0,1,0,0,1,0,1,0,0,0,0,1,0,0,0,0,0,0,1
01134930.png,2,1,0,0,0,0,1,0,0,0,0,0,0,0,0,0,0,0,0,0,1
01135042.png,5,1,0,0,0,0,0,0,0,0,0,0,0,0,0,0,0,0,1,0,1
01135065.png,0,0,1,1,0,0,1,0,0,0,0,0,0,0,1,0,0,0,0,0,1
01135562.png,2,0,0,0,0,0,0,0,0,0,0,0,0,0,0,0,0,0,0,1,0
01135644.png,2,0,0,0,0,0,0,0,0,0,0,0,0,0,0,0,0,0,0,1,0
01135680.png,2,0,0,0,0,0,0,0,0,0,0,0,0,0,0,0,0,0,0,1,0
01135804.png,10,0,0,0,0,0,0,0,0,0,0,0,0,0,0,0,0,0,0,1,0
01136165.png,5,0,1,0,0,0,1,0,0,0,0,0,0,0,0,0,0,0,0,0,1
01136233.png,10,0,0,0,0,0,0,0,0,0,0,0,0,0,0,0,0,0,0,1,0
01136375.png,0,0,0,0,0,0,0,0,0,0,0,0,0,0,0,0,0,0,0,1,0
01136390.png,0,0,0,0,0,0,1,0,0,1,0,1,0,0,0,0,0,0,0,0,1
01136394.png,0,0,0,0,0,0,1,0,0,0,0,0,0,1,0,0,0,0,0,0,1
01136567.png,20,0,0,0,0,0,0,0,0,0,0,0,0,0,0,0,0,0,0,1,0
01136572.png,0,0,0,0,0,0,0,0,0,0,0,0,0,0,0,0,0,0,0,1,0
01136724.png,5,0,0,0,0,0,0,0,0,0,0,0,0,0,0,0,0,0,0,1,0
01136749.png,5,0,0,0,0,0,0,0,0,0,0,1,0,0,1,0,0,0,0,0,1
01136807.png,5,0,0,0,0,0,0,0,0,0,0,0,0,0,0,0,0,0,0,1,0
01136824.png,5,0,0,0,0,0,1,0,0,1,0,1,0,1,0,0,0,0,0,0,1
01136844.png,5,1,0,0,0,0,0,0,0,0,0,1,0,0,0,0,0,0,0,0,1
01136865.png,10,0,0,0,0,0,1,0,0,0,0,0,0,1,0,0,0,0,0,0,1
01136923.png,5,0,0,0,0,0,0,0,0,0,0,0,0,0,0,0,0,0,0,1,0
01136969.png,5,0,0,0,0,0,0,0,0,0,0,0,0,0,0,0,0,0,0,1,0
01136973.png,5,0,0,0,0,0,0,0,0,0,0,0,0,0,0,0,0,0,0,1,0
01136998.png,5,0,0,0,0,0,0,0,0,0,0,0,0,0,0,0,0,0,0,1,0
01137286.png,10,0,0,0,0,0,0,0,0,0,0,0,0,0,0,0,0,0,0,1,0
01137549.png,80,0,0,0,0,0,0,0,0,0,0,0,0,0,0,0,0,0,0,1,0
01137782.png,0,0,0,0,0,0,0,0,0,0,0,0,0,0,0,0,0,0,0,1,0
01137867.png,2,0,0,0,0,0,0,0,0,0,0,0,0,0,0,0,0,0,0,1,0
01137930.png,2,0,0,0,0,0,0,0,0,0,0,0,0,0,0,0,0,0,0,1,0
01137950.png,2,0,0,0,0,0,0,0,0,0,0,0,0,0,0,0,0,0,0,1,0
01138023.png,5,1,0,0,0,0,1,0,0,0,0,0,0,0,0,0,0,0,0,0,1
01138175.png,0,1,0,0,0,0,0,0,0,0,0,0,0,0,0,0,0,0,0,0,0
01138185.png,0,0,0,0,0,0,0,0,0,0,0,0,0,0,0,0,0,0,0,1,0
01138408.png,0,0,0,0,0,0,0,0,0,0,0,0,0,0,0,0,0,0,0,1,0
01138413.png,0,0,0,0,0,0,0,0,0,0,0,0,0,0,0,0,0,0,0,1,0
01138518.png,2,0,0,0,0,0,0,0,0,0,0,0,0,0,0,0,0,0,0,1,0
01138655.png,2,0,0,0,0,0,0,0,0,0,0,0,0,0,0,0,0,0,0,1,0
01138745.png,0,0,0,0,0,0,0,0,0,0,0,0,0,0,0,0,0,0,0,1,0
01138804.png,0,0,0,0,0,0,0,0,0,0,0,0,0,0,0,0,0,0,0,1,0
01138850.png,2,0,0,0,0,0,0,0,0,0,0,0,0,0,0,0,0,0,0,1,0
01139008.png,2,0,0,0,0,0,0,0,0,0,0,0,0,0,0,0,0,0,0,1,0
01139099.png,2,0,0,0,0,0,1,0,0,0,0,0,0,0,0,0,0,0,0,0,1
01139133.png,2,0,0,0,0,0,0,0,0,0,0,0,0,0,0,0,0,0,0,1,0
01139168.png,2,0,0,0,0,0,0,0,0,0,0,0,0,0,0,0,0,0,0,1,0
01139307.png,5,0,0,0,0,0,0,0,0,0,0,0,0,0,0,0,0,0,0,1,0
01139308.png,5,0,0,0,0,0,0,0,0,0,0,0,0,0,0,0,0,0,0,1,0
01139517.png,5,0,0,0,0,0,0,0,0,0,0,0,0,0,0,0,0,0,0,1,0
01139616.png,0,0,0,0,0,0,0,0,0,0,0,0,0,0,0,0,0,0,0,1,0
01139806.png,20,0,0,0,0,0,0,0,0,0,0,0,0,0,0,0,0,0,0,1,0
01139923.png,50,1,0,1,0,0,1,0,0,0,0,0,0,0,0,0,0,0,0,0,1
01140076.png,10,1,0,0,0,0,0,0,0,0,0,0,0,0,0,0,0,0,0,0,0
01140136.png,2,0,0,0,0,0,0,0,0,0,0,0,0,0,0,0,0,0,0,1,0
01140159.png,2,0,0,0,0,0,0,0,0,0,0,0,0,0,0,0,0,0,0,1,0
01140266.png,2,0,0,0,0,0,0,0,0,0,0,0,0,0,0,0,0,0,0,1,0
01140324.png,0,1,0,0,0,0,0,0,0,0,0,0,0,0,0,0,0,0,0,0,0
01140431.png,0,0,0,0,0,0,0,0,0,0,0,0,0,1,0,0,0,0,0,0,1
01140482.png,0,0,0,0,0,0,0,0,0,0,0,0,0,0,0,0,0,0,0,1,0
01140607.png,0,0,0,0,0,0,0,0,0,0,0,0,0,0,0,0,0,0,0,1,0
01140819.png,0,0,0,0,0,0,0,0,0,0,0,0,0,0,0,0,0,0,0,1,0
01140927.png,2,0,0,0,0,0,0,0,0,0,0,0,0,0,0,0,0,0,0,1,0
01140954.png,2,0,0,0,0,0,0,0,0,0,0,0,0,0,0,0,0,0,0,1,0
01141197.png,0,0,0,0,0,0,0,0,0,0,0,0,0,0,0,0,0,0,0,1,0
01141202.png,0,0,0,0,0,0,0,0,0,0,0,0,0,0,0,0,0,0,0,1,0
01141217.png,0,0,0,0,0,0,0,0,0,0,0,0,0,0,0,0,0,0,0,1,0
01141223.png,0,1,0,0,0,0,0,0,0,0,0,0,0,0,0,0,0,0,0,0,0
01141448.png,5,1,0,0,0,0,0,0,0,0,0,0,0,0,0,0,0,0,0,0,0
01141711.png,5,0,0,0,0,0,0,0,0,0,0,0,0,0,0,0,0,0,0,1,0
01141800.png,5,1,0,0,0,0,0,0,0,0,0,0,0,0,0,0,0,0,0,0,0
01141826.png,10,0,0,0,0,0,0,0,0,0,0,0,0,0,0,0,0,0,0,1,0
01141991.png,0,0,0,0,0,0,0,0,0,0,0,0,0,0,0,0,0,0,0,1,0
01142098.png,5,0,0,0,0,0,1,0,0,0,0,1,0,0,0,0,0,0,0,0,1
01142399.png,2,0,0,0,0,0,0,0,0,0,0,0,0,0,0,0,0,0,0,1,0
01142433.png,2,0,0,0,0,0,0,0,0,0,0,0,0,0,0,0,0,0,0,1,0
01142709.png,0,0,0,0,0,0,0,0,0,0,0,0,0,0,0,0,0,0,0,1,0
01142777.png,0,0,0,0,0,0,0,0,0,0,0,0,0,0,0,0,0,0,0,1,0
01142789.png,0,0,0,0,0,0,0,0,0,0,0,0,0,0,0,0,0,0,0,1,0
01142908.png,2,0,0,0,0,0,0,0,0,0,0,0,0,0,0,0,0,0,0,1,0
01142928.png,2,0,0,0,0,0,0,0,0,0,0,0,0,0,0,0,0,0,0,1,0
01142939.png,2,0,0,0,0,0,0,0,0,0,0,0,0,0,0,0,0,0,0,1,0
01143006.png,0,0,0,0,0,0,0,0,0,0,0,0,0,0,0,0,0,0,0,1,0
01143069.png,0,0,0,0,0,0,0,0,0,0,0,0,0,0,0,0,0,0,0,1,0
01143103.png,10,1,0,0,0,0,0,0,0,0,0,0,0,0,0,0,0,0,0,0,0
01143121.png,5,0,0,0,0,0,0,0,0,0,0,0,0,0,0,0,0,0,0,1,0
01143132.png,0,0,0,0,0,0,0,0,0,0,0,0,0,0,0,0,0,0,0,1,0
01143148.png,0,0,0,0,0,0,0,0,0,0,0,0,0,0,0,0,0,0,0,1,0
01143161.png,0,0,0,0,0,0,0,0,0,0,0,0,0,0,0,0,0,0,0,1,0
01143256.png,0,0,0,0,0,0,0,0,0,0,0,0,0,1,0,0,0,0,1,0,1
01143424.png,0,0,0,0,0,0,0,0,0,0,0,0,0,1,0,0,0,0,0,0,1
01143439.png,0,0,0,0,0,0,0,0,0,0,0,0,0,0,0,0,0,0,0,1,0
01143441.png,0,0,0,0,0,0,0,0,0,0,0,0,0,0,0,0,0,0,0,1,0
01143485.png,5,0,0,0,0,0,0,0,0,0,0,0,0,0,0,0,0,0,1,0,1
01143493.png,10,1,0,0,0,0,0,0,0,0,0,0,0,0,0,0,0,0,0,0,0
01143515.png,5,0,0,0,0,0,0,0,0,0,0,0,0,0,0,0,0,0,0,1,0
01143525.png,5,0,0,0,0,0,0,0,0,0,0,0,0,0,0,0,0,0,0,1,0
01143971.png,5,0,0,0,0,0,0,0,0,0,0,0,0,0,0,0,0,0,0,1,0
01143993.png,5,0,0,0,0,1,0,0,0,0,0,0,0,0,0,0,0,0,0,0,1
01144147.png,2,1,0,0,0,0,0,0,0,0,0,0,0,0,0,0,0,0,1,0,1
01144609.png,10,0,0,0,0,0,0,0,0,0,0,0,0,0,0,0,0,0,0,1,0
01144890.png,10,0,0,0,0,0,0,0,0,0,0,0,0,0,0,0,0,0,0,1,0
01144941.png,10,0,0,0,0,0,0,0,0,0,0,0,0,0,0,0,0,0,0,1,0
01145049.png,2,0,0,0,0,0,0,0,0,0,0,0,0,0,0,0,0,0,0,1,0
01145103.png,10,1,0,0,0,0,0,0,0,0,0,0,0,0,0,0,0,0,1,0,1
01145455.png,5,1,0,0,0,0,0,0,0,0,0,0,0,0,0,0,0,0,0,0,0
01145978.png,5,0,0,0,0,0,0,0,0,0,0,0,0,0,0,0,0,0,0,1,0
01146228.png,2,1,0,0,0,0,0,0,0,0,0,0,0,0,0,0,0,0,0,0,0
01146235.png,5,0,0,0,0,0,0,0,0,0,0,0,0,0,0,0,0,0,0,1,0
01146340.png,5,0,0,0,0,0,0,0,0,0,0,0,0,0,0,0,0,0,0,1,0
01146397.png,2,0,0,0,0,1,0,0,0,0,0,0,0,1,0,0,0,0,0,0,1
01146410.png,2,0,0,0,0,0,0,0,0,0,0,0,0,0,0,0,0,0,0,1,0
01146499.png,5,0,0,0,0,0,0,0,0,0,0,0,0,0,0,0,0,0,0,1,0
01146756.png,0,1,0,1,0,0,1,0,0,0,0,0,0,0,0,0,0,0,1,0,1
01146825.png,0,0,0,0,1,0,0,0,0,0,0,0,0,0,0,0,0,0,0,0,1
01146938.png,10,0,0,0,0,0,0,0,0,0,0,0,0,0,0,0,0,0,0,1,0
01146965.png,10,0,0,0,0,0,0,0,0,0,0,0,0,0,0,0,0,0,0,1,0
01147091.png,0,0,0,0,0,0,0,0,0,0,0,0,0,0,0,0,0,0,0,1,0
01147266.png,0,0,0,0,0,0,0,0,0,0,0,0,0,0,0,0,0,0,0,1,0
01147728.png,5,0,0,0,0,0,0,0,0,0,0,0,0,0,0,0,0,0,0,1,0
01147780.png,0,0,0,0,0,0,0,0,0,0,0,0,0,0,0,0,0,0,0,1,0
01147872.png,10,0,0,0,0,0,0,0,0,0,0,0,0,0,0,0,0,0,0,1,0
01148137.png,0,0,0,0,0,0,0,0,0,0,0,0,0,0,0,0,0,0,0,1,0
01148147.png,0,0,0,0,0,0,0,0,0,0,0,0,0,0,0,0,0,0,1,0,1
01148224.png,0,0,0,0,0,0,0,0,0,0,0,0,0,0,0,0,0,0,0,1,0
01148251.png,0,0,0,0,0,0,0,0,0,0,0,0,0,0,0,0,0,0,0,1,0
01148356.png,10,0,0,0,0,0,1,0,1,0,0,0,0,0,0,0,0,0,0,0,1
01148481.png,0,0,0,0,0,0,0,0,0,0,0,0,0,0,0,0,0,0,1,0,1
01148490.png,0,1,1,0,0,0,0,0,0,0,1,0,0,0,0,0,0,0,0,0,1
01148847.png,0,1,0,0,0,0,0,0,0,0,0,0,0,0,0,0,0,0,1,0,1
01149237.png,0,0,0,0,0,0,1,0,0,0,1,0,0,0,0,0,0,0,1,0,1
01149371.png,10,1,0,0,0,0,0,0,0,0,0,0,0,0,0,0,0,0,1,0,1
01149468.png,2,0,0,0,0,0,0,0,0,0,0,0,0,0,0,0,0,1,0,0,1
01149523.png,0,1,0,0,1,0,0,0,0,0,0,0,0,0,0,0,0,0,0,0,1
01149556.png,5,1,0,1,0,0,1,0,0,0,1,0,0,0,0,0,0,0,0,0,1
01149987.png,10,0,0,0,0,0,0,0,0,0,0,0,0,0,0,0,0,0,0,1,0
01150189.png,0,1,0,0,0,0,1,0,0,0,0,0,0,0,0,0,0,0,1,0,1
01150380.png,0,1,0,0,0,0,1,0,0,0,0,1,0,0,0,0,0,0,1,0,1
01150495.png,0,0,0,0,0,0,1,0,0,0,0,0,0,0,0,0,0,0,1,0,1
01150575.png,10,1,1,0,0,0,1,0,0,0,0,0,0,0,0,0,0,0,1,0,1
01150906.png,10,0,0,0,0,0,0,0,0,0,0,0,0,0,0,0,0,0,1,0,1
01151006.png,10,1,0,0,0,0,0,0,0,0,0,0,0,0,0,0,0,0,0,0,0
01151262.png,2,0,0,0,0,0,0,0,0,0,0,0,0,0,0,0,0,0,0,1,0
01151313.png,5,1,0,0,0,0,0,0,0,0,0,0,0,0,0,0,0,0,0,0,0
01151612.png,10,0,0,0,0,0,0,0,0,0,0,0,0,0,0,0,0,0,0,1,0
01151708.png,20,1,0,0,0,0,0,0,0,0,0,0,0,0,0,0,0,0,0,0,0
01151714.png,20,0,0,0,0,0,0,0,0,0,0,0,0,0,0,0,0,0,0,1,0
01151769.png,20,0,1,0,0,0,0,0,0,0,0,0,0,0,0,0,0,0,0,0,1
01151918.png,20,0,0,0,0,0,0,0,0,0,0,1,0,0,0,0,0,0,0,0,1
01152014.png,10,0,0,0,0,0,0,0,0,0,0,0,0,0,0,0,0,0,0,1,0
01152181.png,0,0,0,0,0,0,0,0,0,0,0,0,0,0,0,0,0,0,0,1,0
01152223.png,20,1,0,1,0,0,1,0,0,0,1,1,0,0,0,0,0,0,0,0,1
01152325.png,5,0,0,1,0,0,1,0,0,1,0,1,0,0,0,0,0,0,0,0,1
01152355.png,5,0,0,0,0,0,0,0,0,0,0,0,0,0,0,0,0,0,0,1,0
01152622.png,30,0,0,0,0,0,1,0,0,0,0,0,0,1,0,0,0,0,0,0,1
01152639.png,5,0,0,1,0,0,1,0,0,0,0,0,0,0,0,0,0,0,0,0,1
01152705.png,5,1,0,1,0,0,1,0,0,0,0,0,0,0,0,0,0,0,0,0,1
01152952.png,10,1,0,0,0,0,0,0,0,0,0,0,0,0,0,0,0,0,0,0,0
01152983.png,30,1,0,0,0,0,0,0,0,0,0,0,0,0,0,0,0,0,0,0,0
01153154.png,2,0,0,0,0,0,0,0,0,0,0,0,0,0,0,0,0,0,0,1,0
01153547.png,5,0,0,0,0,0,0,0,0,0,0,0,0,0,0,0,0,0,0,1,0
01153564.png,5,1,0,0,0,0,0,0,0,0,0,0,0,0,0,0,0,0,0,0,0
01153751.png,0,0,0,0,0,0,0,0,0,0,0,0,0,0,0,0,0,0,0,1,0
01153870.png,0,1,0,0,0,0,0,0,0,0,0,0,0,0,0,0,0,0,0,0,0
01153899.png,0,1,0,0,0,0,0,0,0,0,0,0,0,0,0,0,0,0,0,0,0
01154356.png,0,0,0,0,0,0,0,0,0,0,0,0,0,0,0,0,0,0,0,1,0
01154428.png,0,0,0,0,0,0,0,0,0,0,0,0,0,0,0,0,0,0,0,1,0
01154625.png,0,0,0,0,0,0,0,0,0,0,0,0,0,0,0,0,0,0,0,1,0
01154641.png,0,0,0,0,0,0,0,0,0,0,0,0,0,0,0,0,0,0,0,1,0
01154846.png,0,0,0,0,0,0,0,0,0,0,0,0,0,0,0,0,0,0,0,1,0
01154901.png,0,0,0,0,0,0,0,0,0,0,0,0,0,0,0,0,0,0,0,1,0
01155063.png,0,1,0,0,0,0,0,0,0,0,0,0,0,0,0,0,0,0,0,0,0
01155108.png,0,0,0,0,1,0,0,0,0,0,0,0,0,0,0,0,0,0,0,0,1
01155171.png,0,0,0,0,0,0,0,0,0,0,0,0,0,0,0,0,0,0,0,1,0
01155372.png,0,0,0,0,0,0,0,0,0,0,0,0,0,1,0,0,0,0,0,0,1
01155414.png,0,1,0,0,0,0,0,0,0,0,0,0,0,0,0,0,0,0,1,0,1
01155512.png,0,0,0,0,0,0,0,0,0,0,0,0,0,0,0,0,0,0,0,1,0
01155596.png,0,1,0,0,0,0,0,0,0,0,0,0,0,0,0,0,0,0,0,0,0
01155706.png,2,1,0,0,0,0,0,0,0,0,0,0,0,0,0,0,0,0,0,0,0
01155944.png,5,0,0,0,0,0,0,0,0,0,0,0,0,0,0,0,0,0,0,1,0
01156017.png,5,0,0,0,0,0,0,0,0,0,0,0,0,0,0,0,0,0,0,1,0
01156053.png,5,0,0,0,0,0,0,0,0,0,0,0,0,0,0,0,0,0,0,1,0
01156396.png,5,0,0,0,0,0,0,0,0,0,0,0,0,0,0,0,0,0,0,1,0
01156415.png,5,0,0,0,0,0,0,0,0,0,0,0,0,0,0,0,0,0,0,1,0
01156523.png,5,0,0,0,0,0,0,0,0,0,0,0,0,0,0,0,0,0,0,1,0
01156759.png,2,0,0,0,0,0,0,0,0,0,0,0,0,0,0,0,0,0,0,1,0
01157012.png,20,0,0,0,0,0,0,0,0,0,0,0,0,0,0,0,0,0,0,1,0
01157170.png,0,0,0,0,0,0,1,0,0,0,0,0,0,1,0,0,0,0,0,0,1
01157234.png,0,0,0,0,0,0,1,0,0,0,0,0,0,1,0,0,0,0,0,0,1
01157366.png,2,0,0,0,0,0,1,0,0,0,0,0,0,1,0,0,0,0,0,0,1
01157419.png,2,0,0,0,0,0,0,0,0,0,1,0,0,0,0,0,0,0,0,0,1
01157635.png,10,1,0,0,0,0,0,0,0,1,0,0,0,0,0,0,0,0,0,0,1
01157875.png,2,0,0,0,0,0,0,0,0,0,0,0,0,0,0,0,0,0,0,1,0
01158053.png,2,0,0,0,0,0,0,0,0,0,0,0,0,0,0,0,0,0,0,1,0
01158209.png,2,1,0,0,0,0,1,0,0,1,0,1,0,0,0,0,0,0,0,0,1
01158519.png,0,0,0,0,0,0,0,0,0,0,0,0,0,0,0,0,0,0,0,1,0
01159014.png,0,0,0,1,0,0,0,0,0,0,0,0,0,1,0,0,0,0,0,0,1
01159087.png,0,0,0,0,0,0,0,0,0,0,0,0,0,0,0,0,0,0,0,1,0
01159112.png,5,0,0,0,0,0,0,0,0,0,0,0,0,0,0,0,0,0,0,1,0
01159149.png,0,0,0,0,0,0,0,0,0,0,0,0,0,0,0,0,0,0,0,1,0
01159311.png,0,1,0,0,0,0,0,0,0,0,0,0,0,0,0,0,0,0,0,0,0
01159332.png,0,1,0,0,0,0,0,0,0,0,0,0,0,1,0,0,0,0,0,0,1
01159378.png,2,1,0,0,0,0,0,0,0,0,0,0,0,0,0,0,0,0,0,0,0
01159397.png,5,0,1,0,0,0,1,0,0,0,0,0,0,0,0,0,0,0,0,0,1
01159580.png,2,0,0,0,0,0,0,0,0,0,0,0,0,1,0,0,0,0,0,0,1
01159912.png,30,1,0,0,0,0,0,0,0,0,0,0,0,0,0,0,0,0,0,0,0
01159939.png,10,0,0,0,0,0,0,0,0,0,0,0,0,0,0,0,0,0,0,1,0
01159943.png,10,0,0,0,0,0,0,0,0,0,0,0,0,0,0,0,0,0,0,1,0
01160012.png,10,0,0,0,0,0,1,0,1,0,0,0,0,0,0,0,0,0,0,0,1
01160297.png,2,0,0,0,0,0,0,0,0,0,0,0,0,0,0,0,0,0,0,1,0
01160326.png,0,0,0,0,0,0,0,0,0,0,0,0,0,0,0,0,0,0,0,1,0
01160474.png,0,1,0,0,0,0,1,0,0,0,0,0,0,0,0,0,0,0,1,0,1
01160617.png,5,1,0,0,0,0,0,0,0,0,0,0,0,0,0,0,0,0,0,0,0
01160634.png,2,0,0,0,0,0,0,0,0,0,0,0,0,0,0,0,0,0,0,1,0
01160782.png,2,1,0,1,0,0,1,0,0,0,0,1,0,0,0,0,0,0,0,0,1
01160784.png,2,1,0,0,0,0,0,0,0,0,0,0,0,0,0,0,0,0,0,0,0
01160948.png,20,1,0,0,0,0,0,0,0,0,0,0,0,0,0,0,0,0,0,0,0
01161026.png,20,0,0,0,0,0,0,0,0,0,0,0,0,0,0,0,0,0,0,1,0
01161254.png,5,0,0,1,0,0,1,0,0,0,0,1,0,0,0,0,0,0,0,0,1
01161513.png,10,0,0,1,0,0,1,0,0,0,0,0,0,0,0,0,0,0,0,0,1
01161662.png,5,0,0,1,0,0,1,0,0,0,0,0,0,0,0,0,0,0,0,0,1
01161939.png,10,1,0,1,0,0,1,0,1,0,0,0,0,0,0,0,0,0,0,0,1
01162381.png,5,1,0,0,0,1,0,0,0,0,0,0,0,0,0,0,0,0,0,0,1
01162482.png,5,1,0,0,0,0,0,0,0,0,0,0,0,0,0,0,0,0,0,0,0
01162759.png,10,1,0,1,0,0,1,0,0,0,0,0,0,0,1,0,0,0,0,0,1
01162777.png,20,1,0,1,0,0,1,0,0,0,0,0,0,0,0,0,0,0,0,0,1
01162782.png,5,0,0,1,1,0,1,0,0,0,0,0,0,0,1,0,0,0,1,0,1
01162823.png,0,0,0,1,0,0,1,0,0,0,0,0,0,1,0,0,0,0,0,0,1
01162876.png,0,1,0,0,0,0,0,0,0,0,0,0,0,0,0,0,0,0,0,0,0
01162905.png,5,0,0,1,0,0,1,0,1,0,0,0,0,0,0,0,0,0,0,0,1
01163408.png,0,1,0,0,0,0,0,0,0,0,0,0,0,0,0,0,0,0,0,0,0
01163675.png,10,0,0,0,0,0,0,0,0,0,0,0,0,0,0,0,0,0,0,1,0
01163796.png,10,0,0,0,0,0,0,0,0,0,0,0,0,0,0,0,0,0,0,1,0
01164004.png,10,0,0,0,0,1,0,0,0,0,0,0,0,0,0,0,0,0,0,0,1
01164144.png,0,0,0,0,0,0,0,0,0,0,0,0,0,0,0,0,0,0,0,1,0
01164158.png,0,0,0,0,0,0,0,0,0,0,0,0,0,0,0,0,0,0,0,1,0
01164347.png,10,0,0,0,0,0,0,0,0,0,0,0,0,0,0,0,0,0,0,1,0
01164396.png,10,0,0,0,0,0,0,0,0,0,0,0,0,0,0,0,0,0,0,1,0
01164402.png,10,0,0,0,0,0,0,0,0,0,0,0,0,0,0,0,0,0,0,1,0
01164414.png,10,0,0,0,0,0,0,0,0,0,0,0,0,0,0,0,0,0,0,1,0
01164619.png,20,1,0,0,0,0,0,0,0,0,0,0,0,0,0,0,0,0,0,0,0
01164679.png,30,1,0,0,0,0,0,0,0,0,0,0,0,0,0,0,0,0,0,0,0
01164692.png,20,0,0,0,0,0,0,0,0,0,0,0,0,0,0,0,0,0,0,1,0
01164718.png,10,0,0,0,0,0,0,0,0,0,0,0,0,0,0,0,0,0,0,1,0
01164756.png,0,0,0,0,0,0,0,0,0,0,0,0,0,0,0,0,0,0,0,1,0
01164758.png,0,0,0,0,0,0,0,0,0,0,0,0,0,0,0,0,0,0,0,1,0
01164807.png,10,1,0,0,0,0,1,0,0,0,0,0,0,1,0,0,0,0,0,0,1
01165120.png,10,1,0,1,0,0,1,0,0,0,0,0,0,0,0,0,0,0,0,0,1
01165289.png,0,0,0,0,0,0,0,0,0,0,0,0,0,0,0,0,0,0,0,1,0
01165445.png,0,0,0,0,0,0,0,0,0,0,0,0,0,0,0,0,0,0,0,1,0
01165786.png,10,1,0,0,0,0,0,0,0,0,0,0,0,0,0,0,0,0,0,0,0
01165809.png,0,1,0,0,0,0,0,0,0,0,1,0,0,0,0,0,0,0,0,0,1
01165934.png,10,0,0,0,0,0,0,0,0,0,0,0,0,0,0,0,0,0,0,1,0
01166049.png,0,1,0,0,0,0,0,0,0,0,0,0,0,0,0,0,0,0,0,0,0
01166207.png,0,0,1,1,0,0,1,0,0,0,0,0,0,0,0,0,0,0,0,0,1
01166272.png,0,1,0,0,0,0,0,0,0,0,0,0,0,0,0,0,0,0,0,0,0
01166281.png,0,0,0,0,0,0,1,0,0,0,0,1,0,0,0,0,0,0,0,0,1
01166373.png,10,1,0,0,0,0,0,0,0,0,0,1,0,0,0,0,0,0,0,0,1
01166411.png,0,0,0,0,0,0,0,0,0,0,0,0,0,0,0,0,0,0,0,1,0
01166440.png,0,0,0,0,0,0,0,0,0,0,0,0,0,0,0,0,0,0,0,1,0
01166449.png,0,0,0,0,0,0,0,0,0,0,0,0,0,0,0,0,0,0,0,1,0
01166605.png,0,1,0,0,0,0,0,0,0,0,1,0,0,0,0,0,0,0,0,0,1
01166641.png,20,0,0,0,0,0,0,0,0,0,0,0,0,0,0,0,0,0,0,1,0
01166770.png,20,0,0,0,0,0,1,0,0,0,0,0,0,0,0,0,0,0,0,0,1
01166798.png,30,1,0,0,0,0,1,0,0,0,0,0,0,0,0,0,0,0,0,0,1
01166827.png,10,1,0,0,0,0,0,0,0,0,0,1,0,0,0,0,0,0,0,0,1
01166927.png,10,0,0,0,0,0,0,0,0,0,0,0,0,0,0,0,0,0,0,1,0
01166964.png,10,0,0,0,0,0,0,0,0,0,0,0,0,0,0,0,0,0,0,1,0
01167011.png,10,0,0,0,0,0,0,0,0,0,0,0,0,0,0,0,0,0,0,1,0
01167134.png,10,0,0,0,0,0,0,0,0,0,0,0,0,0,0,0,0,0,0,1,0
01167156.png,10,0,0,0,0,0,0,0,0,0,0,0,0,0,0,0,0,0,0,1,0
01167158.png,10,0,0,0,0,0,0,0,0,0,0,0,0,0,0,0,0,0,0,1,0
01167385.png,20,0,0,0,0,0,0,0,0,0,0,0,0,0,0,0,0,0,0,1,0
01167393.png,20,0,0,0,0,0,0,0,0,0,0,0,0,0,0,0,0,0,0,1,0
01167592.png,20,0,0,0,0,0,0,0,0,0,0,0,0,0,0,0,0,0,0,1,0
01167688.png,10,0,0,0,0,0,0,0,0,0,0,0,0,0,0,0,0,0,0,1,0
01167710.png,20,0,0,0,0,0,0,0,0,0,0,0,0,0,0,0,0,0,0,1,0
01167726.png,0,0,0,0,0,1,1,0,0,0,0,0,0,0,0,0,0,0,0,0,1
01167836.png,10,0,0,1,0,0,1,0,0,0,0,0,0,0,0,0,0,0,0,0,1
01168321.png,10,0,0,0,0,0,0,0,0,0,0,0,0,0,0,0,0,0,0,1,0
01168335.png,10,0,0,0,0,0,0,0,0,0,0,0,0,0,0,0,0,0,0,1,0
01168345.png,10,0,0,0,0,0,0,0,0,0,0,0,0,0,0,0,0,0,0,1,0
01168474.png,0,0,0,0,0,0,0,0,0,0,0,0,0,0,0,0,0,0,0,1,0
01168545.png,0,0,0,0,0,1,1,0,0,0,0,0,0,0,0,0,0,0,0,0,1
01168603.png,0,0,0,0,0,0,0,0,0,0,0,0,0,0,0,0,0,0,0,1,0
01168620.png,0,0,0,0,0,0,0,0,0,0,0,0,0,0,0,0,0,0,0,1,0
01168642.png,0,0,0,0,0,0,0,0,0,0,0,0,0,0,0,0,0,0,0,1,0
01168676.png,0,0,0,0,0,0,0,0,0,0,0,0,0,0,0,0,0,0,0,1,0
01168820.png,10,1,0,0,0,0,0,0,0,0,0,0,0,0,0,0,0,0,0,0,0
01169114.png,10,1,0,0,0,1,0,0,0,0,1,0,0,1,0,0,0,0,0,0,1
01169158.png,0,0,0,0,0,0,0,0,0,0,0,0,0,0,0,0,0,0,0,1,0
01169186.png,10,0,0,0,0,0,0,0,0,0,0,0,0,0,0,0,0,0,0,1,0
01169386.png,10,0,0,0,0,0,0,0,0,0,1,0,0,1,0,0,0,0,0,0,1
01169423.png,30,1,0,0,0,0,0,0,0,0,0,0,0,1,0,0,0,0,1,0,1
01169592.png,0,0,0,0,0,0,0,0,0,0,0,0,0,0,0,0,0,0,0,1,0
01169611.png,10,0,0,0,0,0,0,0,0,0,0,0,0,0,0,0,0,0,0,1,0
01169834.png,0,0,0,0,0,0,0,0,0,0,0,0,0,0,0,0,0,0,0,1,0
01170491.png,0,0,0,0,0,0,0,0,0,0,0,0,0,0,0,0,0,0,0,1,0
01170494.png,0,0,0,0,0,0,0,0,0,0,0,0,0,0,0,0,0,0,0,1,0
01170643.png,30,0,0,0,0,0,0,0,0,0,0,0,0,0,0,0,0,0,0,1,0
01170648.png,20,0,0,0,0,0,0,0,0,0,0,0,0,0,0,0,0,0,0,1,0
01170802.png,20,0,0,0,0,0,0,0,0,0,1,0,0,1,0,0,0,0,0,0,1
01170889.png,20,0,0,0,0,0,0,0,0,0,0,0,0,0,0,0,0,0,0,1,0
01171145.png,0,0,0,0,0,0,0,0,0,0,0,0,0,0,0,0,0,0,0,1,0
01171604.png,10,0,0,0,0,0,0,0,0,0,0,0,0,0,0,0,0,0,0,1,0
01171613.png,0,1,0,0,0,0,0,0,0,0,0,0,0,0,0,0,0,0,0,0,0
01171700.png,0,0,0,0,0,0,0,0,0,0,0,0,0,0,0,0,0,0,0,1,0
01171961.png,0,1,0,0,0,0,0,0,0,0,0,0,0,0,0,0,0,0,0,0,0
01172042.png,10,1,0,0,0,0,0,0,0,0,0,0,0,0,0,0,0,0,0,0,0
01172095.png,10,1,0,0,0,0,0,0,0,0,0,0,0,0,0,0,0,0,0,0,0
01172281.png,10,1,0,0,0,1,1,0,0,0,1,0,0,1,0,0,0,0,0,0,1
01172376.png,10,1,0,0,0,0,0,0,0,0,1,0,0,0,0,0,0,0,0,0,1
01172380.png,20,1,0,0,0,0,0,0,0,0,1,0,0,0,0,0,0,0,0,0,1
01172401.png,5,0,0,1,0,0,1,0,0,0,0,0,0,0,0,0,0,0,0,0,1
01172447.png,50,1,0,1,0,0,1,0,0,0,0,0,0,1,0,0,0,0,0,0,1
01172543.png,5,0,0,0,0,0,0,0,0,0,0,0,0,0,0,0,0,0,0,1,0
01172656.png,10,1,0,0,0,0,0,0,0,0,0,0,0,0,0,0,0,0,0,0,0
01172669.png,5,1,0,0,0,0,0,0,0,0,0,0,0,0,0,0,0,0,0,0,0
01172756.png,30,1,0,1,0,0,1,0,0,0,0,0,0,0,0,0,0,0,0,0,1
01172806.png,5,0,0,1,0,0,1,0,0,0,0,0,0,0,0,0,0,0,0,0,1
01173060.png,5,0,0,0,0,0,0,0,0,0,0,0,0,0,0,0,0,0,0,1,0
01173066.png,5,0,0,0,0,0,1,0,0,0,0,1,0,0,0,0,0,0,0,0,1
01173146.png,5,0,0,1,0,0,0,0,0,0,0,0,0,1,0,0,0,0,0,0,1
01173333.png,0,0,0,0,0,0,0,0,0,0,0,0,0,0,0,0,0,0,0,1,0
01173342.png,0,0,0,0,0,0,0,0,0,0,0,0,0,0,0,0,0,0,0,1,0
01173479.png,5,1,0,1,0,0,1,0,0,0,0,0,0,0,0,0,0,0,0,0,1
01173509.png,2,0,0,1,0,0,1,0,0,0,0,0,0,0,0,0,0,0,1,0,1
01173570.png,5,0,0,1,0,0,1,0,0,0,0,0,0,0,0,0,0,0,0,0,1
01173597.png,5,1,0,0,0,0,0,0,0,0,0,0,0,0,0,0,0,0,0,0,0
01173637.png,5,0,0,1,0,0,1,0,0,0,0,0,0,0,1,0,0,0,0,0,1
01173714.png,10,0,0,0,0,0,0,0,0,0,0,0,0,0,0,0,0,0,0,1,0
01174203.png,0,0,0,0,0,0,0,0,0,0,0,0,0,0,0,0,0,0,0,1,0
01174308.png,0,0,0,0,0,0,0,0,0,0,0,0,0,0,0,0,0,0,0,1,0
01174339.png,0,0,0,0,0,0,0,0,0,0,0,0,0,0,0,1,0,0,0,0,1
01174700.png,0,1,0,0,0,0,0,0,0,0,0,0,0,0,0,0,0,0,0,0,0
01174765.png,0,1,0,0,0,0,0,0,0,0,0,0,0,0,0,0,0,0,0,0,0
01175129.png,0,0,0,0,0,0,0,0,0,0,0,0,0,0,0,0,0,0,0,1,0
01175151.png,0,1,0,0,0,0,1,0,0,0,1,0,0,0,0,0,0,0,1,0,1
01175226.png,0,0,0,0,0,0,0,0,0,0,0,0,0,0,0,0,0,0,0,1,0
01175266.png,0,0,0,0,0,0,0,0,0,0,0,0,0,0,0,0,0,0,0,1,0
01175313.png,10,1,0,0,0,0,0,0,0,0,0,0,0,0,0,0,0,0,1,0,1
01175561.png,2,0,0,0,0,0,0,0,0,0,0,0,0,0,0,0,0,0,0,1,0
01175752.png,0,0,0,0,0,0,0,0,0,0,0,0,0,0,0,0,0,0,0,1,0
01175978.png,0,0,0,0,0,0,0,0,0,0,0,0,0,0,0,0,0,0,0,1,0
01176037.png,0,0,0,0,0,0,0,0,0,0,0,0,0,1,0,0,0,0,1,0,1
01176064.png,0,1,0,0,0,0,0,0,0,0,0,0,0,0,0,0,0,0,0,0,0
01176079.png,0,1,0,0,0,0,0,0,0,0,0,0,0,0,0,0,0,0,0,0,0
01176133.png,0,0,0,0,0,0,0,0,0,0,0,0,0,0,0,0,0,0,0,1,0
01176147.png,0,0,0,0,0,0,0,0,0,0,0,0,0,0,0,0,0,0,0,1,0
01176250.png,0,1,0,0,0,0,0,0,0,0,0,0,0,0,0,0,0,0,0,0,0
01176264.png,0,0,0,0,0,0,0,0,0,0,0,0,0,0,0,0,0,0,0,1,0
01176273.png,0,0,0,0,0,0,0,0,0,0,0,0,0,0,0,0,0,0,0,1,0
01176420.png,0,1,0,0,0,0,0,0,0,0,0,0,0,0,0,0,0,0,1,0,1
01176576.png,0,0,0,0,0,0,0,0,0,0,0,0,0,0,0,0,0,0,0,1,0
01176686.png,0,0,0,0,0,0,0,0,0,0,0,0,0,0,0,0,0,0,0,1,0
01176730.png,0,0,0,0,0,0,0,0,0,0,0,0,0,0,0,0,0,0,0,1,0
01176744.png,0,0,0,0,0,0,0,0,0,0,0,0,0,0,0,0,0,0,0,1,0
01177148.png,5,0,0,1,0,0,1,0,0,1,0,0,0,0,0,0,0,0,0,0,1
01177278.png,20,1,0,0,0,0,0,0,0,0,0,0,0,0,0,0,0,0,0,0,0
01177342.png,2,0,0,1,0,0,0,0,0,0,0,1,0,0,0,0,0,0,0,0,1
01177382.png,5,0,0,0,0,0,1,0,0,0,0,0,0,0,0,0,0,0,0,0,1
01177442.png,5,0,1,1,0,0,1,0,0,0,0,0,0,0,1,0,0,0,0,0,1
01177615.png,5,0,0,1,0,0,1,0,0,0,0,0,0,0,0,0,1,0,1,0,1
01177783.png,5,0,0,0,0,0,0,0,0,0,0,0,0,0,0,0,0,0,0,1,0
01177974.png,5,0,1,0,0,0,1,0,0,0,0,0,0,0,0,0,0,0,0,0,1
01178071.png,5,0,0,0,0,0,1,0,0,0,0,1,0,0,0,0,0,0,0,0,1
01178445.png,0,0,0,0,0,0,0,0,0,0,0,0,0,0,0,0,0,0,0,1,0
01178562.png,10,0,0,1,0,0,1,0,0,1,0,1,0,1,0,0,0,0,0,0,1
01178638.png,10,1,0,0,0,0,0,0,0,0,0,0,0,0,0,0,0,0,0,0,0
01178981.png,0,0,1,1,0,0,0,0,0,0,0,0,0,0,0,0,0,0,0,0,1
01179041.png,0,1,0,1,0,0,1,0,0,0,0,0,0,0,0,0,0,0,0,0,1
01179430.png,40,0,1,1,0,0,1,0,0,0,0,0,0,0,1,0,0,0,0,0,1
01179434.png,40,0,1,1,0,0,0,0,0,0,0,0,0,0,0,0,0,0,0,0,1
01179746.png,10,0,0,0,0,0,1,0,0,0,0,0,0,0,1,0,0,0,0,0,1
01179824.png,20,1,0,0,0,0,0,0,0,0,0,0,0,0,0,0,0,0,0,0,0
01179862.png,10,0,0,0,0,0,0,0,0,0,0,0,0,0,0,0,0,0,0,1,0
01180083.png,10,0,0,1,0,0,1,0,0,0,0,0,0,0,1,0,0,0,0,0,1
01180189.png,10,1,0,0,0,0,0,0,0,0,0,0,0,0,0,0,0,0,0,0,0
01180210.png,0,1,0,0,0,0,0,0,0,0,0,0,0,0,0,0,0,0,0,0,0
01180586.png,0,0,0,0,0,0,0,0,0,0,0,0,0,0,0,1,0,0,0,0,1
01180593.png,0,0,0,0,0,0,0,0,0,0,0,0,0,0,0,0,0,0,0,1,0
01180932.png,10,0,1,1,0,0,0,0,0,0,1,1,0,0,1,0,0,0,0,0,1
01181373.png,0,0,0,1,0,0,0,0,0,0,1,0,0,0,1,0,0,0,0,0,1
01181600.png,30,1,0,1,0,0,0,0,0,0,0,0,0,0,0,0,0,0,0,0,1
01181942.png,0,0,0,1,0,0,1,0,1,0,0,0,0,0,0,0,0,0,0,0,1
01181959.png,0,0,0,1,0,0,1,0,1,0,0,0,0,0,1,0,0,0,0,0,1
01182047.png,0,0,0,1,0,0,0,0,0,0,1,1,0,1,0,0,0,0,0,0,1
01182172.png,10,1,0,1,0,0,1,0,0,0,0,0,0,0,0,0,0,0,0,0,1
01182256.png,10,0,0,0,0,0,0,0,0,0,0,0,0,0,0,0,0,0,0,1,0
01182263.png,30,0,0,0,0,0,0,0,0,0,0,0,0,0,0,0,0,0,0,1,0
01182270.png,0,1,0,0,0,0,0,0,0,0,1,0,0,0,0,0,0,0,0,0,1
01182350.png,10,1,0,1,0,0,0,0,0,0,0,0,0,0,0,0,0,0,0,0,1
01182366.png,0,1,0,1,0,0,0,0,0,0,0,0,0,0,0,0,0,0,0,0,1
01182383.png,0,0,0,1,0,0,0,0,1,0,0,0,0,0,0,0,0,0,0,0,1
01182632.png,0,1,0,1,0,0,0,0,0,0,0,0,0,0,0,0,0,0,0,0,1
01182663.png,0,0,0,1,0,0,1,0,0,0,1,0,0,0,1,0,0,0,0,0,1
01182688.png,0,1,0,0,0,0,0,0,0,0,1,0,0,1,1,0,0,0,0,0,1
01182741.png,10,0,0,1,0,0,0,0,0,0,0,0,1,0,0,0,0,0,0,0,1
01182815.png,0,1,0,1,0,0,0,0,0,0,0,0,0,0,0,0,0,0,0,0,1
01182908.png,10,1,0,1,0,0,0,0,0,0,0,0,0,0,0,0,0,0,0,0,1
01183094.png,0,1,0,0,0,0,0,0,0,0,0,0,0,0,0,0,0,0,0,0,0
01183215.png,0,1,0,1,0,0,0,0,0,0,0,0,0,0,0,0,0,0,0,0,1
01183352.png,10,1,0,0,0,0,0,0,0,0,0,0,0,0,0,0,0,0,0,0,0
01183436.png,0,0,0,1,0,0,1,0,0,0,1,0,0,1,0,0,0,0,0,0,1
01183477.png,10,1,0,1,0,0,1,0,0,0,0,0,0,0,1,0,0,0,0,0,1
01183487.png,0,1,1,0,0,0,1,0,0,0,1,0,0,0,0,0,0,0,0,0,1
01183713.png,0,0,0,0,0,0,0,0,0,0,0,0,0,0,0,0,0,0,0,1,0
01183963.png,10,0,0,0,0,0,0,0,0,0,0,0,0,0,0,0,0,0,0,1,0
01184036.png,0,0,0,1,0,0,1,0,0,0,0,0,0,0,0,0,0,0,0,0,1
01184068.png,10,0,0,0,0,0,0,0,0,0,0,0,0,0,0,0,0,0,0,1,0
01184303.png,0,1,0,1,0,0,0,0,0,0,0,0,0,0,0,0,0,0,0,0,1
01184328.png,10,0,1,1,0,0,0,0,0,0,0,0,0,0,0,0,0,0,0,0,1
01184370.png,0,0,0,1,0,0,0,0,0,0,1,0,0,1,0,0,0,0,0,0,1
01184437.png,10,1,0,1,0,0,0,0,0,0,0,0,0,0,0,0,0,0,0,0,1
01184486.png,0,0,0,1,0,0,1,0,0,0,0,0,0,1,0,0,0,0,0,0,1
01184541.png,10,1,0,0,0,1,0,0,0,0,0,0,0,0,0,0,0,0,0,0,1
01184803.png,0,0,0,1,0,0,0,0,0,0,0,1,0,0,0,0,0,0,0,0,1
01184934.png,0,0,0,0,0,0,0,0,0,0,0,0,0,0,0,0,0,0,0,1,0
01184938.png,0,0,0,0,0,0,0,0,0,0,0,0,0,0,0,0,0,0,0,1,0
01184969.png,0,0,0,0,0,0,0,0,0,0,0,0,0,0,0,1,0,0,0,0,1
01185432.png,0,0,0,0,0,0,0,0,0,0,0,0,0,0,0,0,0,0,0,1,0
01185624.png,0,0,0,0,0,1,0,0,0,0,0,0,0,0,0,1,0,0,0,0,1
01185668.png,0,0,0,0,0,0,0,0,0,0,0,0,0,0,0,0,0,0,0,1,0
01185864.png,0,1,0,0,0,1,0,0,0,0,0,0,0,0,0,0,0,0,0,0,1
01185889.png,10,0,0,0,0,0,0,0,0,0,0,0,0,0,0,0,0,0,0,1,0
01186134.png,10,0,0,0,0,0,0,0,0,0,0,0,0,0,0,0,0,0,0,1,0
01186163.png,10,0,0,0,0,0,0,0,0,0,1,1,0,0,0,0,0,0,0,0,1
01186172.png,10,1,0,0,0,0,1,0,0,0,0,1,0,0,0,0,0,0,0,0,1
01186194.png,10,1,0,0,0,1,0,0,0,0,1,0,0,0,0,0,0,0,0,0,1
01186261.png,0,0,0,0,0,0,0,0,0,0,0,0,0,0,0,0,0,0,0,1,0
01186395.png,20,0,0,0,0,0,0,0,0,0,0,0,0,0,0,0,0,0,0,1,0
01186414.png,20,1,0,0,0,0,0,0,0,0,0,0,0,0,0,0,0,0,0,0,0
01186546.png,0,0,0,0,0,0,0,0,0,0,0,0,0,0,0,0,0,0,0,1,0
01186848.png,0,0,0,0,0,0,0,0,0,0,0,0,0,0,0,0,0,0,0,1,0
01187362.png,0,0,0,0,0,0,0,0,0,0,1,0,0,1,0,0,0,0,0,0,1
01187652.png,0,0,0,0,0,0,0,0,0,0,0,0,0,0,0,0,0,0,0,1,0
01187978.png,10,0,0,0,0,0,0,0,0,0,0,0,0,0,0,0,0,0,0,1,0
01188082.png,50,0,0,0,0,0,0,0,0,0,0,0,0,0,0,0,0,0,0,1,0
01188117.png,10,0,0,0,0,0,0,0,0,0,0,0,0,0,0,0,0,0,0,1,0
01188216.png,10,0,0,0,0,0,0,0,0,0,0,0,0,0,0,0,0,0,0,1,0
01188265.png,10,0,0,0,0,0,0,0,0,0,0,0,0,0,0,0,0,0,0,1,0
01188449.png,20,1,0,0,0,0,0,0,0,0,0,0,0,0,0,0,0,0,0,0,0
01188641.png,0,0,0,0,0,0,0,0,0,0,0,0,0,0,0,0,0,0,0,1,0
01188642.png,0,0,0,0,0,0,1,0,0,0,1,0,0,0,0,0,0,0,0,0,1
01188857.png,10,1,0,0,0,0,0,0,0,0,1,0,0,0,0,0,0,0,0,0,1
01188910.png,10,1,0,0,0,0,0,0,0,0,0,1,0,0,0,0,0,0,0,0,1
01188914.png,10,1,0,0,0,0,0,0,0,0,0,1,0,0,0,0,0,0,0,0,1
01189093.png,10,0,1,0,0,1,0,0,0,1,0,0,0,1,0,0,0,0,0,0,1
01189107.png,0,0,0,0,0,0,0,0,0,0,0,0,0,0,0,0,0,0,0,1,0
01189231.png,10,0,0,0,0,0,0,0,0,0,0,0,0,0,0,0,0,0,0,1,0
01189486.png,0,1,0,0,0,0,0,0,0,0,0,1,0,0,0,0,0,0,0,0,1
01189605.png,0,1,0,1,0,0,1,0,0,0,0,0,0,0,0,0,0,0,0,0,1
01189743.png,5,0,0,0,0,0,1,0,0,0,1,0,0,0,0,0,0,0,0,0,1
01189775.png,0,0,0,0,0,0,1,0,0,0,1,0,0,0,0,0,0,0,0,0,1
01189794.png,10,0,0,0,0,0,0,0,0,0,0,0,0,0,0,0,0,0,0,1,0
01189842.png,20,0,0,0,0,0,0,0,0,0,0,0,0,0,0,0,0,0,0,1,0
01190038.png,0,1,0,1,0,0,1,0,0,0,0,1,0,0,0,0,0,0,0,0,1
01190139.png,10,0,0,0,0,0,0,0,0,0,1,0,0,0,0,0,0,0,0,0,1
01190505.png,10,0,0,0,0,0,0,0,0,0,0,0,0,0,0,0,0,0,0,1,0
01190699.png,20,1,0,0,0,0,0,0,0,0,0,0,0,0,0,0,0,0,0,0,0
01190715.png,10,0,0,0,0,0,0,0,0,0,1,0,0,0,0,0,0,0,0,0,1
01190734.png,10,0,0,0,0,1,0,0,0,0,0,0,0,0,0,0,0,0,0,0,1
01190814.png,10,0,0,0,0,1,0,0,0,0,0,0,0,1,0,0,0,0,0,0,1
01190826.png,0,0,0,0,0,0,0,0,0,0,0,0,0,0,0,0,0,0,0,1,0
01190941.png,20,0,0,0,0,0,0,0,0,0,0,0,0,0,0,0,0,0,0,1,0
01190991.png,10,0,0,0,0,0,0,0,0,0,0,0,0,0,0,0,0,0,0,1,0
01191010.png,20,0,0,0,0,0,0,0,0,0,0,0,0,0,0,0,0,0,0,1,0
01191094.png,10,1,0,0,0,0,0,0,0,0,1,0,0,0,0,0,0,0,0,0,1
01191107.png,10,1,0,0,0,0,1,0,0,0,1,0,0,0,0,0,0,0,0,0,1
01191406.png,10,0,0,0,0,0,0,0,0,0,0,0,0,0,0,0,0,0,0,1,0
01191408.png,10,0,0,0,0,0,0,0,0,0,0,0,0,0,0,0,0,0,0,1,0
01191507.png,50,0,0,0,0,0,0,0,0,0,0,0,0,0,0,0,0,0,0,1,0
01191569.png,20,1,0,0,0,0,0,0,0,0,0,0,0,0,0,0,0,0,0,0,0
01191786.png,10,0,0,0,0,0,0,0,0,0,0,0,0,1,0,0,0,0,0,0,1
01191852.png,20,0,0,0,0,0,0,0,0,0,0,0,0,0,0,0,0,0,0,1,0
01192010.png,0,1,1,1,0,0,0,0,0,0,0,0,0,0,0,0,0,0,0,0,1
01192016.png,0,0,1,1,0,0,1,0,1,0,0,0,0,0,0,0,0,0,0,0,1
01192138.png,10,1,0,0,0,0,0,0,0,0,0,0,0,0,0,0,0,0,0,0,0
01192191.png,0,0,0,0,0,0,0,0,0,0,0,0,0,0,0,0,0,0,0,1,0
01192231.png,0,0,0,0,0,0,0,0,0,0,0,0,0,0,0,0,0,0,0,1,0
01192360.png,0,1,0,0,0,0,0,0,0,0,1,0,0,0,0,0,0,0,0,0,1
01192675.png,10,0,0,0,0,0,0,0,0,0,0,0,0,0,0,0,0,0,0,1,0
01192714.png,10,0,0,0,0,0,0,0,0,0,0,0,0,0,0,0,0,0,0,1,0
01192933.png,0,0,0,0,0,0,0,0,0,0,0,0,0,0,0,0,0,0,0,1,0
01193101.png,10,1,0,0,0,0,0,0,0,0,1,0,0,0,0,0,0,0,0,0,1
01193191.png,30,0,0,0,0,0,0,0,0,0,0,0,0,0,0,0,0,0,0,1,0
01193214.png,0,1,0,0,0,0,0,0,0,0,0,0,0,0,0,0,0,0,0,0,0
01193294.png,0,0,0,0,0,0,0,0,0,0,0,0,0,0,0,0,0,0,0,1,0
01193317.png,0,0,0,0,0,0,0,0,0,0,0,0,0,0,0,0,0,0,0,1,0
01193341.png,20,1,0,0,0,0,0,0,0,0,0,0,0,0,0,0,0,0,0,0,0
01193369.png,2,0,0,0,0,0,0,0,0,0,0,0,0,0,0,0,0,0,0,1,0
01193421.png,2,0,0,0,0,0,0,0,0,0,0,0,0,0,0,0,0,0,0,1,0
01193466.png,2,0,0,0,0,0,0,0,0,0,0,0,0,0,0,0,0,0,0,1,0
01193593.png,10,1,0,0,0,0,1,0,0,0,0,0,0,0,0,0,0,0,0,0,1
01193679.png,10,0,0,0,0,0,0,0,1,0,0,0,0,0,0,0,0,0,0,0,1
01193794.png,10,0,0,0,0,0,0,0,0,0,0,0,0,0,0,0,0,0,0,1,0
01193889.png,2,0,0,0,0,0,0,0,0,0,0,0,0,0,0,0,0,0,0,1,0
01194057.png,2,0,0,0,0,0,0,0,0,0,0,0,0,0,0,0,0,0,0,1,0
01194084.png,2,0,0,0,0,0,0,0,0,0,0,0,0,0,0,0,0,0,0,1,0
01194085.png,2,0,0,0,0,0,0,0,0,0,0,0,0,0,0,0,0,0,0,1,0
01194102.png,2,0,0,0,0,0,0,0,0,0,0,0,0,0,0,0,0,0,0,1,0
01194125.png,2,0,0,0,0,0,0,0,0,0,0,0,0,0,0,0,0,0,0,1,0
01194215.png,2,1,1,1,0,0,0,0,0,0,1,0,0,0,1,0,0,0,0,0,1
01194343.png,20,0,1,1,0,0,0,0,1,0,0,0,0,0,0,0,0,0,0,0,1
01194643.png,10,1,1,1,0,0,0,0,0,0,0,0,0,0,0,0,0,0,0,0,1
01194715.png,10,0,1,0,0,0,0,0,0,0,0,0,0,0,1,0,0,0,0,0,1
01194886.png,5,0,0,0,0,0,1,0,0,0,0,0,0,1,0,0,0,0,0,0,1
01194978.png,5,1,1,0,0,0,1,0,0,0,0,0,0,0,0,0,0,0,0,0,1
01195009.png,5,0,0,0,0,0,1,0,0,0,1,0,0,0,1,0,0,0,0,0,1
01195116.png,5,0,0,1,0,0,0,0,0,0,0,0,0,0,0,0,0,0,0,0,1
01195122.png,5,0,1,1,0,0,1,0,0,0,0,0,0,0,1,0,0,0,0,0,1
01195134.png,5,0,0,1,0,0,1,0,0,0,0,0,0,1,0,0,0,0,0,0,1
01195140.png,5,0,0,1,0,0,1,0,0,0,0,1,0,0,0,0,0,0,0,0,1
01195358.png,5,0,0,0,0,0,0,0,0,0,0,0,0,0,0,0,0,0,0,1,0
01195611.png,5,0,0,0,0,0,0,0,0,0,0,0,0,0,0,0,0,0,0,1,0
01195917.png,10,0,1,1,0,0,1,0,0,0,0,0,0,0,0,0,0,0,0,0,1
01195971.png,0,0,1,1,0,0,1,0,0,0,0,0,0,0,0,0,0,0,0,0,1
01196036.png,10,0,0,0,0,0,0,0,0,0,0,0,0,0,0,0,0,0,0,1,0
01196181.png,20,1,0,0,0,0,1,0,0,0,0,0,0,1,0,0,0,0,0,0,1
01196220.png,5,1,1,0,0,0,1,0,0,0,1,0,0,0,0,0,0,0,0,0,1
01196794.png,0,0,0,0,0,0,0,0,0,0,0,0,0,0,0,0,0,0,0,1,0
01196930.png,0,0,0,1,0,0,1,0,0,0,0,1,0,0,0,0,0,0,0,0,1
01196982.png,0,0,0,0,0,0,0,0,0,0,0,0,0,0,0,0,0,0,0,1,0
01197063.png,0,0,0,0,0,0,0,0,0,0,0,0,0,0,0,0,0,0,0,1,0
01197094.png,0,0,0,1,0,0,0,0,0,0,0,1,0,0,0,0,0,0,0,0,1
01197131.png,0,0,0,0,0,0,0,0,0,0,0,0,0,0,0,0,0,0,0,1,0
01197187.png,0,0,0,0,0,0,0,0,0,0,0,0,0,0,0,0,0,0,0,1,0
01197420.png,0,0,0,1,0,0,0,0,0,0,1,0,0,0,1,0,0,0,0,0,1
01197683.png,10,0,0,0,0,0,0,0,1,0,0,0,0,0,0,1,0,0,0,0,1
01197730.png,10,0,0,0,0,0,0,0,0,0,0,0,0,0,0,0,0,0,0,1,0
01197973.png,0,0,0,1,0,0,1,1,0,0,0,0,0,1,0,0,0,0,0,0,1
01198028.png,10,1,0,0,0,0,1,0,0,0,0,0,0,0,0,0,0,0,0,0,1
01198033.png,0,1,0,0,0,0,0,0,0,0,0,0,0,0,0,0,0,0,0,0,0
01198040.png,0,0,1,1,0,0,0,0,0,0,0,0,0,0,0,0,0,0,0,0,1
01198196.png,0,0,0,1,0,0,1,1,0,0,1,0,0,1,0,0,0,0,0,0,1
01198450.png,0,0,0,1,0,0,0,1,0,0,0,0,0,0,0,0,0,0,0,0,1
01198467.png,0,0,0,1,0,0,0,0,0,0,0,0,0,1,0,0,0,0,0,0,1
01198504.png,10,1,0,0,0,0,0,0,0,0,0,0,0,0,0,0,0,0,0,0,0
01198557.png,0,0,0,0,0,0,0,0,0,0,0,0,0,0,0,0,0,0,0,1,0
01199043.png,10,0,0,0,0,0,0,0,0,0,0,0,0,0,0,0,0,0,0,1,0
01199140.png,10,0,0,0,0,0,1,0,0,0,0,0,0,0,0,0,0,0,0,0,1
01199488.png,0,0,0,0,0,0,0,0,0,0,0,0,0,0,0,0,0,0,0,1,0
01199491.png,10,1,0,0,0,0,0,0,0,0,0,0,0,0,0,0,0,0,0,0,0
01199657.png,10,0,0,0,0,0,0,0,0,0,0,0,0,0,0,0,0,0,0,1,0
01200032.png,20,1,0,0,0,0,0,0,0,0,0,0,0,0,0,0,0,0,0,0,0
01200047.png,10,0,0,0,0,0,0,0,0,0,1,0,0,1,0,0,0,0,0,0,1
01200192.png,10,0,0,0,0,0,0,0,0,0,0,0,0,0,0,0,0,0,0,1,0
01200260.png,10,0,0,0,0,0,0,0,0,0,0,0,0,0,0,0,0,0,0,1,0
01200361.png,0,0,0,0,0,0,0,0,0,0,0,0,0,0,0,0,0,0,1,0,1
01200423.png,10,0,0,0,0,0,0,0,0,0,0,0,0,0,0,0,0,0,0,1,0
01200680.png,0,0,0,0,0,0,0,0,0,0,0,0,0,0,0,0,0,0,0,1,0
01200812.png,10,0,0,1,0,0,1,0,0,0,0,0,0,1,0,0,0,0,0,0,1
01200941.png,10,0,0,1,0,0,1,0,0,0,1,0,0,1,0,0,0,0,0,0,1
01201113.png,10,0,0,0,0,0,0,0,0,0,0,0,0,0,0,0,0,0,0,1,0
01201127.png,10,1,1,0,0,0,0,0,0,0,0,0,0,0,1,0,0,0,0,0,1
01201175.png,10,0,1,1,0,0,1,0,0,0,1,0,0,0,0,0,0,0,0,0,1
01201312.png,10,0,1,1,0,0,0,0,0,0,0,1,0,1,0,0,0,0,0,0,1
01201399.png,10,0,0,0,0,0,0,0,0,0,0,0,0,0,0,0,0,0,0,1,0
01201423.png,10,1,1,1,0,0,0,0,0,0,1,0,0,0,0,0,0,0,0,0,1
01201577.png,10,0,0,1,0,0,1,0,0,0,0,0,0,0,0,0,0,0,0,0,1
01201595.png,0,0,0,1,0,0,0,0,0,0,0,0,0,1,0,0,0,0,0,0,1
01201691.png,10,0,0,0,0,0,0,0,0,0,0,0,0,0,0,0,0,0,0,1,0
01201725.png,0,0,0,1,0,0,0,0,0,0,0,1,0,0,0,0,0,0,0,0,1
01201839.png,0,0,0,0,0,0,0,0,0,0,0,0,0,0,0,0,0,0,0,1,0
01201987.png,10,0,0,0,0,0,0,0,0,0,0,0,0,0,0,0,0,0,0,1,0
01202122.png,10,0,0,0,0,0,0,0,0,0,0,0,0,0,0,0,0,0,0,1,0
01202199.png,10,0,0,0,0,0,0,0,0,0,0,0,0,0,0,0,0,0,0,1,0
01202224.png,10,0,0,0,0,0,0,0,0,0,0,0,0,0,0,0,0,0,0,1,0
01202395.png,10,1,0,0,0,0,0,0,0,0,0,0,0,0,0,0,0,0,0,0,0
01202755.png,0,0,0,0,0,0,0,0,0,0,0,0,0,0,0,0,0,0,0,1,0
01202782.png,0,0,0,0,0,0,0,0,0,0,0,0,0,0,0,0,0,0,0,1,0
01202818.png,10,0,0,0,0,0,0,0,0,0,0,0,0,0,0,0,0,0,0,1,0
01203125.png,0,0,0,0,0,0,0,0,0,0,0,0,0,0,0,0,0,0,0,1,0
01203181.png,10,0,0,0,0,0,0,0,0,0,0,0,0,0,0,0,0,0,0,1,0
01203281.png,0,1,0,0,0,0,0,0,0,0,0,0,0,0,0,0,0,0,0,0,0
01203417.png,10,0,0,0,0,0,0,0,0,0,0,0,0,0,0,0,0,0,0,1,0
01203580.png,0,0,0,0,0,0,0,0,0,0,0,0,0,0,0,0,0,0,0,1,0
01203870.png,0,0,0,0,0,1,0,0,0,0,0,0,0,0,0,0,0,0,0,0,1
01203988.png,0,0,0,0,0,0,0,0,0,0,0,0,0,0,0,0,0,0,0,1,0
01204083.png,0,0,0,0,0,0,0,0,0,0,0,0,0,0,0,0,0,0,0,1,0
01204123.png,0,0,0,0,0,0,0,0,0,0,0,0,0,0,0,0,0,0,0,1,0
01204415.png,10,0,0,0,0,0,0,0,0,0,0,0,0,0,0,0,0,0,0,1,0
01204549.png,0,1,0,0,0,0,0,0,0,0,0,0,0,0,0,0,0,0,1,0,1
01204737.png,0,0,0,0,0,0,0,0,0,0,0,0,0,0,0,0,0,0,0,1,0
01204863.png,0,0,0,0,0,0,0,0,0,0,0,0,0,0,0,0,0,0,0,1,0
01205269.png,5,1,0,0,0,0,0,0,0,0,0,0,0,0,0,0,0,0,0,0,0
01205478.png,2,1,0,0,0,0,0,0,0,0,0,0,0,0,0,0,0,0,0,0,0
01205736.png,20,0,0,0,0,0,0,0,0,0,0,0,0,0,0,0,0,0,0,1,0
01205898.png,0,0,0,0,0,0,0,0,0,0,0,0,0,0,0,0,0,0,0,1,0
01206183.png,5,0,0,0,0,0,0,0,0,0,0,0,0,0,0,0,0,0,0,1,0
01206240.png,2,0,0,0,0,0,0,0,0,0,0,0,0,0,0,0,0,0,0,1,0
01206450.png,5,0,0,0,0,0,1,0,0,0,0,1,0,0,0,0,0,0,0,0,1
01206453.png,5,0,0,0,0,0,1,0,0,0,0,0,0,0,1,0,0,0,0,0,1
01206561.png,5,1,0,0,0,0,1,0,0,0,0,0,0,0,0,0,0,0,0,0,1
01206599.png,5,0,0,1,0,0,0,0,0,0,0,0,0,1,0,0,0,0,1,0,1
01206702.png,10,0,0,1,0,0,1,0,0,0,0,0,0,1,1,0,0,0,0,0,1
01206873.png,5,0,0,1,0,0,1,0,0,0,0,0,0,0,0,0,0,0,0,0,1
01206979.png,10,1,0,0,0,0,1,0,0,0,0,0,0,0,0,0,0,0,1,0,1
01207119.png,2,1,0,0,0,0,0,0,0,0,0,0,0,0,0,0,0,0,0,0,0
01207484.png,10,0,0,0,0,0,1,0,0,0,0,0,0,0,0,0,0,0,0,0,1
01207631.png,10,0,0,0,0,0,0,0,0,0,0,0,0,0,0,0,0,0,0,1,0
01207704.png,10,0,0,1,0,0,0,0,0,0,0,0,0,0,0,0,0,0,0,0,1
01208096.png,5,0,0,0,0,0,1,0,1,0,0,0,0,0,0,0,0,0,0,0,1
01208267.png,5,0,0,0,0,0,0,0,0,0,0,0,0,0,0,0,0,0,0,1,0
01208334.png,5,0,0,0,0,0,0,0,0,0,0,0,0,0,0,0,0,0,0,1,0
01208472.png,10,0,0,1,0,0,1,0,0,0,0,0,0,0,0,0,0,0,0,0,1
01208584.png,5,1,0,0,0,0,0,0,0,0,0,0,0,0,0,0,0,0,0,0,0
01208592.png,5,0,0,0,0,0,0,0,0,0,0,0,0,0,0,0,0,0,0,1,0
01208695.png,10,0,0,1,0,0,0,0,1,0,1,0,0,0,0,0,0,0,0,0,1
01209007.png,20,0,0,0,0,0,0,0,0,0,0,0,0,0,0,0,0,0,0,1,0
01209037.png,0,0,0,0,0,0,0,0,0,0,0,0,0,0,0,0,0,0,0,1,0
01209161.png,10,0,0,0,0,0,0,0,0,0,0,0,0,0,0,0,0,0,0,1,0
01209208.png,10,1,0,0,0,0,0,0,0,0,0,0,0,0,0,0,0,0,0,0,0
01209333.png,0,0,0,0,0,0,0,0,0,0,0,0,0,1,0,0,0,0,0,0,1
01209342.png,0,0,0,0,0,0,0,0,0,0,0,0,0,0,0,0,0,0,0,1,0
01209447.png,0,0,0,0,0,0,0,0,0,0,0,0,0,0,0,0,0,0,0,1,0
01209452.png,0,0,0,0,0,0,0,0,0,0,0,0,0,0,0,0,0,0,0,1,0
01209464.png,0,0,0,0,0,0,0,0,0,0,0,0,0,1,0,0,0,0,0,0,1
01209540.png,0,0,0,0,0,0,0,0,0,0,0,0,0,0,0,0,0,0,0,1,0
01209546.png,0,0,0,0,0,0,0,0,0,0,0,0,0,0,0,0,0,0,0,1,0
01209742.png,10,0,0,0,0,0,0,0,0,0,0,0,0,0,0,0,0,0,0,1,0
01209836.png,10,0,0,0,0,0,0,0,0,0,0,0,0,0,0,0,0,0,0,1,0
01210133.png,10,0,0,1,0,0,1,0,0,0,0,1,0,0,0,0,0,0,0,0,1
01210234.png,80,0,0,0,0,0,0,0,0,0,0,0,0,0,0,0,0,0,0,1,0
01210362.png,0,0,1,1,0,0,1,0,0,0,1,0,0,0,1,0,0,0,0,0,1
01210371.png,0,0,0,1,0,0,1,0,0,0,0,0,0,1,0,0,0,0,0,0,1
01210643.png,0,0,0,1,0,0,1,0,0,0,0,0,0,1,0,0,0,0,0,0,1
01210747.png,0,0,0,1,0,0,0,0,0,0,0,0,0,0,1,0,0,0,0,0,1
01210970.png,20,1,0,1,0,0,0,0,0,0,0,0,0,0,0,0,0,0,0,0,1
01211026.png,5,0,0,0,0,0,0,0,0,0,0,0,0,0,0,0,0,0,0,1,0
01211098.png,0,0,0,0,0,0,0,0,0,0,0,0,0,0,0,0,0,0,0,1,0
01211389.png,5,0,0,0,0,0,0,0,0,0,0,0,0,0,0,0,0,0,0,1,0
01211407.png,10,0,0,0,0,0,0,0,0,0,0,0,0,0,0,0,0,0,0,1,0
01211412.png,10,0,0,0,0,0,0,0,0,0,0,0,0,0,0,0,0,0,0,1,0
01211469.png,30,0,0,0,0,0,0,0,0,0,0,0,0,0,0,0,0,0,0,1,0
01211479.png,30,0,0,0,0,0,0,0,0,0,0,0,0,0,0,0,0,0,0,1,0
01211581.png,30,0,0,0,0,0,0,0,0,0,0,0,0,0,0,0,0,0,0,1,0
01211857.png,0,0,0,0,0,0,1,0,0,0,0,0,0,0,0,0,0,0,0,0,1
01211973.png,0,0,0,0,0,0,0,0,0,0,0,0,0,0,0,0,0,0,0,1,0
01211976.png,0,0,0,0,0,0,0,0,0,0,0,0,0,0,0,0,0,0,0,1,0
01212142.png,0,0,0,0,0,0,0,0,0,0,0,0,0,0,0,0,0,0,0,1,0
01212205.png,10,0,0,0,0,0,0,0,0,0,0,0,0,0,0,0,0,0,0,1,0
01212610.png,0,1,0,0,0,0,1,0,0,0,0,0,0,0,0,0,0,0,0,0,1
01212807.png,0,0,0,0,0,0,0,0,0,0,0,0,0,0,0,0,0,0,0,1,0
01212888.png,0,0,0,0,0,0,0,0,0,0,0,0,0,0,0,0,0,0,0,1,0
01212976.png,0,0,0,0,0,0,0,0,0,0,0,0,0,0,0,0,0,0,0,1,0
01213114.png,0,0,0,0,0,0,0,0,0,0,0,0,0,0,0,0,0,0,0,1,0
01213202.png,0,0,0,0,0,0,0,0,0,0,0,0,0,0,0,0,0,0,0,1,0
01213261.png,0,0,0,0,0,0,0,0,0,0,0,0,0,0,0,1,0,0,0,0,1
01213389.png,0,0,0,0,0,0,0,0,0,0,0,0,0,0,0,0,0,0,0,1,0
01213400.png,0,0,0,0,0,0,0,0,0,0,0,0,0,0,0,0,0,0,0,1,0
01213571.png,0,0,0,0,0,0,0,0,0,0,0,0,0,0,0,0,0,0,0,1,0
01213704.png,10,0,0,0,0,0,0,0,0,0,0,0,0,0,0,0,0,0,0,1,0
01213788.png,10,0,1,0,0,0,1,0,1,0,0,0,0,0,0,0,0,0,0,0,1
01213851.png,10,0,0,0,0,0,0,0,0,0,0,0,0,0,0,0,0,0,0,1,0
01213975.png,10,0,0,0,0,0,0,0,0,0,0,0,0,0,0,0,0,0,0,1,0
01214076.png,0,1,0,0,0,0,1,0,0,0,1,0,0,0,0,0,0,0,1,0,1
01214310.png,0,0,0,0,0,0,0,0,0,0,0,0,0,0,0,0,0,0,0,1,0
01214380.png,0,1,0,0,0,0,0,0,0,0,0,0,0,0,0,0,0,0,0,0,0
01214388.png,0,0,0,0,0,0,0,0,0,0,1,0,0,0,0,0,0,0,0,0,1
01215062.png,0,1,0,0,0,0,0,0,0,0,0,0,0,0,0,0,0,0,0,0,0
01215118.png,0,0,0,0,0,0,0,0,0,0,1,0,0,0,0,0,0,0,0,0,1
01215126.png,0,0,0,0,0,0,0,0,0,0,1,0,0,0,0,0,0,0,0,0,1
01215132.png,0,1,0,0,0,0,0,0,0,0,1,0,0,0,0,0,0,0,0,0,1
01215178.png,0,1,0,0,0,0,0,0,0,0,1,0,0,1,0,0,0,0,0,0,1
01215226.png,0,1,0,0,0,1,0,0,0,0,0,0,0,0,0,0,0,0,0,0,1
01215292.png,0,0,0,0,0,0,0,0,0,0,0,0,0,0,0,0,0,0,0,1,0
01215528.png,10,0,0,0,0,0,0,0,0,0,0,0,0,0,0,0,0,0,0,1,0
01215557.png,0,0,0,0,0,0,0,0,0,0,0,0,0,0,0,0,0,0,0,1,0
01215636.png,10,1,0,0,0,0,0,0,0,0,0,0,0,0,0,0,0,0,0,0,0
01215755.png,10,0,1,1,0,0,0,0,0,0,1,0,0,0,0,0,0,0,0,0,1
01215856.png,0,0,0,0,0,0,0,0,0,0,0,0,0,0,0,0,0,0,0,1,0
01216053.png,10,0,0,1,0,0,1,0,0,0,0,0,0,0,0,0,0,0,0,0,1
01216244.png,0,1,0,0,0,0,0,0,0,0,0,0,0,0,0,0,0,0,0,0,0
01216356.png,0,0,0,0,0,0,0,0,0,0,0,0,0,0,0,0,0,0,0,1,0
01216699.png,0,0,0,0,0,0,0,0,0,0,0,0,0,0,0,0,0,0,0,1,0
01216738.png,0,0,0,0,0,0,0,0,0,0,0,0,0,0,0,0,0,0,0,1,0
01216949.png,0,0,0,0,0,0,0,0,0,0,0,0,0,0,0,0,0,0,0,1,0
01216977.png,0,0,0,0,0,0,0,0,0,0,0,0,0,0,0,0,0,0,0,1,0
01217438.png,2,0,0,0,0,0,0,0,0,0,0,0,0,0,0,0,0,0,0,1,0
01217487.png,0,0,0,0,0,0,0,0,0,0,0,0,0,0,0,0,0,0,0,1,0
01217623.png,10,1,0,1,0,0,0,0,0,0,0,1,0,0,0,0,0,0,0,0,1
01217632.png,0,0,0,1,0,0,1,0,0,0,0,0,0,0,0,0,0,0,0,0,1
01217650.png,0,0,0,0,0,0,0,0,0,0,0,0,0,0,0,0,0,0,0,1,0
01217691.png,0,1,0,0,0,0,0,0,0,0,0,0,0,0,0,0,0,0,0,0,0
01217797.png,0,0,0,0,0,0,0,0,0,0,0,0,0,0,0,0,0,0,1,0,1
01217800.png,0,0,0,0,0,0,0,0,0,0,0,0,0,0,0,0,0,0,0,1,0
01217934.png,0,0,0,0,0,0,0,0,0,0,0,0,0,0,0,0,0,0,0,1,0
01218083.png,0,0,0,0,0,0,0,0,0,0,0,0,0,0,0,0,0,0,0,1,0
01218294.png,0,0,0,1,0,0,1,0,0,0,0,0,0,0,0,0,0,0,0,0,1
01218297.png,0,1,0,1,0,0,0,0,0,0,0,1,0,0,0,0,0,0,0,0,1
01218479.png,30,0,1,0,0,0,1,0,0,0,0,0,0,0,1,0,0,0,0,0,1
01218584.png,5,0,0,0,0,0,1,0,0,0,0,0,0,1,0,0,0,0,0,0,1
01218845.png,10,1,0,0,0,0,0,0,0,0,0,0,0,0,0,0,0,0,0,0,0
01218849.png,10,0,0,0,0,0,0,0,0,0,0,1,0,0,0,0,0,0,0,0,1
01219056.png,20,0,0,0,0,0,0,0,0,0,0,0,0,0,1,0,0,0,0,0,1
01219084.png,5,1,0,1,0,0,1,0,0,0,0,0,0,1,0,0,0,0,0,0,1
01219159.png,20,1,0,1,0,0,1,0,1,0,0,0,0,0,0,0,0,0,0,0,1
01219165.png,5,0,1,1,0,0,1,0,1,0,0,0,0,0,0,0,0,0,0,0,1
01219216.png,5,0,0,0,0,0,0,0,0,0,0,0,0,0,0,0,0,0,0,1,0
01219300.png,0,0,1,1,0,0,0,0,0,0,0,0,0,0,0,0,0,0,0,0,1
01219696.png,10,1,0,0,0,0,0,0,0,0,0,0,0,0,0,0,0,0,0,0,0
01219698.png,20,1,0,0,0,0,0,0,0,0,0,0,0,0,0,0,0,0,0,0,0
01219953.png,10,0,0,0,0,0,0,0,0,0,0,0,0,0,0,0,0,0,0,1,0
01219987.png,10,0,0,0,0,0,0,0,0,0,0,0,0,0,0,0,0,0,0,1,0
01220020.png,10,0,0,1,0,0,1,0,0,0,0,0,0,0,0,0,0,0,0,0,1
01220050.png,10,0,0,0,0,0,0,0,0,0,0,0,0,0,0,0,0,0,0,1,0
01220067.png,10,0,0,0,0,0,0,0,0,0,0,0,0,0,0,0,0,0,0,1,0
01220071.png,10,0,0,0,0,0,0,0,0,0,0,0,0,0,0,0,0,0,0,1,0
01220106.png,0,0,0,0,0,0,0,0,0,0,0,0,0,0,0,0,0,0,0,1,0
01220194.png,0,0,0,0,0,0,0,0,0,0,0,0,0,0,0,0,0,0,0,1,0
01220263.png,10,0,0,0,0,0,0,0,0,0,0,0,0,0,0,0,0,0,0,1,0
01220459.png,10,1,0,1,0,0,0,0,0,0,0,0,0,0,0,0,0,0,0,0,1
01220476.png,0,0,0,0,0,0,0,0,0,0,0,0,0,0,0,0,0,0,0,1,0
01220567.png,0,0,0,0,0,0,0,0,0,0,0,0,0,0,0,0,0,0,0,1,0
01220569.png,0,0,0,0,0,0,0,0,0,0,0,0,0,0,0,0,0,0,0,1,0
01220790.png,10,0,0,0,0,0,0,0,0,0,0,0,0,0,0,0,0,0,0,1,0
01220803.png,0,0,0,0,0,0,0,0,0,0,0,0,0,0,0,0,0,0,0,1,0
01220828.png,10,1,0,0,0,0,0,0,0,0,0,0,0,0,0,1,0,0,0,0,1
01220838.png,10,0,0,0,0,0,0,0,0,0,0,0,0,0,0,0,0,0,0,1,0
01221253.png,40,1,0,0,0,0,0,0,0,0,0,0,0,0,0,0,0,0,0,0,0
01221421.png,10,0,0,0,0,0,0,0,0,0,0,0,0,0,0,0,0,0,0,1,0
01221654.png,10,0,0,0,0,0,0,0,0,0,0,0,0,0,0,0,0,0,0,1,0
01221724.png,10,0,0,0,0,0,0,0,0,0,0,0,0,0,0,0,0,0,0,1,0
01221778.png,0,0,0,0,0,0,0,0,0,0,0,0,0,0,0,0,0,0,0,1,0
01222069.png,10,1,1,0,0,0,0,0,0,0,0,0,0,1,0,1,0,0,0,0,1
01222349.png,0,0,0,0,0,0,0,0,0,0,0,0,0,0,0,0,0,0,0,1,0
01222474.png,0,0,0,0,0,0,0,0,0,0,0,0,0,0,0,0,0,0,0,1,0
01222982.png,0,0,0,0,0,0,0,0,0,0,0,0,0,0,0,0,0,0,0,1,0
01223040.png,0,0,0,0,0,0,0,0,0,0,0,0,0,0,0,0,0,0,0,1,0
01223072.png,0,0,0,0,0,0,0,0,0,0,0,0,0,0,0,0,0,0,0,1,0
01223282.png,0,0,0,0,0,0,0,0,0,0,0,0,0,0,0,0,0,0,0,1,0
01223559.png,0,0,0,0,0,0,0,0,0,0,0,0,0,0,0,0,0,0,0,1,0
01223768.png,0,1,0,0,0,0,0,0,0,0,0,0,0,0,0,0,0,0,0,0,0
01223825.png,10,0,0,0,0,0,0,0,0,0,1,0,0,0,0,0,0,0,0,0,1
01223904.png,10,0,0,0,0,0,0,0,0,0,0,0,0,0,0,0,0,0,0,1,0
01223927.png,0,0,0,0,0,0,0,0,0,0,0,0,0,0,0,0,0,0,0,1,0
01223962.png,0,0,0,0,0,0,0,0,0,0,0,0,0,0,0,0,0,0,0,1,0
01224018.png,10,0,0,0,0,0,0,0,0,0,0,0,0,0,0,0,0,0,0,1,0
01224462.png,10,0,0,0,0,0,0,0,0,0,0,0,0,0,0,0,0,0,0,1,0
01224685.png,20,0,0,0,0,0,0,0,0,0,0,0,0,0,0,0,0,0,0,1,0
01225129.png,0,0,0,0,0,0,0,0,0,0,0,0,0,0,0,0,0,0,0,1,0
01225170.png,0,0,0,0,0,0,0,0,0,0,0,0,0,0,0,0,0,0,0,1,0
01225238.png,90,0,0,0,0,0,0,0,0,0,0,0,0,0,0,0,0,0,0,1,0
01225391.png,0,1,0,0,0,0,0,0,0,0,0,0,0,0,0,0,0,0,0,0,0
01225645.png,0,0,0,0,0,0,0,0,0,0,0,0,0,0,0,0,0,0,0,1,0
01225693.png,0,0,0,0,0,0,0,0,0,0,0,0,0,0,0,0,0,1,0,0,1
01225795.png,0,0,0,0,0,0,0,0,0,0,0,0,0,0,0,0,0,0,0,1,0
01225939.png,10,1,0,0,0,0,0,0,0,0,0,0,0,0,0,0,0,1,0,0,1
01226099.png,0,0,0,0,0,0,0,0,0,0,0,0,0,0,0,0,0,0,0,1,0
01226383.png,0,0,0,0,0,0,0,0,0,0,0,0,0,0,0,0,0,0,0,1,0
01226448.png,10,0,0,0,0,0,0,0,0,0,0,0,0,0,0,0,0,0,0,1,0
01226623.png,0,1,0,0,1,0,0,0,0,0,0,0,0,0,0,0,0,0,0,0,1
01226726.png,10,1,0,0,0,0,0,0,0,0,0,0,0,0,0,0,0,0,0,0,0
01227122.png,0,0,0,0,0,0,0,0,0,0,0,0,0,0,0,0,0,0,0,1,0
01227253.png,0,0,0,0,0,0,0,0,0,0,1,0,0,0,0,0,0,0,0,0,1
01227319.png,0,0,1,1,0,0,0,0,0,0,0,0,0,0,0,0,0,0,0,0,1
01227605.png,5,0,0,0,0,0,0,0,0,0,0,0,0,0,0,0,0,0,0,1,0
01227650.png,5,0,0,0,0,0,0,0,0,0,0,0,0,0,0,0,0,0,0,1,0
01227789.png,40,0,0,1,0,0,1,0,0,0,0,0,0,0,1,0,0,0,0,0,1
01227802.png,90,1,0,0,0,0,0,0,0,0,0,0,0,0,0,0,0,0,0,0,0
01227809.png,0,0,0,0,0,0,1,0,0,0,0,0,0,1,0,0,0,0,0,0,1
01227816.png,0,0,0,0,0,0,1,0,0,0,0,0,0,0,0,0,0,0,0,0,1
01227938.png,10,0,0,1,0,0,0,0,0,1,0,0,0,0,1,0,0,0,0,0,1
01228009.png,0,1,0,1,0,0,0,0,0,0,1,0,0,0,0,0,0,0,0,0,1
01228024.png,10,1,0,1,0,0,0,0,0,0,1,0,0,0,1,0,0,0,0,0,1
01228167.png,10,1,0,1,0,0,0,0,0,0,0,0,0,0,0,0,0,0,0,0,1
01228172.png,0,1,0,1,0,0,1,0,0,0,0,0,0,0,0,0,0,0,0,0,1
01228186.png,10,0,0,1,0,0,1,0,0,0,1,0,0,0,0,1,0,0,0,0,1
01228520.png,40,1,0,0,0,0,0,0,0,0,0,0,0,0,0,0,0,0,0,0,0
01228624.png,30,0,0,0,0,0,0,0,0,0,0,0,0,0,0,0,1,0,0,0,1
01228773.png,10,0,0,0,0,0,1,0,0,0,0,0,0,0,0,0,0,0,0,0,1
01228832.png,0,0,0,0,0,0,0,0,0,0,0,0,0,0,0,0,0,0,0,1,0
01228972.png,10,0,0,0,0,0,1,0,0,1,0,0,0,0,0,0,0,0,0,0,1
01229036.png,10,0,0,0,0,0,1,0,0,1,0,0,0,0,0,0,0,0,0,0,1
01229098.png,20,1,1,1,0,0,1,0,0,1,0,0,0,0,0,0,0,0,0,0,1
01229142.png,20,0,1,1,0,0,1,0,0,1,0,0,0,0,0,0,0,0,0,0,1
01229151.png,20,0,1,1,0,0,1,0,0,0,0,0,0,0,0,0,0,0,0,0,1
01229163.png,20,0,0,1,0,0,1,0,0,0,0,0,0,0,0,0,0,0,0,0,1
01229221.png,30,0,0,1,0,0,1,0,0,0,0,0,0,0,0,0,0,0,0,0,1
01229275.png,30,1,0,0,0,0,0,0,0,0,0,0,0,0,0,0,0,0,0,0,0
01229292.png,30,0,0,0,0,0,0,0,0,0,0,0,0,0,0,0,0,0,0,1,0
01229455.png,10,0,0,0,0,0,0,0,0,0,0,0,0,0,0,0,0,0,0,1,0
01229680.png,30,0,0,0,0,0,0,0,0,0,0,0,0,0,0,0,0,0,0,1,0
01229760.png,10,0,0,0,0,0,0,0,0,0,0,0,0,0,0,0,0,0,0,1,0
01229798.png,0,0,0,0,0,0,0,0,0,0,0,0,0,0,0,0,0,0,0,1,0
01229926.png,0,0,0,0,0,0,0,0,0,0,0,0,0,0,0,0,0,0,0,1,0
01229957.png,0,0,0,0,0,0,0,0,0,0,0,0,0,0,0,0,0,0,0,1,0
01229974.png,0,1,0,0,0,0,0,0,0,0,1,0,0,0,0,0,0,0,0,0,1
01230071.png,10,1,0,0,0,0,0,0,0,0,0,0,0,0,0,0,0,0,0,0,0
01230153.png,10,0,0,0,0,0,0,0,0,0,0,0,0,0,0,0,0,0,0,1,0
01231067.png,0,1,0,0,0,0,0,0,0,0,0,0,0,0,0,0,0,0,0,0,0
01231209.png,0,0,0,0,0,0,0,0,0,0,0,0,0,0,0,0,0,0,0,1,0
01231212.png,0,0,0,0,0,0,0,0,0,0,0,0,0,0,0,0,0,0,0,1,0
01231264.png,0,0,0,0,0,0,0,0,0,0,0,0,0,0,0,0,0,0,0,1,0
01231288.png,0,0,0,0,0,0,0,0,0,0,0,0,0,0,0,0,0,0,0,1,0
01231358.png,0,0,0,0,0,0,0,0,0,0,0,0,0,0,0,0,0,0,0,1,0
01231365.png,0,0,0,0,0,0,0,0,0,0,0,0,0,0,0,0,0,0,0,1,0
01232003.png,0,0,0,0,0,0,0,0,0,0,0,0,0,0,0,0,0,0,0,1,0
01232089.png,0,0,0,0,0,0,0,0,0,0,0,0,0,0,0,0,0,0,0,1,0
01232189.png,0,0,0,0,0,0,0,0,0,0,0,0,0,0,0,0,0,0,0,1,0
01232212.png,10,0,0,0,0,0,0,0,0,0,0,0,0,0,0,0,0,0,0,1,0
01232223.png,10,0,0,0,0,0,0,0,0,0,0,0,0,0,0,0,0,0,0,1,0
01232610.png,10,0,0,0,0,0,0,0,0,0,0,0,0,0,0,0,0,0,0,1,0
01232627.png,10,0,0,0,0,0,0,0,0,0,0,0,0,0,0,0,0,0,0,1,0
01232632.png,10,0,0,0,0,0,0,0,0,0,0,0,0,0,0,0,0,0,0,1,0
01232721.png,10,0,0,0,0,0,0,0,0,0,0,0,0,0,0,0,0,0,0,1,0
01232769.png,0,0,0,0,0,0,0,0,0,0,0,0,0,0,0,0,0,0,0,1,0
01233304.png,10,0,0,0,0,0,0,0,0,0,0,0,0,0,0,0,0,0,0,1,0
01233411.png,10,0,0,0,0,0,0,0,0,0,0,0,0,0,0,0,0,0,0,1,0
01233452.png,10,0,0,0,0,0,0,0,0,0,0,0,0,0,0,0,0,0,0,1,0
01233538.png,0,1,0,0,0,0,0,0,0,0,0,0,0,0,0,0,0,0,0,0,0
01233542.png,0,0,0,0,0,0,0,0,0,0,0,0,0,0,0,0,0,0,0,1,0
01233810.png,10,0,0,0,0,0,0,0,0,0,0,0,0,0,0,1,0,0,0,0,1
01233811.png,10,0,0,0,0,0,0,0,0,0,0,0,0,0,0,1,0,0,0,0,1
01234449.png,10,0,0,0,0,0,0,0,0,0,0,0,0,0,0,0,0,0,0,1,0
01234571.png,20,1,0,1,0,0,1,0,0,0,0,0,0,0,0,0,0,0,0,0,1
01234653.png,30,1,0,0,0,0,0,0,0,0,0,0,0,0,0,0,0,0,0,0,0
01234859.png,10,0,0,0,0,0,0,0,0,0,0,0,0,0,0,0,0,0,0,1,0
01234901.png,10,0,0,1,0,0,0,0,0,0,0,1,0,0,0,0,0,0,0,0,1
01235002.png,20,0,0,0,0,0,0,0,0,0,0,0,0,0,0,0,0,0,0,1,0
01235012.png,20,0,0,0,0,0,0,0,1,0,0,0,0,0,0,0,0,0,0,0,1
01235019.png,40,0,0,0,0,0,0,0,0,0,0,0,0,0,0,0,0,0,0,1,0
01235035.png,30,0,0,0,0,0,0,0,0,0,0,0,0,0,0,0,0,0,0,1,0
01235062.png,10,0,0,0,0,0,0,0,0,0,0,0,0,0,0,0,0,0,0,1,0
01235217.png,0,0,0,0,0,0,0,0,0,0,0,0,0,0,0,0,0,0,0,1,0
01235277.png,10,0,0,0,0,0,0,0,0,0,0,0,0,0,0,0,0,0,0,1,0
01235533.png,20,1,0,0,0,0,0,0,0,0,0,1,0,0,0,0,0,0,0,0,1
01235574.png,0,0,0,0,0,0,0,0,0,0,0,0,0,0,0,0,0,0,0,1,0
01235581.png,0,0,0,0,0,0,0,0,0,0,0,0,0,0,0,0,0,0,0,1,0
01235952.png,0,1,0,0,0,0,0,0,0,0,0,0,0,0,0,0,0,0,0,0,0
01236021.png,0,0,0,0,0,1,0,0,0,1,0,0,0,0,0,0,0,0,0,0,1
01236073.png,0,0,0,0,0,0,0,0,0,0,0,0,0,0,0,0,0,0,0,1,0
01236200.png,20,1,0,1,0,0,1,0,0,0,1,0,0,0,0,0,0,0,1,0,1
01236341.png,0,1,0,0,0,0,0,0,0,0,1,0,0,0,0,0,0,0,0,0,1
01236349.png,0,0,0,0,0,0,0,0,0,0,1,0,0,0,0,0,0,0,0,0,1
01236466.png,0,0,0,0,0,0,0,0,0,0,0,0,0,0,0,0,0,0,0,1,0
01236474.png,0,1,0,0,0,0,0,0,0,0,0,0,0,0,0,0,0,0,0,0,0
01236495.png,0,0,0,0,0,0,0,0,0,0,0,0,0,0,0,0,0,0,0,1,0
01236665.png,20,0,0,1,0,0,1,0,0,0,0,0,0,0,0,0,0,0,0,0,1
01236887.png,10,1,0,0,0,0,0,0,0,0,0,0,0,0,0,0,0,0,0,0,0
01236891.png,0,0,0,0,0,0,0,0,0,0,0,0,0,0,0,0,0,0,0,1,0
01236925.png,0,0,0,0,0,0,0,0,0,0,0,0,0,0,0,0,0,0,0,1,0
01237415.png,0,0,0,0,0,0,0,0,0,0,0,0,0,0,0,0,0,0,0,1,0
01237458.png,0,0,0,0,0,0,0,0,0,0,0,0,0,0,0,0,0,0,0,1,0
01237544.png,0,0,0,0,0,0,0,0,0,0,0,0,0,0,0,0,0,0,0,1,0
01237764.png,0,0,0,0,0,0,0,0,0,0,0,0,0,0,0,0,0,0,0,1,0
01237766.png,0,0,0,0,0,0,0,0,0,0,0,0,0,0,0,0,0,0,0,1,0
01238171.png,0,0,0,0,0,0,0,0,0,0,0,0,0,0,0,0,0,0,0,1,0
01238373.png,5,0,0,0,0,0,0,0,0,0,0,0,0,0,0,0,0,0,0,1,0
01238559.png,5,1,0,0,0,0,0,0,0,0,0,0,0,0,0,0,0,0,0,0,0
01238836.png,0,0,0,0,0,0,0,0,0,0,0,0,0,0,0,0,0,0,0,1,0
01238858.png,0,0,0,0,0,0,0,0,0,0,0,0,0,0,0,0,0,0,0,1,0
01239003.png,0,0,0,0,0,0,0,0,0,0,0,0,0,0,0,0,0,0,0,1,0
01239461.png,0,1,0,0,0,0,0,0,0,0,0,0,0,0,0,0,0,0,0,0,0
01239593.png,0,1,0,0,0,0,0,0,0,0,0,0,0,0,0,0,0,0,1,0,1
01239632.png,0,0,0,0,0,0,0,0,0,0,0,0,0,1,0,0,0,0,0,0,1
01239922.png,0,0,0,0,0,0,0,0,0,0,0,0,0,0,0,1,0,0,0,0,1
01240014.png,0,1,0,0,0,0,0,0,0,0,0,0,0,0,0,0,0,0,1,0,1
01240374.png,0,0,0,0,0,0,0,0,0,0,0,0,0,0,0,0,0,0,0,1,0
01240435.png,0,0,0,0,0,0,0,0,0,0,0,0,0,0,0,0,0,0,0,1,0
01240575.png,0,0,0,0,0,0,0,0,0,0,0,0,0,0,0,0,0,0,0,1,0
01240596.png,0,0,0,0,0,0,0,0,0,0,0,0,0,0,0,0,0,0,0,1,0
01240915.png,0,0,0,0,0,0,0,0,0,0,0,0,0,0,0,0,0,0,0,1,0
01241044.png,0,0,0,0,0,0,0,0,0,0,0,0,0,0,0,0,0,0,0,1,0
01241161.png,0,1,0,0,0,0,0,0,0,0,0,0,0,0,0,0,0,0,0,0,0
01241341.png,0,0,0,0,0,0,0,0,0,0,0,0,0,0,0,0,0,0,0,1,0
01241438.png,0,0,0,0,0,0,0,0,0,0,0,0,0,0,0,0,0,0,0,1,0
01241714.png,0,0,0,0,0,0,0,0,0,0,0,0,0,0,0,0,0,0,0,1,0
01241896.png,0,0,0,0,0,0,0,0,0,0,0,0,0,0,0,0,0,0,0,1,0
01242089.png,0,0,0,0,0,0,0,0,0,0,0,0,0,0,0,0,0,0,0,1,0
01242112.png,0,0,0,0,0,0,0,0,0,0,0,0,0,0,0,0,0,0,0,1,0
01242430.png,0,0,0,0,0,0,0,0,0,0,0,0,0,0,0,0,0,0,0,1,0
01242448.png,0,0,0,0,0,0,0,0,0,0,0,0,0,0,0,0,0,0,0,1,0
01242686.png,0,1,0,0,0,0,0,0,0,0,0,0,0,0,0,0,0,0,0,0,0
01242769.png,10,0,0,0,0,0,0,0,0,0,0,0,0,0,0,0,0,0,0,1,0
01243134.png,0,0,0,0,0,0,0,0,0,0,0,0,0,0,0,0,0,0,0,1,0
01243149.png,0,0,0,0,0,0,0,0,0,0,0,0,0,0,0,0,0,0,0,1,0
01243160.png,0,0,0,0,0,0,0,0,0,0,0,0,0,0,0,0,0,0,0,1,0
01243256.png,0,0,0,0,0,0,1,0,0,0,0,0,0,0,0,0,0,0,0,0,1
01243313.png,10,0,0,0,0,0,0,0,0,0,0,0,0,0,0,0,0,0,0,1,0
01243860.png,0,0,0,1,0,0,1,0,0,0,0,0,0,0,0,0,0,0,0,0,1
01243972.png,10,0,0,1,0,0,1,0,0,0,0,0,1,0,1,0,0,0,0,0,1
01244208.png,0,0,0,0,0,0,0,0,0,0,0,0,0,0,0,0,0,0,0,1,0
01244228.png,0,0,0,0,0,0,0,0,0,0,0,0,0,0,0,0,0,0,0,1,0
01244236.png,0,0,0,0,0,0,0,0,0,0,0,0,0,0,0,0,0,0,0,1,0
01244306.png,10,0,0,0,0,0,0,0,0,0,0,0,0,0,0,0,0,0,0,1,0
01244372.png,10,0,0,0,0,0,0,0,0,0,0,0,0,0,0,0,0,0,0,1,0
01244427.png,0,0,0,0,1,0,0,0,0,0,0,0,0,0,0,0,0,0,0,0,1
01244457.png,10,0,1,1,0,0,1,0,0,0,0,0,0,0,0,0,0,0,0,0,1
01244541.png,10,1,0,0,0,0,0,0,0,0,0,0,0,0,0,0,0,0,0,0,0
01244691.png,5,0,0,0,0,0,0,0,0,0,0,0,0,0,0,0,0,0,0,1,0
01244772.png,10,1,0,0,0,0,1,0,0,0,0,0,0,0,0,0,0,0,0,0,1
01244829.png,5,1,0,1,0,0,1,0,0,0,0,0,0,0,0,0,0,0,0,0,1
01244842.png,5,0,0,1,0,0,1,0,0,0,0,0,0,0,0,0,0,0,0,0,1
01244928.png,10,0,0,1,0,0,0,0,1,0,0,0,0,0,0,0,0,0,0,0,1
01244951.png,20,0,0,0,0,0,0,0,0,0,0,0,0,0,0,0,0,0,0,1,0
01245040.png,10,0,0,0,0,0,0,0,0,0,0,0,0,0,0,0,0,0,0,1,0
01245046.png,10,0,0,0,0,0,0,0,0,0,0,0,0,0,0,0,0,0,0,1,0
01245238.png,0,1,0,0,0,0,0,0,0,0,0,0,0,0,0,0,0,0,0,0,0
01245455.png,0,0,0,0,0,0,0,0,0,0,0,0,0,0,0,0,0,0,0,1,0
01245495.png,10,1,1,1,0,0,0,0,0,0,0,0,0,0,0,0,0,0,0,0,1
01245511.png,5,1,0,0,0,0,0,0,0,0,0,0,0,0,0,0,0,0,0,0,0
01245853.png,20,0,1,0,0,0,1,0,0,0,0,0,0,0,0,0,0,0,0,0,1
01245869.png,10,0,0,0,0,0,1,0,0,0,0,0,0,0,0,0,0,0,0,0,1
01245983.png,0,0,1,0,0,0,0,0,0,0,0,0,0,0,0,0,0,0,0,0,1
01246000.png,10,0,0,0,0,0,0,0,0,0,0,0,0,0,0,0,0,0,0,1,0
01246002.png,10,0,0,0,0,0,0,0,0,0,0,0,0,0,0,0,0,0,0,1,0
01246053.png,0,0,0,0,0,0,0,0,0,0,0,0,0,0,0,0,0,0,0,1,0
01246104.png,20,0,0,0,0,0,0,0,0,0,0,0,0,0,0,0,0,0,0,1,0
01246406.png,0,0,0,0,0,0,0,0,0,0,0,0,0,0,0,0,0,0,0,1,0
01246594.png,0,0,0,0,0,0,0,0,0,0,0,0,0,0,0,0,0,0,0,1,0
01246624.png,10,1,0,0,0,0,0,0,0,0,0,0,0,0,0,0,0,0,1,0,1
01246627.png,0,1,0,0,0,0,0,0,0,0,0,0,0,1,0,0,0,0,0,0,1
01246686.png,0,0,0,0,0,0,0,0,0,0,0,0,0,0,0,0,0,0,0,1,0
01246919.png,10,0,0,0,0,0,1,0,0,0,0,0,0,0,0,0,0,0,0,0,1
01246977.png,10,0,0,0,0,0,0,0,0,0,0,0,0,0,0,0,0,0,0,1,0
01247080.png,10,0,0,0,0,0,0,0,0,0,1,0,0,0,0,0,0,0,0,0,1
01247147.png,10,0,0,0,0,0,0,0,0,0,0,0,0,0,0,0,0,0,0,1,0
01247149.png,10,0,0,0,0,0,0,0,0,0,0,0,0,0,0,0,0,0,0,1,0
01247219.png,0,0,0,0,0,0,0,0,0,0,0,0,0,0,0,0,0,0,0,1,0
01247314.png,5,0,0,0,0,0,0,0,0,0,0,0,0,0,0,0,0,0,0,1,0
01247409.png,0,0,0,0,0,0,0,0,0,0,0,0,0,0,0,0,0,0,0,1,0
01247418.png,0,0,0,0,0,0,0,0,0,0,0,0,0,0,0,0,0,0,0,1,0
01247603.png,5,0,0,0,0,0,0,0,0,0,0,0,0,0,0,0,0,0,0,1,0
01247952.png,10,0,0,0,0,0,0,0,0,0,0,0,0,0,0,0,0,0,0,1,0
01247969.png,0,0,0,0,0,0,0,0,0,0,0,0,0,0,0,0,0,0,0,1,0
01247980.png,0,0,1,0,0,0,0,0,0,0,0,0,0,1,0,0,0,0,0,0,1
01247982.png,0,0,0,0,0,0,0,0,0,0,0,0,0,0,0,0,0,0,0,1,0
01248275.png,10,0,0,0,0,0,0,0,0,0,0,0,0,0,0,0,0,0,0,1,0
01248430.png,10,0,0,0,0,0,0,0,0,0,0,0,0,0,0,0,0,0,0,1,0
01248533.png,10,0,0,0,0,0,0,0,0,0,0,1,0,0,0,0,0,0,0,0,1
01248591.png,5,0,0,0,0,0,0,0,0,0,0,0,0,0,0,0,0,0,0,1,0
01248660.png,0,0,0,0,0,1,0,0,0,0,1,0,0,0,0,0,0,0,0,0,1
01248952.png,0,0,0,0,0,0,0,0,0,0,0,0,0,0,0,0,0,0,0,1,0
01248974.png,10,1,0,0,0,0,0,0,0,0,0,0,0,0,0,0,0,0,0,0,0
01248976.png,0,0,0,0,0,0,0,0,0,0,0,0,0,0,0,0,0,0,0,1,0
01248982.png,10,1,0,0,0,0,0,0,0,0,0,1,0,0,0,0,0,0,0,0,1
01249091.png,0,0,0,0,0,0,0,0,0,0,0,0,0,0,0,0,0,0,0,1,0
01249354.png,10,0,0,0,0,0,0,0,0,0,0,0,0,0,0,0,0,0,0,1,0
01249529.png,0,1,0,0,0,0,0,0,0,0,0,0,0,0,0,0,0,0,1,0,1
01249553.png,10,0,0,1,0,0,1,0,1,0,0,0,0,0,0,0,0,0,0,0,1
01249641.png,0,0,0,1,0,0,1,0,1,0,0,0,0,0,0,0,0,0,0,0,1
01249651.png,0,0,0,1,0,0,1,0,0,0,0,0,0,0,0,0,0,0,0,0,1
01249861.png,0,0,1,1,0,0,1,0,1,0,0,0,0,1,1,0,0,0,0,0,1
01249952.png,0,0,0,1,0,0,1,0,1,0,0,0,0,0,0,0,0,0,0,0,1
01250105.png,0,0,0,1,0,0,0,0,1,0,0,0,0,0,0,0,0,0,0,0,1
01250122.png,10,1,0,1,0,0,1,0,1,0,0,0,0,0,0,0,0,0,0,0,1
01250380.png,20,0,0,1,0,0,1,0,0,0,0,0,0,0,0,0,0,0,0,0,1
01250473.png,0,0,1,1,0,0,1,0,0,0,0,0,0,0,0,0,0,0,0,0,1
01250739.png,10,1,0,1,0,0,1,0,0,0,0,0,0,0,0,0,0,0,0,0,1
01250784.png,0,0,0,0,0,0,0,0,0,0,0,0,0,0,0,0,0,0,0,1,0
01250991.png,0,0,0,0,0,0,0,0,0,0,0,0,0,0,0,0,0,0,0,1,0
01251249.png,10,0,0,0,0,0,0,0,0,0,0,0,0,0,0,0,0,0,0,1,0
01251265.png,10,1,0,0,0,0,0,0,0,0,0,0,0,0,0,0,0,0,0,0,0
01251331.png,0,0,0,0,0,0,0,0,0,0,0,0,0,0,0,0,0,0,0,1,0
01251538.png,0,0,0,0,0,0,0,0,0,0,0,0,0,0,0,0,0,0,0,1,0
01251556.png,0,0,0,0,0,0,0,0,0,0,0,0,0,0,0,0,0,0,0,1,0
01251801.png,0,0,0,0,0,0,0,0,0,0,0,0,0,0,0,0,0,0,0,1,0
01251934.png,0,0,0,1,0,0,0,0,0,0,0,0,0,1,0,0,0,0,0,0,1
01251936.png,0,1,0,0,0,0,0,0,0,0,0,0,0,0,0,0,0,0,0,0,0
01252168.png,0,1,0,1,0,0,0,0,0,0,1,0,0,0,0,0,0,0,0,0,1
01252252.png,0,0,1,1,0,0,0,0,0,0,0,0,0,0,0,0,0,0,0,0,1
01252405.png,0,0,0,1,0,0,1,0,0,0,0,1,0,0,0,0,0,0,0,0,1
01252687.png,10,1,0,1,0,0,0,0,0,0,0,0,0,0,0,0,0,0,0,0,1
01252918.png,0,1,0,1,0,0,0,0,1,0,0,0,0,0,0,0,0,0,0,0,1
01253037.png,0,0,0,1,0,0,1,0,0,0,1,1,0,1,0,0,0,0,0,0,1
01253105.png,0,1,0,1,0,0,1,0,0,0,0,0,0,0,0,0,0,0,0,0,1
01253361.png,10,1,0,1,0,0,1,0,0,0,0,1,0,0,0,0,0,0,0,0,1
01253408.png,0,0,0,1,0,0,1,0,0,0,0,1,0,0,0,0,0,0,0,0,1
01253431.png,0,0,0,1,0,0,1,0,0,0,0,0,0,1,0,0,0,0,0,0,1
01253442.png,10,0,0,1,0,0,1,0,0,0,0,0,0,0,0,0,0,0,0,0,1
01253573.png,10,0,0,0,0,0,0,0,0,0,1,0,0,0,0,0,1,0,0,0,1
01253576.png,10,0,0,0,0,0,0,0,0,0,0,0,0,0,0,0,0,0,0,1,0
01253621.png,50,1,0,0,0,0,0,0,0,0,0,0,0,0,0,0,0,0,0,0,0
01254021.png,10,1,0,1,0,0,0,0,0,0,0,0,0,0,0,0,0,0,0,0,1
01254104.png,0,0,0,0,0,0,0,0,0,0,0,0,0,0,0,0,0,0,0,1,0
01254147.png,0,0,0,0,0,0,0,0,0,0,0,0,0,0,0,0,0,0,0,1,0
01254183.png,10,1,0,0,0,0,0,0,0,0,0,0,0,0,0,0,0,0,0,0,0
01254353.png,10,0,0,1,0,0,0,0,0,0,0,0,0,0,0,0,0,0,0,0,1
01254390.png,10,1,0,1,0,0,0,0,0,0,0,0,0,0,0,0,0,0,0,0,1
01254404.png,10,1,0,1,0,0,0,0,0,0,0,1,0,0,0,0,0,0,0,0,1
01254439.png,10,0,0,1,0,0,1,0,0,0,0,1,0,0,0,0,0,0,0,0,1
01254916.png,10,0,0,1,0,0,1,0,0,0,0,0,0,1,0,0,0,0,0,0,1
01255018.png,0,1,0,1,0,0,1,0,0,0,0,0,0,1,0,0,0,0,0,0,1
01255027.png,0,0,0,1,0,0,1,0,0,0,1,0,0,1,0,0,0,0,0,0,1
01255169.png,10,0,0,1,0,0,1,0,0,0,0,1,0,0,0,0,0,0,0,0,1
01255825.png,0,0,0,1,0,0,0,0,0,0,0,1,0,0,0,0,0,0,0,0,1
01255855.png,0,1,0,1,0,0,0,0,0,0,1,0,0,0,0,0,0,0,0,0,1
01256281.png,0,0,0,0,0,0,0,0,0,0,0,0,0,0,0,0,0,0,0,1,0
01256342.png,0,0,0,0,0,0,0,0,0,0,0,0,0,0,0,0,0,0,0,1,0
01256667.png,0,1,0,1,0,0,1,0,0,0,1,0,0,0,0,0,0,0,1,0,1
01256761.png,10,0,0,0,0,0,0,0,0,0,0,0,0,0,0,0,0,0,0,1,0
01256799.png,10,0,0,0,0,0,0,0,0,0,0,0,0,0,0,0,0,0,0,1,0
01256877.png,10,0,0,0,0,0,0,0,0,0,0,0,0,0,0,0,0,0,0,1,0
01257037.png,0,1,0,0,0,0,0,0,0,0,0,0,0,0,0,0,0,0,0,0,0
01257161.png,0,1,0,0,0,0,0,0,0,0,0,1,0,0,0,0,0,0,0,0,1
01257190.png,0,0,0,0,0,0,0,0,0,0,0,0,0,0,0,0,0,0,0,1,0
01257194.png,0,0,0,0,0,0,0,0,0,0,0,0,0,0,0,0,0,0,0,1,0
01257218.png,0,0,0,0,0,0,1,0,0,0,0,0,0,0,0,0,0,0,0,0,1
01257384.png,0,0,0,0,0,0,0,0,0,0,0,0,0,0,0,0,0,0,0,1,0
01257560.png,10,0,0,0,0,0,0,0,0,0,0,0,0,0,0,0,0,0,0,1,0
01257678.png,0,1,0,0,0,0,0,0,0,0,0,0,0,0,0,0,0,0,1,0,1
01257982.png,10,1,0,0,0,0,0,0,0,0,0,0,0,0,0,0,0,0,0,0,0
01258329.png,10,0,0,0,0,0,0,0,0,0,0,0,0,0,0,0,0,0,0,1,0
01258352.png,10,0,0,0,0,0,0,0,0,0,0,0,0,0,0,0,0,0,0,1,0
01258383.png,10,0,0,0,0,0,0,0,0,0,0,0,0,0,0,0,0,0,0,1,0
01258450.png,0,0,0,0,0,1,1,0,0,0,1,0,0,0,0,0,0,0,0,0,1
01258709.png,10,0,0,0,0,0,0,0,0,0,0,0,0,0,0,0,0,0,0,1,0
01258763.png,20,0,0,0,0,0,0,0,0,0,0,0,0,0,0,0,0,0,0,1,0
01258776.png,20,0,0,0,0,0,0,0,0,0,0,0,0,0,0,0,0,0,0,1,0
01258879.png,10,1,0,0,0,0,0,0,0,0,0,0,0,0,0,0,0,0,0,0,0
01259062.png,20,0,0,0,0,0,0,0,0,0,0,0,0,0,0,0,0,0,0,1,0
01259271.png,10,0,0,0,0,0,0,0,0,0,0,0,0,0,0,0,0,0,0,1,0
01259377.png,10,1,0,0,0,0,0,0,0,0,0,0,0,0,0,0,0,0,0,0,0
01259460.png,10,0,0,0,0,0,0,0,0,0,0,0,0,0,0,0,0,0,0,1,0
01259486.png,10,0,0,0,0,0,0,0,0,0,0,0,0,0,0,0,0,0,0,1,0
01259946.png,0,0,0,0,0,0,0,0,0,0,0,0,0,0,0,0,0,0,0,1,0
01260054.png,10,0,0,0,0,0,0,0,0,0,0,0,0,0,0,0,0,0,0,1,0
01260083.png,20,0,0,0,0,0,0,0,0,0,0,0,0,0,0,0,0,0,0,1,0
01260253.png,20,0,0,0,0,0,0,0,0,0,0,0,0,0,0,0,0,0,0,1,0
01260539.png,10,0,0,0,0,0,0,0,0,0,0,0,0,0,0,0,0,0,0,1,0
01260699.png,0,0,0,0,0,0,0,0,0,0,0,0,0,0,0,0,0,0,0,1,0
01260860.png,0,0,0,0,0,0,0,0,0,0,0,0,0,0,0,0,0,0,0,1,0
01260927.png,10,0,0,0,0,0,0,0,0,0,0,0,0,0,0,0,0,0,0,1,0
01261266.png,0,0,0,0,0,0,0,0,0,0,0,0,0,0,0,0,0,0,0,1,0
01261558.png,10,0,0,0,0,0,0,0,0,0,0,0,0,0,0,0,0,0,0,1,0
01261623.png,0,0,0,0,0,0,0,0,0,0,0,0,0,0,0,0,0,0,0,1,0
01261657.png,10,0,0,0,0,0,0,0,0,0,0,0,0,0,0,0,0,0,0,1,0
01261852.png,0,0,0,0,0,0,0,0,0,0,0,0,0,0,0,0,0,0,0,1,0
01262148.png,0,0,0,0,0,0,0,0,0,0,0,0,0,0,0,0,0,0,0,1,0
01262272.png,50,1,0,0,0,0,0,0,0,0,0,0,0,0,0,0,0,0,0,0,0
01262450.png,5,1,0,1,0,0,0,0,0,0,1,0,0,0,0,0,0,0,0,0,1
01262532.png,2,0,0,0,0,0,0,0,0,0,0,0,0,0,0,0,0,0,0,1,0
01262545.png,2,0,0,0,0,0,0,0,0,0,0,0,0,0,0,0,0,0,0,1,0
01262660.png,10,0,0,1,0,0,1,0,0,0,0,0,0,0,0,0,0,0,0,0,1
01262667.png,5,0,0,1,0,0,1,0,0,0,0,0,0,0,0,0,0,0,0,0,1
01262725.png,2,0,0,0,0,0,0,0,0,0,0,0,0,0,0,0,0,0,0,1,0
01262900.png,30,1,0,1,0,0,1,0,0,0,0,0,0,0,0,0,0,0,0,0,1
01262946.png,10,0,0,0,0,0,1,0,0,0,0,0,0,0,0,0,0,0,0,0,1
01263137.png,2,1,0,0,0,0,0,0,0,0,0,0,0,0,1,0,0,0,0,0,1
01263202.png,5,0,0,1,0,0,0,0,0,0,0,0,0,0,1,0,0,0,0,0,1
01263211.png,2,1,0,1,0,0,0,0,0,0,0,0,0,0,0,0,0,0,1,0,1
01263222.png,5,0,0,0,0,0,0,0,0,0,0,0,0,0,0,0,0,0,0,1,0
01263253.png,2,0,1,1,0,0,1,0,0,0,0,0,0,0,1,0,0,0,0,0,1
01263299.png,20,0,0,1,0,0,1,0,0,0,0,0,0,1,0,0,0,0,0,0,1
01263553.png,0,0,0,0,0,0,0,0,0,0,0,0,0,0,0,0,0,0,0,1,0
01263617.png,5,1,0,1,0,0,1,0,0,0,0,0,0,0,0,0,0,0,0,0,1
01263649.png,10,1,0,1,0,0,1,0,0,0,0,0,0,0,0,0,0,0,0,0,1
01264031.png,2,0,0,1,0,0,1,0,0,0,0,0,0,1,0,0,0,0,0,0,1
01264240.png,2,1,0,0,0,0,0,0,0,0,0,0,0,0,0,0,0,0,0,0,0
01264262.png,2,1,0,1,0,0,0,0,0,0,0,0,0,0,0,0,0,0,0,0,1
01264285.png,5,1,1,1,0,0,0,0,0,0,0,0,0,0,0,0,0,0,0,0,1
01264621.png,20,0,0,1,0,0,1,0,0,0,0,0,0,0,0,0,0,0,0,0,1
01264681.png,10,0,0,1,0,0,1,0,0,0,0,0,0,1,0,0,0,0,0,0,1
01264899.png,2,0,0,0,0,0,0,0,0,0,0,0,0,0,0,0,0,0,0,1,0
01264905.png,2,0,0,0,0,0,0,0,0,0,0,0,0,0,0,0,0,0,0,1,0
01264992.png,5,0,0,1,0,0,1,1,0,0,0,0,0,0,0,0,0,0,0,0,1
01265212.png,10,0,0,1,0,0,1,0,0,0,0,0,0,0,0,0,0,0,0,0,1
01265309.png,5,1,0,0,0,0,0,0,0,0,0,0,0,0,0,0,0,0,0,0,0
01265545.png,0,1,0,0,0,0,0,0,0,0,0,0,0,0,0,0,0,0,0,0,0
01265782.png,0,0,0,0,0,0,0,0,0,0,0,0,0,0,0,0,0,0,0,1,0
01266433.png,0,0,0,1,0,0,1,0,0,0,0,0,0,0,1,0,0,0,0,0,1
01266560.png,0,1,0,1,0,0,1,0,0,0,0,0,0,0,0,0,0,0,0,0,1
01266706.png,10,1,0,1,0,0,1,0,0,0,0,0,0,1,0,0,0,0,0,0,1
01266716.png,30,1,0,1,0,0,1,0,1,0,0,0,0,0,0,0,0,0,0,0,1
01266848.png,10,0,0,1,0,0,1,0,0,0,0,1,0,0,0,0,0,0,0,0,1
01266886.png,10,1,0,1,0,0,0,0,0,0,1,0,0,1,0,0,0,0,0,0,1
01266992.png,10,1,1,1,0,0,0,0,0,0,0,1,0,0,0,0,0,0,0,0,1
01267164.png,0,0,0,0,0,1,0,0,0,0,1,0,0,0,0,0,0,0,0,0,1
01267192.png,10,0,0,0,0,1,0,0,0,0,1,0,0,0,0,0,0,0,0,0,1
01267286.png,0,0,0,0,0,0,0,0,0,0,0,0,0,0,0,0,0,0,0,1,0
01267406.png,10,1,0,0,0,1,0,0,0,0,0,0,0,0,0,0,0,0,0,0,1
01267414.png,0,0,0,0,0,1,0,0,0,0,0,0,0,0,0,0,0,0,0,0,1
01267599.png,0,0,0,0,0,0,0,0,0,0,0,0,0,0,0,0,0,0,0,1,0
01267621.png,10,1,0,0,0,0,0,0,0,0,0,0,0,0,0,0,0,0,0,0,0
01267662.png,0,0,0,0,0,0,0,0,0,0,0,0,0,0,0,0,0,0,0,1,0
01267841.png,0,0,0,0,0,0,0,0,0,0,0,0,0,0,0,0,0,0,0,1,0
01267922.png,0,0,0,0,0,0,0,0,0,0,0,0,0,0,0,0,0,0,0,1,0
01267973.png,0,0,0,0,0,0,0,0,0,0,0,0,0,0,0,0,0,0,0,1,0
01267977.png,0,0,0,0,0,0,0,0,0,0,0,0,0,0,0,0,0,0,0,1,0
01268003.png,0,0,0,0,0,0,0,0,0,0,0,0,0,0,0,0,0,0,0,1,0
01268081.png,0,0,0,0,0,0,0,0,0,0,0,0,0,0,0,0,0,0,0,1,0
01268251.png,0,0,0,0,0,0,0,0,0,0,0,0,0,0,0,0,0,0,0,1,0
01268394.png,0,0,0,0,0,0,0,0,0,0,0,0,0,0,0,0,0,0,0,1,0
01268647.png,0,0,0,0,0,0,0,0,0,0,0,0,0,0,0,0,0,0,0,1,0
01268970.png,0,0,0,0,0,0,0,0,0,0,0,0,0,0,0,0,0,0,0,1,0
01269115.png,0,0,0,0,0,0,0,0,0,0,0,0,0,0,0,0,0,0,0,1,0
01269156.png,0,0,0,0,0,0,0,0,0,0,0,0,0,0,0,0,0,0,0,1,0
01269159.png,0,0,0,0,0,0,0,0,0,0,0,0,0,0,0,1,0,0,0,0,1
01269203.png,0,1,0,0,0,0,0,0,0,0,0,0,0,0,0,0,0,0,0,0,0
01269252.png,0,1,0,0,0,0,0,0,0,0,0,0,0,0,0,0,0,0,0,0,0
01269299.png,5,0,0,0,0,0,0,0,0,0,0,0,0,0,0,0,0,0,0,1,0
01269447.png,0,0,0,0,0,0,0,0,0,0,0,0,0,0,0,0,0,0,0,1,0
01269763.png,0,0,0,0,0,0,0,0,0,0,0,0,0,0,0,1,0,0,0,0,1
01269796.png,0,0,0,0,0,0,0,0,0,0,0,0,0,0,0,0,0,0,0,1,0
01269976.png,0,1,0,0,0,0,0,0,0,0,0,0,0,0,0,0,0,0,1,0,1
01270144.png,5,0,0,0,0,0,0,0,0,0,0,0,0,0,0,0,0,0,1,0,1
01270303.png,5,0,0,0,0,0,0,0,0,0,0,0,0,0,0,0,0,0,0,1,0
01270506.png,0,1,0,1,0,0,1,0,0,0,0,1,0,0,0,0,0,0,0,0,1
01270581.png,10,0,0,1,0,0,1,0,0,0,1,0,0,1,0,0,0,0,0,0,1
01270794.png,0,0,0,0,0,0,0,0,0,0,0,0,0,0,0,0,0,0,0,1,0
01270796.png,0,0,0,0,0,0,0,0,0,0,0,0,0,0,0,0,0,0,0,1,0
01270835.png,0,0,0,0,0,0,0,0,0,0,0,0,0,0,0,0,0,0,0,1,0
01270886.png,0,0,0,0,0,0,1,0,0,0,0,0,0,0,0,0,0,0,0,0,1
01270888.png,0,0,0,0,0,0,0,0,0,0,0,0,0,0,0,0,0,0,0,1,0
01270911.png,0,0,0,0,0,0,0,0,0,0,0,0,0,0,0,0,0,0,0,1,0
01271164.png,0,0,0,0,0,0,0,0,0,0,0,0,0,0,0,0,0,0,1,0,1
01271281.png,0,0,0,0,0,0,0,0,0,0,0,0,0,0,0,0,0,0,0,1,0
01271297.png,0,0,0,0,0,0,0,0,0,0,0,0,0,0,0,0,0,0,0,1,0
01271382.png,0,0,0,0,0,0,0,0,0,0,0,0,0,0,0,0,0,0,0,1,0
01271489.png,0,1,0,0,0,0,0,0,0,0,0,0,0,0,0,0,0,0,1,0,1
01271565.png,0,0,0,0,0,0,0,0,0,0,0,0,0,0,0,0,0,0,0,1,0
01271569.png,0,0,0,0,0,0,0,0,0,0,0,0,0,0,0,0,0,0,0,1,0
01271642.png,0,0,0,0,0,0,0,0,0,0,0,0,0,0,0,0,0,0,0,1,0
01271660.png,0,0,0,0,0,0,0,0,0,0,0,0,0,0,0,0,0,0,0,1,0
01271990.png,0,0,0,0,0,0,0,0,0,0,0,0,0,0,0,0,0,0,0,1,0
01272056.png,10,0,0,0,0,0,0,0,0,0,0,0,0,0,0,1,0,0,0,0,1
01272141.png,5,0,0,0,0,0,0,0,0,0,0,0,0,0,0,0,0,0,0,1,0
01272266.png,20,0,0,0,0,0,0,0,0,0,0,0,0,0,0,0,0,0,0,1,0
01272324.png,5,0,0,0,0,0,1,0,0,1,0,1,0,0,0,0,0,0,0,0,1
01272397.png,5,0,0,0,0,0,0,0,0,0,0,0,0,0,0,0,0,0,0,1,0
01272728.png,5,0,0,0,0,0,0,0,0,0,0,0,0,0,0,0,0,0,0,1,0
01272857.png,10,1,0,0,0,0,0,0,0,0,0,0,0,0,0,0,0,0,0,0,0
01272921.png,2,1,0,0,0,0,0,0,0,0,0,0,0,0,0,0,0,0,0,0,0
01273028.png,10,0,0,1,0,0,1,0,1,0,0,0,0,0,0,0,0,0,0,0,1
01273097.png,10,1,0,1,0,0,0,0,0,0,0,0,0,0,0,0,0,0,0,0,1
01273152.png,5,0,0,0,0,0,0,0,0,0,0,0,0,0,0,0,0,0,0,1,0
01273201.png,5,0,1,1,0,0,1,0,0,0,0,0,0,0,1,0,0,0,0,0,1
01273452.png,10,0,0,0,0,0,0,0,0,0,0,0,0,0,0,0,0,0,0,1,0
01273590.png,10,0,0,1,0,0,1,0,0,0,0,0,0,1,0,0,0,0,0,0,1
01273766.png,10,0,1,1,0,0,1,0,0,0,0,0,0,1,0,0,0,0,0,0,1
01273835.png,30,0,0,0,0,0,0,0,0,0,0,0,0,0,0,0,0,0,0,1,0
01273898.png,2,0,0,1,0,0,0,0,0,0,0,0,0,0,0,0,0,0,0,0,1
01274545.png,2,0,0,0,0,0,0,0,0,0,0,0,0,0,0,0,0,0,0,1,0
01274595.png,0,0,0,0,0,0,0,0,0,0,0,0,0,0,0,0,0,0,0,1,0
01274667.png,0,0,0,0,0,0,0,0,0,0,0,0,0,0,0,0,0,0,0,1,0
01274771.png,0,1,0,0,0,0,0,0,0,0,0,0,0,0,0,0,0,0,0,0,0
01274800.png,0,0,0,0,0,0,0,0,0,0,0,0,0,0,0,0,0,0,0,1,0
01275018.png,10,0,0,0,0,0,0,0,0,0,0,0,0,0,0,0,0,0,0,1,0
01275076.png,10,0,0,0,0,0,0,0,0,0,0,0,0,0,0,0,0,0,0,1,0
01275115.png,10,0,0,0,0,0,0,0,0,0,0,0,0,0,0,0,0,0,0,1,0
01275122.png,0,1,0,0,0,0,0,0,0,0,0,0,0,0,0,0,0,0,0,0,0
01275217.png,10,0,0,0,0,0,0,0,0,0,0,0,0,0,0,0,0,0,0,1,0
01275273.png,10,0,0,0,0,0,0,0,0,0,0,0,0,0,0,0,0,0,0,1,0
01275587.png,0,0,0,0,0,0,1,0,0,0,0,0,0,0,0,0,0,0,0,0,1
01275742.png,0,0,0,0,0,0,0,0,0,0,0,0,0,0,0,0,0,1,0,0,1
01275808.png,0,0,0,0,0,0,0,0,0,0,0,0,0,0,0,0,0,0,0,1,0
01275869.png,20,1,0,0,0,0,0,0,0,0,0,0,0,0,0,0,0,0,0,0,0
01276069.png,10,0,0,0,0,0,0,0,0,0,0,0,0,0,0,0,0,0,0,1,0
01276209.png,10,0,0,0,0,0,0,0,0,0,0,0,0,0,0,0,0,0,0,1,0
01276258.png,0,1,0,0,0,0,0,0,0,0,0,0,0,0,0,0,0,0,1,0,1
01276497.png,10,0,0,0,0,0,0,0,0,0,0,0,0,0,0,0,0,0,0,1,0
01276572.png,20,0,0,0,0,0,0,0,0,0,0,0,0,0,0,0,0,0,0,1,0
01276593.png,20,1,0,0,0,0,0,0,0,0,0,0,0,0,0,0,0,0,0,0,0
01276764.png,10,0,0,0,0,0,0,0,0,0,0,0,0,0,0,0,0,0,0,1,0
01277026.png,10,1,0,0,0,0,0,0,0,0,0,0,0,0,0,0,0,0,0,0,0
01277560.png,0,0,0,0,0,0,1,0,0,0,0,0,0,0,0,0,0,0,0,0,1
01277668.png,10,0,0,0,0,0,0,0,0,0,0,0,0,0,0,0,0,0,0,1,0
01277738.png,10,1,0,0,0,0,0,0,0,0,0,0,0,0,0,0,0,0,0,0,0
01277844.png,10,0,0,0,0,0,0,0,0,0,0,0,0,0,0,0,0,0,0,1,0
01277958.png,0,0,0,0,0,0,0,0,0,0,0,0,0,0,0,0,0,0,0,1,0
01278041.png,0,0,0,0,0,0,0,0,0,0,0,0,0,0,0,0,0,0,0,1,0
01278137.png,0,1,0,0,0,0,0,0,0,0,0,0,0,0,0,0,0,0,0,0,0
01278381.png,0,1,0,0,0,0,0,0,0,0,0,0,0,0,0,0,0,0,1,0,1
01278895.png,10,0,0,0,0,0,0,0,0,0,0,0,0,0,0,0,0,0,0,1,0
01279114.png,10,0,0,0,0,0,0,0,0,0,0,1,0,0,0,0,0,0,0,0,1
01279515.png,20,1,0,1,0,0,0,0,0,0,0,0,0,0,0,0,0,0,0,0,1
01279543.png,0,1,0,0,0,0,1,0,0,0,1,1,0,0,0,0,0,0,0,0,1
01279578.png,0,1,1,0,0,0,0,0,0,0,0,1,0,0,0,0,0,0,1,0,1
01279827.png,0,0,0,0,0,0,0,0,0,0,0,0,0,0,0,0,0,0,1,0,1
01280067.png,0,0,0,0,0,0,1,0,0,0,1,0,0,0,0,0,0,0,0,0,1
01280098.png,0,1,0,0,0,0,1,0,0,0,0,0,0,0,0,0,0,0,1,0,1
01280405.png,0,1,0,0,0,0,1,0,0,0,1,0,0,0,0,0,0,0,1,0,1
01280429.png,20,1,0,0,0,0,0,0,0,1,0,0,0,0,0,0,0,0,0,0,1
01280554.png,0,1,0,0,0,0,0,0,0,0,1,1,0,0,0,0,0,0,1,0,1
01280709.png,0,0,0,0,0,0,0,0,0,0,0,0,0,0,0,0,0,0,0,1,0
01280784.png,10,0,0,0,0,0,0,0,0,0,0,0,0,0,0,0,0,0,0,1,0
01280851.png,10,0,0,0,0,0,0,0,0,0,0,0,0,0,0,0,0,0,0,1,0
01280909.png,0,0,0,0,0,0,1,0,0,0,0,1,0,0,0,0,0,0,1,0,1
01281119.png,0,0,0,0,0,0,0,0,0,0,0,0,0,0,0,0,0,0,0,1,0
01281228.png,20,0,0,0,0,0,0,0,0,0,0,0,0,0,0,0,0,0,0,1,0
01281455.png,0,0,0,0,0,0,0,0,0,0,0,0,0,0,0,0,0,0,0,1,0
01281600.png,20,0,0,0,0,0,0,0,0,0,0,0,0,0,0,0,0,0,0,1,0
01281627.png,10,0,0,0,0,0,0,0,0,0,0,0,0,0,0,0,0,0,0,1,0
01281668.png,0,0,0,0,0,0,0,0,0,0,0,0,0,0,0,0,0,0,0,1,0
01281675.png,0,0,0,0,0,0,0,0,0,0,0,0,0,0,0,0,0,0,0,1,0
01281879.png,10,0,0,0,0,0,0,0,0,0,0,0,0,0,0,0,0,0,0,1,0
01281907.png,0,1,0,0,0,0,0,0,0,0,0,0,0,0,0,0,0,0,0,0,0
01281961.png,20,0,0,0,0,1,0,0,0,0,0,0,0,0,0,0,0,0,0,0,1
01282098.png,100,0,0,0,0,0,0,0,0,0,0,0,0,0,0,0,0,0,0,1,0
01282138.png,50,0,0,0,0,0,0,0,0,0,0,0,0,0,0,0,0,0,0,1,0
01282189.png,20,1,0,0,0,0,0,0,0,0,0,0,0,0,0,0,0,0,0,0,0
01282366.png,20,1,0,0,0,1,0,0,0,0,0,0,0,0,0,0,0,0,0,0,1
01282413.png,20,0,0,0,0,0,0,0,0,0,0,0,0,0,0,0,0,0,0,1,0
01282495.png,10,1,0,0,0,0,0,0,0,0,0,0,0,0,0,0,0,0,0,0,0
01283107.png,10,0,0,0,0,0,0,0,0,1,0,0,0,0,0,0,1,0,0,0,1
01283163.png,10,0,0,0,0,0,0,0,0,0,0,0,0,0,0,0,0,0,0,1,0
01283260.png,10,0,0,0,0,0,0,0,0,0,0,0,0,0,0,0,0,0,0,1,0
01283323.png,10,0,0,1,0,0,1,0,0,0,0,0,0,0,0,0,0,0,0,0,1
01283492.png,0,0,0,0,0,0,0,0,0,0,0,0,0,0,0,0,0,0,0,1,0
01283512.png,0,0,0,0,0,0,0,0,0,0,0,0,0,0,0,0,0,0,0,1,0
01283741.png,20,0,0,0,0,0,0,0,0,0,0,0,0,0,0,0,0,0,0,1,0
01283750.png,30,0,0,0,0,0,0,0,0,0,0,0,0,0,0,0,0,0,0,1,0
01283877.png,20,0,0,0,0,0,0,0,0,0,0,0,0,0,0,0,0,0,0,1,0
01283929.png,10,0,0,0,0,0,0,0,0,0,0,0,0,0,0,0,0,0,0,1,0
01283961.png,10,0,0,0,0,0,0,0,0,0,0,0,0,0,0,0,0,0,0,1,0
01283966.png,10,0,0,0,0,0,0,0,0,0,0,0,0,0,0,0,0,0,0,1,0
01284067.png,5,0,0,0,0,0,0,0,0,0,0,0,0,0,0,0,0,0,0,1,0
01284126.png,2,1,0,0,0,1,0,0,0,0,0,0,0,0,0,0,0,0,0,0,1
01284743.png,0,0,0,0,0,0,1,0,0,0,0,0,0,0,0,0,0,0,0,0,1
01284873.png,10,1,0,0,0,0,1,0,0,0,0,0,0,0,0,0,0,0,0,0,1
01285251.png,10,0,0,1,0,0,0,0,0,0,0,1,0,0,0,0,0,0,0,0,1
01285304.png,5,0,0,0,0,0,0,0,0,0,0,0,0,0,0,0,0,0,0,1,0
01285481.png,60,1,0,0,0,0,0,0,0,0,0,0,0,0,0,0,0,0,0,0,0
01285568.png,0,0,0,0,0,0,0,0,0,0,0,0,0,0,0,0,0,0,0,1,0
01285637.png,50,1,0,0,0,0,0,0,0,0,0,0,0,0,0,0,0,0,0,0,0
01285761.png,20,0,0,0,0,0,0,0,0,0,0,0,0,0,0,0,0,0,0,1,0
01285941.png,20,1,0,0,0,0,1,0,0,0,0,1,0,0,0,0,0,0,1,0,1
01286024.png,10,1,0,0,0,1,0,0,0,0,0,0,0,0,0,0,0,0,0,0,1
01286276.png,10,0,0,0,0,1,1,0,0,0,0,0,0,0,0,0,0,0,0,0,1
01286282.png,0,1,0,0,1,0,1,0,0,0,1,0,0,0,0,0,0,0,1,0,1
01286370.png,10,1,0,0,0,0,0,0,0,0,0,0,0,0,0,0,0,0,0,0,0
01286418.png,10,0,0,0,0,0,1,0,0,0,0,0,0,0,0,0,0,0,0,0,1
01286575.png,20,1,0,0,0,0,0,0,0,0,0,0,0,0,0,0,0,0,0,0,0
01286590.png,10,0,0,0,0,0,0,0,0,0,0,0,0,0,0,0,0,0,0,1,0
01286756.png,20,0,0,0,0,0,0,0,0,0,0,0,0,0,0,0,0,0,0,1,0
01286834.png,10,0,0,0,0,0,0,0,0,0,0,0,0,0,0,0,0,0,0,1,0
01286898.png,10,0,0,0,0,0,0,0,0,0,0,0,0,0,0,0,0,0,0,1,0
01286945.png,10,0,0,0,0,0,0,0,0,0,0,0,0,0,0,0,0,0,0,1,0
01286958.png,10,0,0,0,0,0,0,0,0,0,0,0,0,0,0,0,0,0,0,1,0
01287195.png,20,0,0,0,0,0,0,0,0,0,0,0,0,0,0,0,0,0,0,1,0
01287243.png,10,0,0,0,0,0,0,0,0,0,0,0,0,0,0,0,0,0,0,1,0
01287479.png,10,0,0,0,0,0,0,0,0,0,0,0,0,0,0,0,0,0,0,1,0
01287586.png,20,0,0,0,0,0,0,0,0,0,0,0,0,0,0,0,0,0,0,1,0
01287977.png,10,0,0,1,0,0,1,0,1,0,0,0,0,0,0,0,0,0,0,0,1
01287979.png,10,0,0,1,0,0,1,0,1,0,0,0,0,0,1,0,0,0,0,0,1
01288117.png,0,1,0,1,0,0,1,0,1,0,0,0,0,0,0,0,0,0,0,0,1
01288156.png,10,1,0,0,0,0,0,0,0,0,0,0,0,0,0,0,0,0,0,0,0
01288855.png,10,0,0,0,0,0,0,0,0,0,0,0,0,0,0,0,0,0,0,1,0
01288933.png,0,0,0,0,0,0,0,0,0,0,0,0,0,0,0,0,0,0,0,1,0
01288956.png,0,0,0,0,0,0,0,0,0,0,1,0,0,0,0,0,0,0,0,0,1
01288969.png,10,0,0,0,0,0,0,0,0,0,1,1,0,0,0,0,0,0,0,0,1
01289122.png,0,0,0,0,0,0,1,0,0,0,0,0,0,0,0,0,0,0,1,0,1
01289259.png,10,0,0,0,0,0,0,0,0,0,1,1,0,0,0,0,0,0,0,0,1
01289605.png,10,0,0,0,0,0,0,0,0,0,0,0,0,0,0,0,0,0,0,1,0
01289663.png,0,0,0,0,0,0,0,0,0,0,0,0,0,0,0,0,0,0,0,1,0
01289848.png,20,1,0,1,0,0,1,0,0,0,0,0,0,0,0,0,0,0,0,0,1
01289961.png,0,0,0,0,0,0,0,0,0,0,0,0,0,0,0,0,0,0,0,1,0
01290090.png,0,0,0,0,0,0,0,0,0,0,0,0,0,0,0,0,0,0,0,1,0
01290149.png,10,1,0,0,0,0,0,0,0,0,0,0,0,0,0,0,0,0,0,0,0
01290163.png,20,0,0,0,0,0,0,0,0,0,0,0,0,0,0,0,0,0,0,1,0
01290370.png,0,0,0,0,0,0,0,0,0,0,0,0,0,0,0,0,0,0,0,1,0
01290395.png,0,0,0,0,0,0,0,0,0,0,0,0,0,0,0,0,0,0,0,1,0
01290533.png,0,0,1,1,0,0,0,0,0,0,0,1,0,0,0,0,0,0,0,0,1
01290585.png,0,1,0,1,0,0,1,0,0,0,0,0,0,0,0,0,0,0,1,0,1
01290742.png,30,1,0,0,0,0,0,0,0,0,0,0,0,0,0,0,0,0,0,0,0
01290812.png,100,0,0,0,0,0,0,0,0,0,0,0,0,0,0,0,0,0,0,1,0
01290817.png,30,0,0,0,0,0,0,0,0,0,0,0,0,0,0,0,0,0,0,1,0
01291127.png,0,0,0,0,0,0,0,0,0,0,0,0,0,0,0,0,0,0,0,1,0
01291154.png,10,0,0,0,0,0,0,0,0,0,0,0,0,0,0,0,0,0,0,1,0
01291294.png,0,1,0,0,0,0,0,0,0,0,0,0,0,0,0,0,0,0,0,0,0
01291479.png,0,0,0,0,0,0,0,0,0,0,0,0,0,0,0,0,0,0,0,1,0
01291582.png,0,0,1,0,0,0,0,0,0,0,0,0,0,0,0,0,0,0,0,0,1
01291808.png,0,0,0,0,0,0,0,0,0,0,0,0,0,0,0,0,0,0,0,1,0
01291892.png,10,1,0,0,0,0,0,0,0,0,0,0,0,0,0,0,0,0,0,0,0
01291926.png,10,0,0,0,0,0,1,0,0,0,0,0,0,0,0,0,0,0,0,0,1
01292095.png,0,0,0,0,0,0,0,0,0,0,0,0,0,0,0,0,0,0,0,1,0
01292104.png,0,0,0,0,0,0,0,0,0,0,0,0,0,0,0,0,0,0,0,1,0
01292120.png,10,0,0,0,0,0,0,0,0,0,0,0,0,0,0,0,0,0,0,1,0
01292166.png,10,0,0,0,0,0,0,0,0,0,0,0,0,0,0,0,0,0,0,1,0
01292181.png,0,0,0,0,0,1,1,0,0,0,0,0,0,0,0,0,0,0,0,0,1
01292333.png,10,0,0,0,0,0,0,0,0,0,0,0,0,0,0,0,0,0,0,1,0
01292554.png,20,0,0,0,0,0,0,0,0,0,0,0,0,0,0,0,0,0,0,1,0
01292617.png,10,0,0,0,0,0,0,0,0,0,0,0,0,0,0,0,0,0,0,1,0
01292639.png,20,0,0,0,0,0,1,0,0,0,1,0,0,0,0,0,0,0,0,0,1
01293010.png,10,0,0,0,0,0,0,0,0,0,0,0,0,0,0,0,0,0,0,1,0
01293031.png,10,0,0,0,0,0,0,0,0,0,0,0,0,0,0,0,0,0,0,1,0
01293112.png,10,0,0,0,0,0,0,0,0,0,0,0,0,0,0,0,0,0,0,1,0
01293261.png,20,0,0,0,0,0,0,0,0,0,0,0,0,0,0,0,0,0,0,1,0
01293348.png,10,0,0,0,0,0,0,0,0,0,0,0,0,0,0,0,0,0,0,1,0
01293358.png,10,0,0,0,0,0,0,0,0,0,0,0,0,0,0,0,0,0,0,1,0
01293384.png,10,0,0,0,0,0,0,0,0,0,0,0,0,0,0,0,0,0,0,1,0
01293408.png,20,1,0,0,0,0,0,0,0,0,0,0,0,0,0,0,0,0,0,0,0
01293471.png,20,0,0,0,0,0,0,0,0,0,0,0,0,0,0,0,0,0,0,1,0
01294032.png,0,0,0,0,0,0,0,0,0,0,0,0,0,0,0,0,0,0,0,1,0
01294059.png,0,0,0,0,0,0,0,0,0,0,0,0,0,0,0,0,0,0,0,1,0
01294169.png,0,0,0,0,0,0,0,0,0,0,0,0,0,0,0,0,0,0,0,1,0
01294232.png,0,0,0,0,0,0,0,0,0,0,0,0,0,0,0,0,0,0,0,1,0
01294462.png,10,0,0,0,0,0,0,0,0,0,0,0,0,0,0,0,0,0,0,1,0
01294752.png,10,0,0,0,0,0,0,0,0,0,0,0,0,0,0,0,0,0,0,1,0
01294775.png,0,0,0,0,0,0,1,0,0,0,0,1,0,0,0,0,0,0,0,0,1
01294987.png,0,0,0,0,0,0,0,0,0,0,0,0,0,0,0,0,0,0,1,0,1
01295171.png,0,0,0,0,0,0,1,0,0,0,0,1,0,0,0,0,0,0,1,0,1
01295236.png,10,0,0,0,0,0,0,0,0,0,0,0,0,0,0,0,0,0,0,1,0
01295255.png,0,0,0,0,0,0,0,0,0,0,0,0,0,0,0,0,0,0,0,1,0
01295315.png,0,0,0,0,0,0,0,0,0,0,0,0,0,0,0,0,0,0,0,1,0
01295356.png,10,1,0,0,0,0,0,0,0,0,0,1,0,1,0,0,0,0,0,0,1
01295366.png,10,0,0,1,0,0,1,0,0,0,0,1,0,0,0,0,0,0,0,0,1
01295645.png,0,1,0,1,0,0,1,0,0,0,1,0,0,0,0,0,0,0,0,0,1
01296075.png,10,0,0,0,0,0,0,0,0,0,0,0,0,0,0,0,0,0,0,1,0
01296370.png,0,0,0,0,0,0,0,0,0,0,0,0,0,0,0,0,0,0,0,1,0
01296404.png,0,0,0,0,0,0,0,0,0,0,0,0,0,0,0,0,0,0,0,1,0
01296430.png,0,0,0,0,0,0,0,0,0,0,0,0,0,0,0,0,0,0,0,1,0
01296503.png,0,0,0,0,0,0,0,0,0,0,0,0,0,0,0,0,0,0,0,1,0
01296574.png,10,1,0,0,0,1,0,0,0,0,0,0,0,0,0,0,0,0,0,0,1
01296833.png,10,0,0,1,0,0,1,0,1,0,0,1,0,0,0,0,0,0,0,0,1
01296836.png,20,1,0,1,0,0,1,0,0,0,0,0,0,0,0,0,0,0,0,0,1
01296915.png,30,1,0,0,0,0,1,0,0,0,0,0,0,0,0,0,0,0,0,0,1
01296941.png,10,0,0,1,0,0,1,0,0,0,0,0,0,0,1,0,0,0,0,0,1
01296950.png,10,0,1,1,0,0,1,0,0,0,0,0,0,1,1,0,0,0,0,0,1
01297114.png,20,1,0,1,0,0,0,0,1,0,0,0,0,0,0,0,0,0,0,0,1
01297317.png,10,1,0,0,0,0,0,0,0,0,0,0,0,0,0,0,0,0,0,0,0
01297395.png,0,1,0,1,0,0,0,0,0,0,0,0,0,0,0,0,0,0,0,0,1
01297492.png,20,0,0,1,0,0,1,0,0,0,0,0,0,0,0,0,0,0,0,0,1
01297566.png,50,1,0,1,0,0,0,0,0,0,0,0,0,0,0,0,0,0,1,0,1
01297612.png,10,0,0,0,0,0,0,0,0,0,0,0,0,0,0,0,0,0,0,1,0
01297664.png,20,0,0,0,0,0,0,0,0,0,0,0,0,0,0,0,0,0,0,1,0
01297673.png,10,0,0,0,0,0,0,0,0,0,0,0,0,0,0,0,0,0,0,1,0
01297848.png,0,1,0,1,0,0,1,0,0,0,0,0,0,0,1,0,0,0,0,0,1
01297878.png,10,0,0,1,0,0,1,0,0,0,0,0,0,0,0,0,0,0,0,0,1
01297959.png,10,0,0,0,0,0,0,0,0,0,0,0,0,0,0,0,0,0,0,1,0
01298112.png,10,0,0,0,0,0,0,0,0,0,0,0,0,0,0,0,0,0,0,1,0
01298246.png,0,0,0,0,0,0,0,0,0,0,0,0,0,0,0,0,0,0,0,1,0
01298266.png,10,0,0,0,0,0,0,0,0,0,0,0,0,0,0,0,0,0,0,1,0
01298337.png,10,0,0,0,0,0,0,0,0,0,0,0,0,0,0,0,0,0,0,1,0
01298726.png,0,0,0,0,0,0,0,0,0,0,0,0,0,0,0,0,0,0,0,1,0
01298746.png,10,0,0,0,0,0,0,0,0,0,0,0,0,0,0,0,0,0,0,1,0
01298783.png,0,0,0,0,0,0,0,0,0,0,0,0,0,0,0,0,0,0,0,1,0
01299090.png,20,0,0,0,0,0,0,0,0,0,0,0,0,0,0,0,0,0,0,1,0
01299102.png,20,0,0,0,0,0,0,0,0,0,0,0,0,0,0,0,0,0,0,1,0
01299139.png,10,0,0,0,0,0,0,0,0,0,0,0,0,0,0,0,0,0,0,1,0
01299171.png,10,0,0,0,0,0,0,0,0,0,0,0,0,0,0,0,0,0,0,1,0
01299306.png,0,1,0,0,0,0,0,0,0,0,0,0,0,0,0,0,0,0,0,0,0
01299408.png,0,0,0,0,0,0,0,0,0,0,0,0,0,0,0,0,0,0,0,1,0
01299413.png,0,0,0,0,0,0,0,0,0,0,0,0,0,0,0,0,0,0,0,1,0
01299455.png,10,0,0,0,0,0,0,0,0,0,0,0,0,0,0,0,0,0,0,1,0
01299832.png,10,0,0,0,0,0,0,0,0,0,1,0,0,0,0,0,0,0,0,0,1
01299877.png,10,0,0,0,0,0,0,0,0,0,0,0,0,0,0,0,0,0,0,1,0
01299891.png,10,0,0,0,0,0,0,0,0,0,0,0,0,0,0,0,0,0,0,1,0
01300137.png,10,0,0,0,0,0,0,0,0,0,0,0,0,1,0,0,0,0,0,0,1
01300153.png,10,0,0,0,0,0,0,0,0,0,0,0,0,0,0,0,0,0,0,1,0
